69 6d 70 6f 72 74 20 7b  20 75 73 65 45 66 66 65
63 74 2c 20 75 73 65 4d  65 6d 6f 2c 20 75 73 65
53 74 61 74 65 20 7d 20  66 72 6f 6d 20 27 72 65
61 63 74 27 3b 0a 69 6d  70 6f 72 74 20 74 79 70
65 20 7b 20 43 53 53 50  72 6f 70 65 72 74 69 65
73 2c 20 4b 65 79 62 6f  61 72 64 45 76 65 6e 74
20 7d 20 66 72 6f 6d 20  27 72 65 61 63 74 27 3b
0a 69 6d 70 6f 72 74 20  7b 20 43 61 6e 63 65 6c
4e 4c 53 6b 69 6c 6c 52  75 6e 2c 20 44 6f 77 6e
6c 6f 61 64 53 6b 69 6c  6c 52 75 6e 41 72 74 69
66 61 63 74 2c 20 47 65  74 4d 49 53 44 61 74 61
43 6f 6e 66 69 67 2c 20  47 65 74 4e 4c 53 6b 69
6c 6c 52 75 6e 53 74 61  74 75 73 2c 20 4c 69 73
74 4e 4c 53 6b 69 6c 6c  73 2c 20 4c 69 73 74 53
6b 69 6c 6c 41 70 70 4d  61 6e 69 66 65 73 74 73
2c 20 4f 70 65 6e 46 69  6c 65 4f 72 53 68 6f 77
49 6e 46 6f 6c 64 65 72  2c 20 50 6c 61 6e 4d 61
63 6c 61 77 41 70 70 49  6e 73 74 61 6c 6c 2c 20
4f 70 65 6e 53 6b 69 6c  6c 52 75 6e 41 72 74 69
66 61 63 74 2c 20 52 65  63 6f 72 64 4d 61 63 6c
61 77 41 70 70 52 75 6e  45 76 69 64 65 6e 63 65
46 6f 72 53 6b 69 6c 6c  2c 20 52 65 76 65 61 6c
53 6b 69 6c 6c 52 75 6e  41 72 74 69 66 61 63 74
2c 20 52 75 6e 4e 4c 53  6b 69 6c 6c 41 73 79 6e
63 2c 20 53 61 76 65 4d  61 63 6c 61 77 41 70 70
44 65 66 69 6e 69 74 69  6f 6e 46 6f 72 53 6b 69
6c 6c 2c 20 53 68 6f 77  49 74 65 6d 49 6e 46 6f
6c 64 65 72 2c 20 53 74  61 67 65 53 6b 69 6c 6c
41 70 70 49 6e 70 75 74  46 69 6c 65 2c 20 55 70
6c 6f 61 64 4e 4c 53 6b  69 6c 6c 54 6f 4d 61 72
6b 65 74 20 7d 20 66 72  6f 6d 20 27 2e 2e 2f 2e
2e 2f 2e 2e 2f 77 61 69  6c 73 6a 73 2f 67 6f 2f
6d 61 69 6e 2f 41 70 70  27 3b 0a 69 6d 70 6f 72
74 20 27 2e 2f 41 70 70  73 50 61 67 65 2e 63 73
73 27 3b 0a 0a 74 79 70  65 20 41 70 70 4b 69 6e
64 20 3d 20 27 65 6e 74  65 72 70 72 69 73 65 5f
61 70 70 72 6f 76 61 6c  5f 61 70 70 27 20 7c 20
27 65 6e 74 65 72 70 72  69 73 65 5f 6e 6f 72 6d
61 6c 5f 61 70 70 27 20  7c 20 27 74 6f 6f 6c 5f
61 70 70 27 20 7c 20 27  61 75 74 6f 6d 61 74 69
6f 6e 5f 61 70 70 27 3b  0a 74 79 70 65 20 53 74
75 64 69 6f 54 61 62 20  3d 20 27 63 72 65 61 74
65 27 20 7c 20 27 6d 61  6e 61 67 65 27 20 7c 20
27 6d 61 72 6b 65 74 27  20 7c 20 27 70 75 62 6c
69 73 68 27 3b 0a 74 79  70 65 20 41 70 70 4d 6f
76 65 54 61 72 67 65 74  20 3d 20 2d 31 20 7c 20
31 20 7c 20 27 74 6f 70  27 20 7c 20 27 62 6f 74
74 6f 6d 27 3b 0a 0a 74  79 70 65 20 41 70 70 45
6e 74 72 79 20 3d 20 7b  0a 20 20 20 20 69 64 3a
20 73 74 72 69 6e 67 3b  0a 20 20 20 20 6e 61 6d
65 3a 20 73 74 72 69 6e  67 3b 0a 20 20 20 20 64
65 73 63 72 69 70 74 69  6f 6e 3a 20 73 74 72 69
6e 67 3b 0a 20 20 20 20  63 61 74 65 67 6f 72 79
3a 20 73 74 72 69 6e 67  3b 0a 20 20 20 20 6b 69
6e 64 3a 20 41 70 70 4b  69 6e 64 3b 0a 20 20 20
20 69 63 6f 6e 3a 20 41  70 70 49 63 6f 6e 4e 61
6d 65 3b 0a 20 20 20 20  61 63 63 65 6e 74 3a 20
73 74 72 69 6e 67 3b 0a  20 20 20 20 70 69 6e 6e
65 64 3f 3a 20 62 6f 6f  6c 65 61 6e 3b 0a 20 20
20 20 72 65 63 65 6e 74  55 73 65 64 41 74 3f 3a
20 73 74 72 69 6e 67 3b  0a 20 20 20 20 76 65 72
73 69 6f 6e 3f 3a 20 6e  75 6d 62 65 72 3b 0a 20
20 20 20 73 6f 75 72 63  65 3a 20 27 62 75 69 6c
74 69 6e 27 20 7c 20 27  73 6b 69 6c 6c 27 20 7c
20 27 64 61 74 61 73 72  76 27 20 7c 20 27 6d 61
72 6b 65 74 27 20 7c 20  27 6c 6f 63 61 6c 27 3b
0a 20 20 20 20 6d 61 6e  69 66 65 73 74 3f 3a 20
41 70 70 4d 61 6e 69 66  65 73 74 42 69 6e 64 69
6e 67 3b 0a 7d 3b 0a 0a  74 79 70 65 20 41 70 70
49 63 6f 6e 4e 61 6d 65  20 3d 20 27 72 65 63 65
69 70 74 27 20 7c 20 27  77 61 6c 6c 65 74 27 20
7c 20 27 69 6e 76 6f 69  63 65 27 20 7c 20 27 77
61 72 65 68 6f 75 73 65  27 20 7c 20 27 69 6e 76
65 6e 74 6f 72 79 27 20  7c 20 27 63 75 73 74 6f
6d 65 72 27 20 7c 20 27  75 73 65 72 73 27 20 7c
20 27 63 6f 6e 74 72 61  63 74 27 20 7c 20 27 70
64 66 27 20 7c 20 27 73  68 69 65 6c 64 27 20 7c
20 27 73 68 65 65 74 27  20 7c 20 27 63 68 61 72
74 27 20 7c 20 27 64 61  73 68 62 6f 61 72 64 27
20 7c 20 27 64 61 74 61  62 61 73 65 27 20 7c 20
27 65 72 61 73 65 72 27  20 7c 20 27 74 72 75 63
6b 27 20 7c 20 27 63 61  6c 65 6e 64 61 72 27 20
7c 20 27 77 65 62 27 20  7c 20 27 73 79 6e 63 27
20 7c 20 27 62 6f 74 27  3b 0a 0a 74 79 70 65 20
41 70 70 73 50 61 67 65  50 72 6f 70 73 20 3d 20
7b 0a 20 20 20 20 6c 61  6e 67 3f 3a 20 73 74 72
69 6e 67 3b 0a 7d 3b 0a  74 79 70 65 20 41 70 70
53 6b 69 6c 6c 44 65 70  65 6e 64 65 6e 63 79 20
3d 20 7b 0a 20 20 20 20  69 64 3a 20 73 74 72 69
6e 67 3b 0a 20 20 20 20  76 65 72 73 69 6f 6e 3f
3a 20 73 74 72 69 6e 67  3b 0a 20 20 20 20 6b 69
6e 64 3f 3a 20 27 72 75  6e 74 69 6d 65 5f 73 6b
69 6c 6c 27 20 7c 20 27  77 6f 72 6b 66 6c 6f 77
5f 73 6b 69 6c 6c 27 20  7c 20 27 75 69 5f 63 6f
6d 70 6f 6e 65 6e 74 5f  73 6b 69 6c 6c 27 20 7c
20 27 63 6f 6e 6e 65 63  74 6f 72 5f 73 6b 69 6c
6c 27 20 7c 20 27 70 6f  6c 69 63 79 5f 73 6b 69
6c 6c 27 3b 0a 20 20 20  20 72 65 71 75 69 72 65
64 3f 3a 20 62 6f 6f 6c  65 61 6e 3b 0a 20 20 20
20 73 6f 75 72 63 65 3f  3a 20 27 6c 6f 63 61 6c
27 20 7c 20 27 68 75 62  27 20 7c 20 27 6d 61 72
6b 65 74 27 20 7c 20 27  62 75 69 6c 74 69 6e 27
3b 0a 20 20 20 20 63 61  70 61 62 69 6c 69 74 69
65 73 3f 3a 20 73 74 72  69 6e 67 5b 5d 3b 0a 7d
3b 0a 74 79 70 65 20 42  61 63 6b 65 6e 64 41 70
70 49 6e 73 74 61 6c 6c  44 65 70 65 6e 64 65 6e
63 79 20 3d 20 7b 0a 20  20 20 20 69 64 3a 20 73
74 72 69 6e 67 3b 0a 20  20 20 20 76 65 72 73 69
6f 6e 3f 3a 20 73 74 72  69 6e 67 3b 0a 20 20 20
20 6b 69 6e 64 3f 3a 20  73 74 72 69 6e 67 3b 0a
20 20 20 20 72 65 71 75  69 72 65 64 3f 3a 20 62
6f 6f 6c 65 61 6e 3b 0a  20 20 20 20 73 6f 75 72
63 65 3f 3a 20 73 74 72  69 6e 67 3b 0a 20 20 20
20 61 70 70 5f 69 64 73  3f 3a 20 73 74 72 69 6e
67 5b 5d 3b 0a 20 20 20  20 69 6e 73 74 61 6c 6c
65 64 3f 3a 20 62 6f 6f  6c 65 61 6e 3b 0a 20 20
20 20 69 6e 73 74 61 6c  6c 65 64 5f 6e 61 6d 65
3f 3a 20 73 74 72 69 6e  67 3b 0a 20 20 20 20 69
6e 73 74 61 6c 6c 65 64  5f 64 69 72 3f 3a 20 73
74 72 69 6e 67 3b 0a 20  20 20 20 61 63 74 69 6f
6e 3f 3a 20 27 73 6b 69  70 27 20 7c 20 27 62 6c
6f 63 6b 65 64 27 20 7c  20 27 6f 70 74 69 6f 6e
61 6c 5f 6d 69 73 73 69  6e 67 27 20 7c 20 73 74
72 69 6e 67 3b 0a 20 20  20 20 6d 65 73 73 61 67
65 3f 3a 20 73 74 72 69  6e 67 3b 0a 7d 3b 0a 0a
74 79 70 65 20 42 61 63  6b 65 6e 64 41 70 70 49
6e 73 74 61 6c 6c 50 6c  61 6e 20 3d 20 7b 0a 20
20 20 20 73 63 68 65 6d  61 3f 3a 20 73 74 72 69
6e 67 3b 0a 20 20 20 20  61 70 70 73 3f 3a 20 41
72 72 61 79 3c 7b 20 69  64 3a 20 73 74 72 69 6e
67 3b 20 6e 61 6d 65 3f  3a 20 73 74 72 69 6e 67
3b 20 6b 69 6e 64 3f 3a  20 73 74 72 69 6e 67 3b
20 73 63 68 65 6d 61 3f  3a 20 73 74 72 69 6e 67
20 7d 3e 3b 0a 20 20 20  20 64 65 70 65 6e 64 65
6e 63 69 65 73 3f 3a 20  42 61 63 6b 65 6e 64 41
70 70 49 6e 73 74 61 6c  6c 44 65 70 65 6e 64 65
6e 63 79 5b 5d 3b 0a 20  20 20 20 68 61 73 5f 6d
69 73 73 69 6e 67 5f 72  65 71 75 69 72 65 64 3f
3a 20 62 6f 6f 6c 65 61  6e 3b 0a 7d 3b 0a 0a 74
79 70 65 20 41 70 70 57  6f 72 6b 73 70 61 63 65
4c 61 79 6f 75 74 20 3d  20 7b 0a 20 20 20 20 73
63 68 65 6d 61 3a 20 27  6d 61 63 6c 61 77 2e 61
70 70 2e 75 69 2e 76 31  27 3b 0a 20 20 20 20 67
65 6e 65 72 61 74 65 64  3f 3a 20 62 6f 6f 6c 65
61 6e 3b 0a 20 20 20 20  65 6e 74 72 79 3f 3a 20
73 74 72 69 6e 67 3b 0a  20 20 20 20 6c 61 79 6f
75 74 73 3f 3a 20 52 65  63 6f 72 64 3c 73 74 72
69 6e 67 2c 20 61 6e 79  3e 3b 0a 7d 3b 0a 0a 74
79 70 65 20 41 70 70 4d  61 6e 69 66 65 73 74 42
69 6e 64 69 6e 67 20 3d  20 7b 0a 20 20 20 20 73
63 68 65 6d 61 3a 20 27  6d 61 63 6c 61 77 2e 61
70 70 2e 76 31 27 3b 0a  20 20 20 20 69 6e 73 74
61 6c 6c 55 6e 69 74 3a  20 27 65 6e 74 65 72 70
72 69 73 65 5f 61 70 70  5f 70 61 63 6b 27 20 7c
20 27 73 6b 69 6c 6c 27  20 7c 20 27 6d 63 70 27
20 7c 20 27 62 75 69 6c  74 69 6e 27 3b 0a 20 20
20 20 70 72 69 76 61 74  65 4d 61 72 6b 65 72 3a
20 27 78 5f 6d 61 63 6c  61 77 5f 61 70 70 73 27
3b 0a 20 20 20 20 65 6e  74 72 79 4b 69 6e 64 3a
20 41 70 70 4b 69 6e 64  3b 0a 20 20 20 20 6c 61
75 6e 63 68 4d 6f 64 65  3a 20 27 61 67 65 6e 74
5f 64 79 6e 61 6d 69 63  5f 75 69 27 20 7c 20 27
66 69 78 65 64 5f 73 6b  69 6c 6c 5f 75 69 27 20
7c 20 27 61 75 74 6f 6d  61 74 69 6f 6e 5f 63 6f
6e 73 6f 6c 65 27 3b 0a  20 20 20 20 61 70 70 53
6b 69 6c 6c 3f 3a 20 7b  0a 20 20 20 20 20 20 20
20 69 64 3a 20 73 74 72  69 6e 67 3b 0a 20 20 20
20 20 20 20 20 76 65 72  73 69 6f 6e 3f 3a 20 73
74 72 69 6e 67 3b 0a 20  20 20 20 7d 3b 0a 20 20
20 20 64 65 70 65 6e 64  65 6e 63 69 65 73 3f 3a
20 7b 0a 20 20 20 20 20  20 20 20 73 6b 69 6c 6c
73 3f 3a 20 41 70 70 53  6b 69 6c 6c 44 65 70 65
6e 64 65 6e 63 79 5b 5d  3b 0a 20 20 20 20 7d 3b
0a 20 20 20 20 75 69 3f  3a 20 41 70 70 57 6f 72
6b 73 70 61 63 65 4c 61  79 6f 75 74 3b 0a 20 20
20 20 64 61 74 61 73 72  76 3f 3a 20 7b 0a 20 20
20 20 20 20 20 20 64 6f  6d 61 69 6e 3a 20 73 74
72 69 6e 67 3b 0a 20 20  20 20 20 20 20 20 70 72
65 66 65 72 72 65 64 41  63 74 69 6f 6e 3f 3a 20
73 74 72 69 6e 67 3b 0a  20 20 20 20 20 20 20 20
70 72 65 66 65 72 72 65  64 56 69 65 77 3f 3a 20
73 74 72 69 6e 67 3b 0a  20 20 20 20 20 20 20 20
70 72 65 66 65 72 72 65  64 52 65 70 6f 72 74 3f
3a 20 73 74 72 69 6e 67  3b 0a 20 20 20 20 20 20
20 20 70 72 65 66 65 72  72 65 64 44 61 73 68 62
6f 61 72 64 3f 3a 20 73  74 72 69 6e 67 3b 0a 20
20 20 20 7d 3b 0a 20 20  20 20 73 6b 69 6c 6c 3f
3a 20 7b 0a 20 20 20 20  20 20 20 20 69 64 3a 20
73 74 72 69 6e 67 3b 0a  20 20 20 20 20 20 20 20
61 70 70 44 65 66 69 6e  69 74 69 6f 6e 46 69 6c
65 3a 20 73 74 72 69 6e  67 3b 0a 20 20 20 20 20
20 20 20 69 6e 70 75 74  4d 6f 64 65 3a 20 27 66
69 6c 65 27 20 7c 20 27  66 6f 72 6d 27 20 7c 20
27 6d 69 78 65 64 27 3b  0a 20 20 20 20 20 20 20
20 6d 75 6c 74 69 70 6c  65 46 69 6c 65 73 3f 3a
20 62 6f 6f 6c 65 61 6e  3b 0a 20 20 20 20 20 20
20 20 6f 75 74 70 75 74  4d 6f 64 65 73 3f 3a 20
73 74 72 69 6e 67 5b 5d  3b 0a 20 20 20 20 20 20
20 20 66 69 65 6c 64 73  3f 3a 20 53 6b 69 6c 6c
41 70 70 46 69 65 6c 64  5b 5d 3b 0a 20 20 20 20
7d 3b 0a 7d 3b 0a 0a 74  79 70 65 20 53 6b 69 6c
6c 41 70 70 46 69 65 6c  64 20 3d 20 7b 0a 20 20
20 20 6e 61 6d 65 3a 20  73 74 72 69 6e 67 3b 0a
20 20 20 20 6c 61 62 65  6c 3f 3a 20 73 74 72 69
6e 67 3b 0a 20 20 20 20  74 79 70 65 3f 3a 20 27
74 65 78 74 27 20 7c 20  27 73 65 6c 65 63 74 27
20 7c 20 27 62 6f 6f 6c  65 61 6e 27 3b 0a 20 20
20 20 72 65 71 75 69 72  65 64 3f 3a 20 62 6f 6f
6c 65 61 6e 3b 0a 20 20  20 20 64 65 66 61 75 6c
74 3f 3a 20 73 74 72 69  6e 67 20 7c 20 62 6f 6f
6c 65 61 6e 3b 0a 20 20  20 20 6f 70 74 69 6f 6e
73 3f 3a 20 73 74 72 69  6e 67 5b 5d 3b 0a 7d 3b
0a 0a 74 79 70 65 20 53  6b 69 6c 6c 52 75 6e 53
74 61 74 75 73 56 69 65  77 20 3d 20 7b 0a 20 20
20 20 72 75 6e 5f 69 64  3f 3a 20 73 74 72 69 6e
67 3b 0a 20 20 20 20 65  78 70 65 63 74 65 64 5f
61 72 74 69 66 61 63 74  3f 3a 20 62 6f 6f 6c 65
61 6e 3b 0a 20 20 20 20  74 6f 74 61 6c 5f 73 74
65 70 73 3f 3a 20 6e 75  6d 62 65 72 3b 0a 20 20
20 20 66 61 69 6c 65 64  5f 73 74 65 70 73 3f 3a
20 6e 75 6d 62 65 72 3b  0a 20 20 20 20 73 6b 69
70 70 65 64 5f 73 74 65  70 73 3f 3a 20 6e 75 6d
62 65 72 3b 0a 20 20 20  20 73 74 65 70 73 3f 3a
20 53 6b 69 6c 6c 52 75  6e 53 74 65 70 56 69 65
77 5b 5d 3b 0a 20 20 20  20 73 74 61 74 75 73 3f
3a 20 73 74 72 69 6e 67  3b 0a 20 20 20 20 65 72
72 6f 72 3f 3a 20 73 74  72 69 6e 67 3b 0a 20 20
20 20 73 75 6d 6d 61 72  79 3f 3a 20 7b 0a 20 20
20 20 20 20 20 20 63 75  72 72 65 6e 74 5f 73 74
65 70 3f 3a 20 73 74 72  69 6e 67 3b 0a 20 20 20
20 20 20 20 20 63 75 72  72 65 6e 74 5f 73 74 65
70 5f 73 74 61 74 75 73  3f 3a 20 73 74 72 69 6e
67 3b 0a 20 20 20 20 20  20 20 20 6c 61 73 74 5f
63 6f 6d 70 6c 65 74 65  64 5f 73 74 65 70 3f 3a
20 73 74 72 69 6e 67 3b  0a 20 20 20 20 20 20 20
20 6c 61 73 74 5f 6f 75  74 70 75 74 5f 73 6e 69
70 70 65 74 3f 3a 20 73  74 72 69 6e 67 3b 0a 20
20 20 20 20 20 20 20 6c  61 73 74 5f 65 72 72 6f
72 5f 73 6e 69 70 70 65  74 3f 3a 20 73 74 72 69
6e 67 3b 0a 20 20 20 20  20 20 20 20 61 72 74 69
66 61 63 74 5f 70 61 74  68 3f 3a 20 73 74 72 69
6e 67 3b 0a 20 20 20 20  20 20 20 20 61 72 74 69
66 61 63 74 5f 73 74 61  74 75 73 3f 3a 20 73 74
72 69 6e 67 3b 0a 20 20  20 20 20 20 20 20 61 72
74 69 66 61 63 74 73 3f  3a 20 53 6b 69 6c 6c 52
75 6e 41 72 74 69 66 61  63 74 56 69 65 77 5b 5d
3b 0a 20 20 20 20 20 20  20 20 6f 75 74 70 75 74
5f 62 6c 6f 63 6b 73 3f  3a 20 53 6b 69 6c 6c 52
75 6e 4f 75 74 70 75 74  42 6c 6f 63 6b 56 69 65
77 5b 5d 3b 0a 20 20 20  20 20 20 20 20 6e 65 65
64 73 5f 61 72 74 69 66  61 63 74 5f 76 65 72 69
66 69 63 61 74 69 6f 6e  3f 3a 20 62 6f 6f 6c 65
61 6e 3b 0a 20 20 20 20  7d 3b 0a 20 20 20 20 61
72 74 69 66 61 63 74 73  3f 3a 20 53 6b 69 6c 6c
52 75 6e 41 72 74 69 66  61 63 74 56 69 65 77 5b
5d 3b 0a 20 20 20 20 6f  75 74 70 75 74 73 3f 3a
20 53 6b 69 6c 6c 52 75  6e 4f 75 74 70 75 74 42
6c 6f 63 6b 56 69 65 77  5b 5d 3b 0a 20 20 20 20
73 65 73 73 69 6f 6e 5f  70 72 6f 67 72 65 73 73
3f 3a 20 7b 0a 20 20 20  20 20 20 20 20 70 72 6f
67 72 65 73 73 5f 73 75  6d 6d 61 72 79 3f 3a 20
73 74 72 69 6e 67 3b 0a  20 20 20 20 20 20 20 20
63 75 72 72 65 6e 74 5f  74 61 73 6b 3f 3a 20 73
74 72 69 6e 67 3b 0a 20  20 20 20 20 20 20 20 6c
61 73 74 5f 72 65 73 75  6c 74 3f 3a 20 73 74 72
69 6e 67 3b 0a 20 20 20  20 20 20 20 20 77 61 69
74 69 6e 67 5f 66 6f 72  5f 75 73 65 72 3f 3a 20
62 6f 6f 6c 65 61 6e 3b  0a 20 20 20 20 7d 3b 0a
7d 3b 0a 0a 74 79 70 65  20 53 6b 69 6c 6c 52 75
6e 41 72 74 69 66 61 63  74 56 69 65 77 20 3d 20
7b 0a 20 20 20 20 69 64  3f 3a 20 73 74 72 69 6e
67 3b 0a 20 20 20 20 75  72 69 3f 3a 20 73 74 72
69 6e 67 3b 0a 20 20 20  20 6e 61 6d 65 3f 3a 20
73 74 72 69 6e 67 3b 0a  20 20 20 20 70 61 74 68
3f 3a 20 73 74 72 69 6e  67 3b 0a 20 20 20 20 6d
69 6d 65 5f 74 79 70 65  3f 3a 20 73 74 72 69 6e
67 3b 0a 20 20 20 20 73  69 7a 65 5f 62 79 74 65
73 3f 3a 20 6e 75 6d 62  65 72 3b 0a 20 20 20 20
72 65 6d 6f 74 65 5f 75  72 6c 3f 3a 20 73 74 72
69 6e 67 3b 0a 20 20 20  20 63 68 65 63 6b 73 75
6d 3f 3a 20 73 74 72 69  6e 67 3b 0a 20 20 20 20
64 6f 77 6e 6c 6f 61 64  5f 73 74 61 74 65 3f 3a
20 73 74 72 69 6e 67 3b  0a 20 20 20 20 73 74 61
74 75 73 3f 3a 20 73 74  72 69 6e 67 3b 0a 20 20
20 20 70 72 65 73 65 6e  74 61 74 69 6f 6e 3f 3a
20 73 74 72 69 6e 67 3b  0a 7d 3b 0a 0a 74 79 70
65 20 53 6b 69 6c 6c 52  75 6e 4f 75 74 70 75 74
42 6c 6f 63 6b 56 69 65  77 20 3d 20 7b 0a 20 20
20 20 69 64 3f 3a 20 73  74 72 69 6e 67 3b 0a 20
20 20 20 6b 69 6e 64 3f  3a 20 73 74 72 69 6e 67
3b 0a 20 20 20 20 74 69  74 6c 65 3f 3a 20 73 74
72 69 6e 67 3b 0a 20 20  20 20 74 65 78 74 3f 3a
20 73 74 72 69 6e 67 3b  0a 20 20 20 20 73 74 61
74 75 73 3f 3a 20 73 74  72 69 6e 67 3b 0a 20 20
20 20 61 72 74 69 66 61  63 74 5f 69 64 3f 3a 20
73 74 72 69 6e 67 3b 0a  20 20 20 20 61 72 74 69
66 61 63 74 3f 3a 20 53  6b 69 6c 6c 52 75 6e 41
72 74 69 66 61 63 74 56  69 65 77 3b 0a 7d 3b 0a
0a 74 79 70 65 20 53 6b  69 6c 6c 52 75 6e 53 74
65 70 56 69 65 77 20 3d  20 7b 0a 20 20 20 20 69
6e 64 65 78 3f 3a 20 6e  75 6d 62 65 72 3b 0a 20
20 20 20 6e 61 6d 65 3f  3a 20 73 74 72 69 6e 67
3b 0a 20 20 20 20 61 63  74 69 6f 6e 3f 3a 20 73
74 72 69 6e 67 3b 0a 20  20 20 20 73 74 61 74 75
73 3f 3a 20 73 74 72 69  6e 67 3b 0a 20 20 20 20
6f 75 74 70 75 74 3f 3a  20 73 74 72 69 6e 67 3b
0a 20 20 20 20 65 72 72  6f 72 3f 3a 20 73 74 72
69 6e 67 3b 0a 20 20 20  20 64 75 72 61 74 69 6f
6e 5f 6d 73 3f 3a 20 6e  75 6d 62 65 72 3b 0a 7d
3b 0a 0a 74 79 70 65 20  53 6b 69 6c 6c 41 70 70
53 74 61 67 65 64 46 69  6c 65 52 65 66 20 3d 20
7b 0a 20 20 20 20 6e 61  6d 65 3a 20 73 74 72 69
6e 67 3b 0a 20 20 20 20  73 69 7a 65 3a 20 6e 75
6d 62 65 72 3b 0a 20 20  20 20 74 79 70 65 3f 3a
20 73 74 72 69 6e 67 3b  0a 20 20 20 20 6c 61 73
74 5f 6d 6f 64 69 66 69  65 64 3f 3a 20 6e 75 6d
62 65 72 3b 0a 20 20 20  20 73 74 61 67 65 64 5f
70 61 74 68 3a 20 73 74  72 69 6e 67 3b 0a 20 20
20 20 74 72 61 6e 73 66  65 72 3a 20 27 73 74 61
67 65 64 5f 66 69 6c 65  27 3b 0a 7d 3b 0a 0a 74
79 70 65 20 41 70 70 52  75 6e 48 69 73 74 6f 72
79 45 6e 74 72 79 20 3d  20 7b 0a 20 20 20 20 72
75 6e 49 44 3a 20 73 74  72 69 6e 67 3b 0a 20 20
20 20 61 70 70 49 44 3a  20 73 74 72 69 6e 67 3b
0a 20 20 20 20 73 74 61  74 75 73 3a 20 27 64 6f
6e 65 27 20 7c 20 27 65  72 72 6f 72 27 20 7c 20
27 63 61 6e 63 65 6c 6c  65 64 27 3b 0a 20 20 20
20 64 65 66 69 6e 69 74  69 6f 6e 48 61 73 68 3f
3a 20 73 74 72 69 6e 67  3b 0a 20 20 20 20 6f 75
74 70 75 74 4d 6f 64 65  3a 20 73 74 72 69 6e 67
3b 0a 20 20 20 20 69 6e  70 75 74 53 75 6d 6d 61
72 79 3a 20 73 74 72 69  6e 67 3b 0a 20 20 20 20
6d 65 73 73 61 67 65 3a  20 73 74 72 69 6e 67 3b
0a 20 20 20 20 61 72 74  69 66 61 63 74 49 44 3f
3a 20 73 74 72 69 6e 67  3b 0a 20 20 20 20 61 72
74 69 66 61 63 74 55 52  49 3f 3a 20 73 74 72 69
6e 67 3b 0a 20 20 20 20  61 72 74 69 66 61 63 74
4e 61 6d 65 3f 3a 20 73  74 72 69 6e 67 3b 0a 20
20 20 20 61 72 74 69 66  61 63 74 50 61 74 68 3f
3a 20 73 74 72 69 6e 67  3b 0a 20 20 20 20 61 72
74 69 66 61 63 74 44 6f  77 6e 6c 6f 61 64 53 74
61 74 65 3f 3a 20 73 74  72 69 6e 67 3b 0a 20 20
20 20 61 74 3a 20 73 74  72 69 6e 67 3b 0a 7d 3b
0a 0a 74 79 70 65 20 41  70 70 4c 61 79 6f 75 74
53 74 61 74 65 20 3d 20  7b 0a 20 20 20 20 6f 72
64 65 72 65 64 49 64 73  3f 3a 20 73 74 72 69 6e
67 5b 5d 3b 0a 20 20 20  20 70 69 6e 6e 65 64 49
64 73 3f 3a 20 73 74 72  69 6e 67 5b 5d 3b 0a 20
20 20 20 68 69 64 64 65  6e 49 64 73 3f 3a 20 73
74 72 69 6e 67 5b 5d 3b  0a 20 20 20 20 65 64 69
74 65 64 41 70 70 73 3f  3a 20 41 70 70 45 6e 74
72 79 5b 5d 3b 0a 20 20  20 20 63 75 73 74 6f 6d
41 70 70 73 3f 3a 20 41  70 70 45 6e 74 72 79 5b
5d 3b 0a 20 20 20 20 72  65 63 65 6e 74 55 73 65
64 41 74 42 79 49 64 3f  3a 20 52 65 63 6f 72 64
3c 73 74 72 69 6e 67 2c  20 73 74 72 69 6e 67 3e
3b 0a 7d 3b 0a 0a 74 79  70 65 20 41 70 70 50 75
62 6c 69 73 68 53 74 61  74 75 73 20 3d 20 27 73
75 62 6d 69 74 74 65 64  27 20 7c 20 27 72 65 76
69 65 77 5f 66 61 69 6c  65 64 27 20 7c 20 27 61
70 70 72 6f 76 65 64 27  20 7c 20 27 70 75 62 6c
69 73 68 65 64 27 20 7c  20 27 64 65 70 72 65 63
61 74 65 64 27 20 7c 20  27 72 65 76 6f 6b 65 64
27 3b 0a 0a 74 79 70 65  20 41 70 70 52 65 76 69
65 77 49 73 73 75 65 20  3d 20 7b 0a 20 20 20 20
70 61 74 68 3f 3a 20 73  74 72 69 6e 67 3b 0a 20
20 20 20 73 65 76 65 72  69 74 79 3f 3a 20 73 74
72 69 6e 67 3b 0a 20 20  20 20 6d 65 73 73 61 67
65 3a 20 73 74 72 69 6e  67 3b 0a 20 20 20 20 73
75 67 67 65 73 74 69 6f  6e 3f 3a 20 73 74 72 69
6e 67 3b 0a 7d 3b 0a 0a  74 79 70 65 20 41 70 70
49 6e 73 74 61 6c 6c 52  65 73 75 6c 74 49 74 65
6d 20 3d 20 7b 0a 20 20  20 20 6b 65 79 3a 20 73
74 72 69 6e 67 3b 0a 20  20 20 20 6e 61 6d 65 3a
20 73 74 72 69 6e 67 3b  0a 20 20 20 20 69 63 6f
6e 3a 20 41 70 70 49 63  6f 6e 4e 61 6d 65 3b 0a
20 20 20 20 61 63 63 65  6e 74 3a 20 73 74 72 69
6e 67 3b 0a 20 20 20 20  61 63 74 69 6f 6e 3a 20
27 69 6e 73 74 61 6c 6c  65 64 27 20 7c 20 27 75
70 67 72 61 64 65 64 27  20 7c 20 27 73 6b 69 70
70 65 64 27 3b 0a 20 20  20 20 64 65 74 61 69 6c
3a 20 73 74 72 69 6e 67  3b 0a 7d 3b 0a 0a 74 79
70 65 20 41 70 70 50 75  62 6c 69 73 68 53 75 62
6d 69 73 73 69 6f 6e 20  3d 20 7b 0a 20 20 20 20
69 64 3a 20 73 74 72 69  6e 67 3b 0a 20 20 20 20
61 70 70 49 44 3a 20 73  74 72 69 6e 67 3b 0a 20
20 20 20 73 75 62 6d 69  74 74 65 64 41 74 3a 20
73 74 72 69 6e 67 3b 0a  20 20 20 20 73 74 61 74
75 73 3a 20 41 70 70 50  75 62 6c 69 73 68 53 74
61 74 75 73 3b 0a 20 20  20 20 63 68 61 6e 6e 65
6c 3f 3a 20 27 6c 6f 63  61 6c 27 20 7c 20 27 68
75 62 27 3b 0a 20 20 20  20 72 65 76 69 65 77 65
64 41 74 3f 3a 20 73 74  72 69 6e 67 3b 0a 20 20
20 20 70 75 62 6c 69 73  68 65 64 41 74 3f 3a 20
73 74 72 69 6e 67 3b 0a  20 20 20 20 72 65 76 69
65 77 65 72 3f 3a 20 73  74 72 69 6e 67 3b 0a 20
20 20 20 72 69 73 6b 4c  65 76 65 6c 3f 3a 20 73
74 72 69 6e 67 3b 0a 20  20 20 20 61 70 70 72 6f
76 65 64 53 63 6f 70 65  73 3f 3a 20 73 74 72 69
6e 67 5b 5d 3b 0a 20 20  20 20 72 65 76 69 65 77
49 73 73 75 65 73 3f 3a  20 41 70 70 52 65 76 69
65 77 49 73 73 75 65 5b  5d 3b 0a 20 20 20 20 6d
6f 64 69 66 69 65 64 41  74 3f 3a 20 73 74 72 69
6e 67 3b 0a 20 20 20 20  76 65 72 73 69 6f 6e 3f
3a 20 6e 75 6d 62 65 72  3b 0a 20 20 20 20 6d 65
73 73 61 67 65 3f 3a 20  73 74 72 69 6e 67 3b 0a
7d 3b 0a 0a 74 79 70 65  20 41 70 70 50 61 63 6b
61 67 65 53 75 62 6d 69  73 73 69 6f 6e 53 75 6d
6d 61 72 79 20 3d 20 7b  0a 20 20 20 20 73 75 62
6d 69 73 73 69 6f 6e 49  44 3a 20 73 74 72 69 6e
67 3b 0a 20 20 20 20 73  75 62 6d 69 74 74 65 64
41 74 3a 20 73 74 72 69  6e 67 3b 0a 20 20 20 20
73 74 61 74 75 73 3a 20  41 70 70 50 75 62 6c 69
73 68 53 74 61 74 75 73  20 7c 20 73 74 72 69 6e
67 3b 0a 20 20 20 20 63  68 61 6e 6e 65 6c 3a 20
27 6c 6f 63 61 6c 27 20  7c 20 27 68 75 62 27 20
7c 20 73 74 72 69 6e 67  3b 0a 20 20 20 20 61 70
70 49 44 73 3a 20 73 74  72 69 6e 67 5b 5d 3b 0a
20 20 20 20 61 70 70 4e  61 6d 65 73 3a 20 73 74
72 69 6e 67 5b 5d 3b 0a  20 20 20 20 70 61 63 6b
61 67 65 53 48 41 3a 20  73 74 72 69 6e 67 3b 0a
20 20 20 20 70 61 63 6b  61 67 65 42 79 74 65 73
3a 20 6e 75 6d 62 65 72  3b 0a 20 20 20 20 72 65
76 69 65 77 65 64 41 74  3a 20 73 74 72 69 6e 67
3b 0a 20 20 20 20 70 75  62 6c 69 73 68 65 64 41
74 3a 20 73 74 72 69 6e  67 3b 0a 20 20 20 20 72
65 76 69 65 77 65 72 3a  20 73 74 72 69 6e 67 3b
0a 20 20 20 20 72 69 73  6b 4c 65 76 65 6c 3a 20
73 74 72 69 6e 67 3b 0a  20 20 20 20 61 70 70 72
6f 76 65 64 53 63 6f 70  65 73 3a 20 73 74 72 69
6e 67 5b 5d 3b 0a 20 20  20 20 72 65 76 69 65 77
49 73 73 75 65 73 3a 20  41 70 70 52 65 76 69 65
77 49 73 73 75 65 5b 5d  3b 0a 20 20 20 20 65 76
65 6e 74 43 6f 75 6e 74  3a 20 6e 75 6d 62 65 72
3b 0a 20 20 20 20 6c 61  73 74 45 76 65 6e 74 41
74 3a 20 73 74 72 69 6e  67 3b 0a 20 20 20 20 6d
65 73 73 61 67 65 3a 20  73 74 72 69 6e 67 3b 0a
7d 3b 0a 0a 74 79 70 65  20 4d 49 53 44 61 74 61
43 6f 6e 66 69 67 20 3d  20 7b 0a 20 20 20 20 65
6e 61 62 6c 65 64 3f 3a  20 62 6f 6f 6c 65 61 6e
3b 0a 20 20 20 20 65 6e  64 70 6f 69 6e 74 3f 3a
20 73 74 72 69 6e 67 3b  0a 20 20 20 20 74 6f 6b
65 6e 3f 3a 20 73 74 72  69 6e 67 3b 0a 7d 3b 0a
0a 74 79 70 65 20 44 61  74 61 53 72 76 44 69 73
63 6f 76 65 72 79 20 3d  20 7b 0a 20 20 20 20 73
74 61 74 75 73 3a 20 27  69 64 6c 65 27 20 7c 20
27 6c 6f 61 64 69 6e 67  27 20 7c 20 27 64 69 73
61 62 6c 65 64 27 20 7c  20 27 72 65 61 64 79 27
20 7c 20 27 65 72 72 6f  72 27 3b 0a 20 20 20 20
65 6e 64 70 6f 69 6e 74  3f 3a 20 73 74 72 69 6e
67 3b 0a 20 20 20 20 73  65 72 76 69 63 65 3f 3a
20 73 74 72 69 6e 67 3b  0a 20 20 20 20 63 61 6e
64 69 64 61 74 65 73 3a  20 41 70 70 45 6e 74 72
79 5b 5d 3b 0a 20 20 20  20 64 6f 6d 61 69 6e 73
3a 20 6e 75 6d 62 65 72  3b 0a 20 20 20 20 61 63
74 69 6f 6e 73 3a 20 6e  75 6d 62 65 72 3b 0a 20
20 20 20 76 69 65 77 73  3a 20 6e 75 6d 62 65 72
3b 0a 20 20 20 20 72 65  70 6f 72 74 73 3a 20 6e
75 6d 62 65 72 3b 0a 20  20 20 20 64 61 73 68 62
6f 61 72 64 73 3a 20 6e  75 6d 62 65 72 3b 0a 20
20 20 20 65 72 72 6f 72  3f 3a 20 73 74 72 69 6e
67 3b 0a 7d 3b 0a 0a 74  79 70 65 20 53 6b 69 6c
6c 41 70 70 44 69 73 63  6f 76 65 72 79 20 3d 20
7b 0a 20 20 20 20 73 74  61 74 75 73 3a 20 27 69
64 6c 65 27 20 7c 20 27  6c 6f 61 64 69 6e 67 27
20 7c 20 27 72 65 61 64  79 27 20 7c 20 27 65 72
72 6f 72 27 3b 0a 20 20  20 20 63 61 6e 64 69 64
61 74 65 73 3a 20 41 70  70 45 6e 74 72 79 5b 5d
3b 0a 20 20 20 20 65 72  72 6f 72 3f 3a 20 73 74
72 69 6e 67 3b 0a 7d 3b  0a 0a 74 79 70 65 20 53
6b 69 6c 6c 41 70 70 4d  61 6e 69 66 65 73 74 45
6e 74 72 79 20 3d 20 7b  0a 20 20 20 20 69 64 3f
3a 20 73 74 72 69 6e 67  3b 0a 20 20 20 20 73 6b
69 6c 6c 5f 69 64 3f 3a  20 73 74 72 69 6e 67 3b
0a 20 20 20 20 6e 61 6d  65 3f 3a 20 73 74 72 69
6e 67 3b 0a 20 20 20 20  64 65 73 63 72 69 70 74
69 6f 6e 3f 3a 20 73 74  72 69 6e 67 3b 0a 20 20
20 20 63 61 74 65 67 6f  72 79 3f 3a 20 73 74 72
69 6e 67 3b 0a 20 20 20  20 69 63 6f 6e 3f 3a 20
73 74 72 69 6e 67 3b 0a  20 20 20 20 69 6e 70 75
74 5f 6d 6f 64 65 3f 3a  20 27 66 69 6c 65 27 20
7c 20 27 66 6f 72 6d 27  20 7c 20 27 6d 69 78 65
64 27 3b 0a 20 20 20 20  6d 75 6c 74 69 70 6c 65
5f 66 69 6c 65 73 3f 3a  20 62 6f 6f 6c 65 61 6e
3b 0a 20 20 20 20 6f 75  74 70 75 74 5f 6d 6f 64
65 73 3f 3a 20 73 74 72  69 6e 67 5b 5d 3b 0a 20
20 20 20 66 69 65 6c 64  73 3f 3a 20 53 6b 69 6c
6c 41 70 70 46 69 65 6c  64 5b 5d 3b 0a 20 20 20
20 61 70 70 5f 64 65 66  69 6e 69 74 69 6f 6e 5f
66 69 6c 65 3f 3a 20 73  74 72 69 6e 67 3b 0a 7d
3b 0a 0a 74 79 70 65 20  53 6b 69 6c 6c 53 75 6d
6d 61 72 79 20 3d 20 7b  0a 20 20 20 20 6e 61 6d
65 3f 3a 20 73 74 72 69  6e 67 3b 0a 20 20 20 20
64 65 73 63 72 69 70 74  69 6f 6e 3f 3a 20 73 74
72 69 6e 67 3b 0a 20 20  20 20 73 6f 75 72 63 65
3f 3a 20 73 74 72 69 6e  67 3b 0a 20 20 20 20 69
73 5f 6d 61 63 6c 61 77  5f 61 70 70 3f 3a 20 62
6f 6f 6c 65 61 6e 3b 0a  7d 3b 0a 0a 63 6f 6e 73
74 20 73 74 6f 72 61 67  65 4b 65 79 20 3d 20 27
6d 61 63 6c 61 77 3a 61  70 70 73 2d 70 61 6e 65
6c 3a 76 31 27 3b 0a 63  6f 6e 73 74 20 72 75 6e
48 69 73 74 6f 72 79 53  74 6f 72 61 67 65 4b 65
79 20 3d 20 27 6d 61 63  6c 61 77 3a 61 70 70 73
2d 72 75 6e 2d 68 69 73  74 6f 72 79 3a 76 31 27
3b 0a 63 6f 6e 73 74 20  70 75 62 6c 69 73 68 53
75 62 6d 69 73 73 69 6f  6e 53 74 6f 72 61 67 65
4b 65 79 20 3d 20 27 6d  61 63 6c 61 77 3a 61 70
70 73 2d 70 75 62 6c 69  73 68 2d 73 75 62 6d 69
73 73 69 6f 6e 73 3a 76  31 27 3b 0a 63 6f 6e 73
74 20 6d 61 78 50 69 6e  6e 65 64 41 70 70 73 20
3d 20 38 3b 0a 63 6f 6e  73 74 20 6d 61 78 53 6b
69 6c 6c 41 70 70 53 74  61 67 69 6e 67 42 79 74
65 73 20 3d 20 32 35 20  2a 20 31 30 32 34 20 2a
20 31 30 32 34 3b 0a 63  6f 6e 73 74 20 61 6c 6c
6f 77 65 64 4f 75 74 70  75 74 4d 6f 64 65 73 20
3d 20 5b 27 64 6f 63 78  27 2c 20 27 78 6c 73 78
27 2c 20 27 70 64 66 27  2c 20 27 6a 73 6f 6e 27
2c 20 27 74 78 74 27 5d  3b 0a 63 6f 6e 73 74 20
61 6c 6c 6f 77 65 64 53  6b 69 6c 6c 46 69 65 6c
64 54 79 70 65 73 20 3d  20 5b 27 74 65 78 74 27
2c 20 27 73 65 6c 65 63  74 27 2c 20 27 62 6f 6f
6c 65 61 6e 27 5d 3b 0a  6c 65 74 20 72 65 63 65
6e 74 55 73 65 53 65 71  75 65 6e 63 65 20 3d 20
30 3b 0a 6c 65 74 20 6c  6f 63 61 6c 41 70 70 49
64 53 65 71 75 65 6e 63  65 20 3d 20 30 3b 0a 0a
63 6f 6e 73 74 20 6c 61  62 65 6c 73 20 3d 20 7b
0a 20 20 20 20 7a 68 3a  20 7b 0a 20 20 20 20 20
20 20 20 73 65 61 72 63  68 3a 20 27 5c 75 36 34
31 63 5c 75 37 64 32 32  5c 75 35 65 39 34 5c 75
37 35 32 38 27 2c 0a 20  20 20 20 20 20 20 20 63
6c 65 61 72 53 65 61 72  63 68 3a 20 27 5c 75 36
65 30 35 5c 75 37 61 37  61 5c 75 36 34 31 63 5c
75 37 64 32 32 27 2c 0a  20 20 20 20 20 20 20 20
72 65 73 65 74 46 69 6c  74 65 72 3a 20 27 5c 75
39 31 63 64 5c 75 37 66  36 65 5c 75 37 62 35 62
5c 75 39 30 30 39 27 2c  0a 20 20 20 20 20 20 20
20 63 72 65 61 74 65 3a  20 27 5c 75 35 32 31 62
5c 75 35 65 66 61 27 2c  0a 20 20 20 20 20 20 20
20 63 61 74 65 67 6f 72  79 3a 20 27 5c 75 35 32
30 36 5c 75 37 63 37 62  27 2c 0a 20 20 20 20 20
20 20 20 61 6c 6c 3a 20  27 5c 75 35 31 36 38 5c
75 39 30 65 38 5c 75 35  65 39 34 5c 75 37 35 32
38 27 2c 0a 20 20 20 20  20 20 20 20 6f 74 68 65
72 41 70 70 73 3a 20 27  5c 75 35 31 37 36 5c 75
34 65 64 36 5c 75 35 65  39 34 5c 75 37 35 32 38
27 2c 0a 20 20 20 20 20  20 20 20 70 69 6e 6e 65
64 3a 20 27 5c 75 35 65  33 38 5c 75 37 35 32 38
5c 75 35 65 39 34 5c 75  37 35 32 38 27 2c 0a 20
20 20 20 20 20 20 20 72  65 63 65 6e 74 3a 20 27
5c 75 36 37 30 30 5c 75  38 66 64 31 5c 75 34 66
37 66 5c 75 37 35 32 38  27 2c 0a 20 20 20 20 20
20 20 20 73 65 61 72 63  68 52 65 73 75 6c 74 73
3a 20 27 5c 75 36 34 31  63 5c 75 37 64 32 32 5c
75 37 65 64 33 5c 75 36  37 39 63 27 2c 0a 20 20
20 20 20 20 20 20 72 65  63 65 6e 74 55 73 65 64
3a 20 27 5c 75 36 37 30  30 5c 75 38 66 64 31 5c
75 34 66 37 66 5c 75 37  35 32 38 27 2c 0a 20 20
20 20 20 20 20 20 6e 65  76 65 72 55 73 65 64 3a
20 27 5c 75 35 63 31 61  5c 75 36 37 32 61 5c 75
34 66 37 66 5c 75 37 35  32 38 27 2c 0a 20 20 20
20 20 20 20 20 61 70 70  53 74 61 74 75 73 3a 20
27 5c 75 37 32 62 36 5c  75 36 30 30 31 27 2c 0a
20 20 20 20 20 20 20 20  61 70 70 41 76 61 69 6c
61 62 6c 65 3a 20 27 5c  75 35 33 65 66 5c 75 37
35 32 38 27 2c 0a 20 20  20 20 20 20 20 20 61 70
70 52 75 6e 6e 69 6e 67  3a 20 27 5c 75 38 66 64
30 5c 75 38 38 34 63 5c  75 34 65 32 64 27 2c 0a
20 20 20 20 20 20 20 20  61 70 70 73 3a 20 27 5c
75 35 65 39 34 5c 75 37  35 32 38 27 2c 0a 20 20
20 20 20 20 20 20 61 70  70 53 74 75 64 69 6f 3a
20 27 5c 75 35 65 39 34  5c 75 37 35 32 38 5c 75
37 61 30 62 5c 75 35 65  38 66 5c 75 35 64 65 35
5c 75 34 66 35 63 5c 75  35 62 61 34 27 2c 0a 20
20 20 20 20 20 20 20 73  74 75 64 69 6f 53 75 62
74 69 74 6c 65 3a 20 27  5c 75 35 32 31 62 5c 75
35 65 66 61 5c 75 33 30  30 31 5c 75 37 62 61 31
5c 75 37 34 30 36 5c 75  33 30 30 31 5c 75 34 65
63 65 5c 75 34 66 30 31  5c 75 34 65 31 61 5c 75
38 30 66 64 5c 75 35 32  39 62 5c 75 35 65 30 32
5c 75 35 37 33 61 5c 75  36 64 66 62 5c 75 35 32
61 30 5c 75 35 65 39 34  5c 75 37 35 32 38 5c 75
33 30 30 32 27 2c 0a 20  20 20 20 20 20 20 20 63
72 65 61 74 65 54 61 62  3a 20 27 5c 75 35 32 31
62 5c 75 35 65 66 61 5c  75 35 65 39 34 5c 75 37
35 32 38 27 2c 0a 20 20  20 20 20 20 20 20 70 72
6f 6d 70 74 44 72 61 66  74 3a 20 27 5c 75 37 35
32 38 5c 75 35 62 66 39  5c 75 38 62 64 64 5c 75
37 35 31 66 5c 75 36 32  31 30 5c 75 38 33 34 39
5c 75 37 61 33 66 27 2c  0a 20 20 20 20 20 20 20
20 67 65 6e 65 72 61 74  65 44 72 61 66 74 3a 20
27 5c 75 37 35 31 66 5c  75 36 32 31 30 5c 75 38
33 34 39 5c 75 37 61 33  66 27 2c 0a 20 20 20 20
20 20 20 20 64 72 61 66  74 50 72 6f 6d 70 74 50
6c 61 63 65 68 6f 6c 64  65 72 3a 20 27 5c 75 34
66 38 62 5c 75 66 66 31  61 5c 75 35 30 35 61 5c
75 34 65 30 30 5c 75 34  65 32 61 5c 75 35 34 30
38 5c 75 35 34 30 63 5c  75 35 66 35 32 5c 75 36
38 36 33 5c 75 35 65 39  34 5c 75 37 35 32 38 5c
75 66 66 30 63 5c 75 34  65 30 61 5c 75 34 66 32
30 20 57 6f 72 64 2f 50  44 46 5c 75 66 66 30 63
5c 75 38 66 39 33 5c 75  35 31 66 61 5c 75 35 66
35 32 5c 75 36 38 36 33  5c 75 37 66 31 36 5c 75
35 33 66 37 5c 75 35 34  38 63 5c 75 35 62 61 31
5c 75 36 38 33 38 5c 75  37 65 64 33 5c 75 36 37
39 63 27 2c 0a 20 20 20  20 20 20 20 20 6d 61 6e
61 67 65 54 61 62 3a 20  27 5c 75 35 65 39 34 5c
75 37 35 32 38 5c 75 37  62 61 31 5c 75 37 34 30
36 27 2c 0a 20 20 20 20  20 20 20 20 6d 61 72 6b
65 74 54 61 62 3a 20 27  5c 75 34 65 63 65 5c 75
35 65 30 32 5c 75 35 37  33 61 5c 75 36 64 66 62
5c 75 35 32 61 30 27 2c  0a 20 20 20 20 20 20 20
20 70 75 62 6c 69 73 68  54 61 62 3a 20 27 5c 75
35 62 61 31 5c 75 36 38  33 38 2f 5c 75 35 33 64
31 5c 75 35 65 30 33 27  2c 0a 20 20 20 20 20 20
20 20 70 75 62 6c 69 73  68 53 75 62 74 69 74 6c
65 3a 20 27 5c 75 36 38  63 30 5c 75 36 37 65 35
5c 75 36 37 32 63 5c 75  35 37 33 30 5c 75 35 65
39 34 5c 75 37 35 32 38  5c 75 36 36 32 66 5c 75
35 34 32 36 5c 75 35 33  65 66 5c 75 34 65 30 61
5c 75 34 66 32 30 5c 75  35 32 33 30 5c 75 34 66
30 31 5c 75 34 65 31 61  5c 75 38 30 66 64 5c 75
35 32 39 62 5c 75 35 65  30 32 5c 75 35 37 33 61
5c 75 33 30 30 32 27 2c  0a 20 20 20 20 20 20 20
20 70 75 62 6c 69 73 68  43 68 65 63 6b 6c 69 73
74 3a 20 27 5c 75 35 33  64 31 5c 75 35 65 30 33
5c 75 36 38 63 30 5c 75  36 37 65 35 27 2c 0a 20
20 20 20 20 20 20 20 72  65 61 64 79 54 6f 53 75
62 6d 69 74 3a 20 27 5c  75 35 33 65 66 5c 75 36
33 64 30 5c 75 34 65 61  34 27 2c 0a 20 20 20 20
20 20 20 20 6e 65 65 64  73 57 6f 72 6b 3a 20 27
5c 75 39 37 30 30 5c 75  38 38 36 35 5c 75 39 66
35 30 27 2c 0a 20 20 20  20 20 20 20 20 73 75 62
6d 69 74 50 61 63 6b 61  67 65 3a 20 27 5c 75 36
33 64 30 5c 75 34 65 61  34 5c 75 35 33 30 35 5c
75 39 38 38 34 5c 75 38  39 63 38 27 2c 0a 20 20
20 20 20 20 20 20 63 6f  70 79 53 75 62 6d 69 74
50 61 63 6b 61 67 65 3a  20 27 5c 75 35 39 30 64
5c 75 35 32 33 36 5c 75  36 33 64 30 5c 75 34 65
61 34 5c 75 35 33 30 35  27 2c 0a 20 20 20 20 20
20 20 20 6e 6f 50 75 62  6c 69 73 68 41 70 70 73
3a 20 27 5c 75 36 36 38  32 5c 75 36 35 65 30 5c
75 36 37 32 63 5c 75 35  37 33 30 5c 75 35 65 39
34 5c 75 37 35 32 38 5c  75 35 33 65 66 5c 75 35
33 64 31 5c 75 35 65 30  33 27 2c 0a 20 20 20 20
20 20 20 20 73 75 62 6d  69 74 52 65 76 69 65 77
3a 20 27 5c 75 36 33 64  30 5c 75 34 65 61 34 5c
75 35 62 61 31 5c 75 36  38 33 38 27 2c 0a 20 20
20 20 20 20 20 20 73 75  62 6d 69 74 74 65 64 52
65 76 69 65 77 3a 20 27  5c 75 35 64 66 32 5c 75
36 33 64 30 5c 75 34 65  61 34 27 2c 0a 20 20 20
20 20 20 20 20 70 65 6e  64 69 6e 67 52 65 76 69
65 77 3a 20 27 5c 75 37  62 34 39 5c 75 35 66 38
35 5c 75 34 66 30 31 5c  75 34 65 31 61 5c 75 35
65 30 32 5c 75 35 37 33  61 5c 75 35 62 61 31 5c
75 36 38 33 38 27 2c 0a  20 20 20 20 20 20 20 20
6c 6f 63 61 6c 52 65 76  69 65 77 50 65 6e 64 69
6e 67 3a 20 27 5c 75 36  37 32 63 5c 75 35 37 33
30 5c 75 35 66 38 35 5c  75 35 34 30 63 5c 75 36
62 36 35 27 2c 0a 20 20  20 20 20 20 20 20 6c 6f
63 61 6c 4d 6f 64 69 66  69 65 64 52 65 76 69 65
77 3a 20 27 5c 75 36 37  32 63 5c 75 35 37 33 30
5c 75 35 64 66 32 5c 75  34 66 65 65 5c 75 36 35
33 39 5c 75 66 66 30 63  5c 75 39 37 30 30 5c 75
39 31 63 64 5c 75 36 35  62 30 5c 75 36 33 64 30
5c 75 34 65 61 34 27 2c  0a 20 20 20 20 20 20 20
20 6c 6f 63 61 6c 4d 6f  64 69 66 69 65 64 41 74
3a 20 27 5c 75 36 37 32  63 5c 75 35 37 33 30 5c
75 34 66 65 65 5c 75 36  35 33 39 27 2c 0a 20 20
20 20 20 20 20 20 73 75  62 6d 69 74 52 65 76 69
65 77 42 75 73 79 3a 20  27 5c 75 36 33 64 30 5c
75 34 65 61 34 5c 75 34  65 32 64 27 2c 0a 20 20
20 20 20 20 20 20 73 75  62 6d 69 74 52 65 76 69
65 77 4c 6f 63 61 6c 46  61 6c 6c 62 61 63 6b 3a
20 27 5c 75 34 66 30 31  5c 75 34 65 31 61 5c 75
35 65 30 32 5c 75 35 37  33 61 5c 75 36 36 38 32
5c 75 36 37 32 61 5c 75  38 66 64 65 5c 75 36 33
61 35 5c 75 66 66 30 63  5c 75 35 64 66 32 5c 75
34 66 64 64 5c 75 35 62  35 38 5c 75 34 65 33 61
5c 75 36 37 32 63 5c 75  35 37 33 30 5c 75 35 66
38 35 5c 75 35 34 30 63  5c 75 36 62 36 35 5c 75
36 33 64 30 5c 75 34 65  61 34 5c 75 33 30 30 32
27 2c 0a 20 20 20 20 20  20 20 20 6c 6f 63 61 6c
53 75 62 6d 69 73 73 69  6f 6e 51 75 65 75 65 3a
20 27 5c 75 36 37 32 63  5c 75 36 37 33 61 5c 75
36 33 64 30 5c 75 34 65  61 34 5c 75 39 36 31 66
5c 75 35 32 31 37 27 2c  0a 20 20 20 20 20 20 20
20 6e 6f 4c 6f 63 61 6c  53 75 62 6d 69 73 73 69
6f 6e 51 75 65 75 65 3a  20 27 5c 75 36 36 38 32
5c 75 36 35 65 30 5c 75  36 37 32 63 5c 75 36 37
33 61 5c 75 35 66 38 35  5c 75 35 34 30 63 5c 75
36 62 36 35 5c 75 36 33  64 30 5c 75 34 65 61 34
27 2c 0a 20 20 20 20 20  20 20 20 6c 6f 63 61 6c
53 75 62 6d 69 73 73 69  6f 6e 51 75 65 75 65 45
72 72 6f 72 3a 20 27 5c  75 36 33 64 30 5c 75 34
65 61 34 5c 75 39 36 31  66 5c 75 35 32 31 37 5c
75 38 62 66 62 5c 75 35  33 64 36 5c 75 35 39 33
31 5c 75 38 64 32 35 27  2c 0a 20 20 20 20 20 20
20 20 6c 6f 63 61 6c 53  75 62 6d 69 73 73 69 6f
6e 51 75 65 75 65 4c 6f  61 64 69 6e 67 3a 20 27
5c 75 36 33 64 30 5c 75  34 65 61 34 5c 75 39 36
31 66 5c 75 35 32 31 37  5c 75 38 62 66 62 5c 75
35 33 64 36 5c 75 34 65  32 64 27 2c 0a 20 20 20
20 20 20 20 20 72 65 66  72 65 73 68 51 75 65 75
65 3a 20 27 5c 75 35 32  33 37 5c 75 36 35 62 30
27 2c 0a 20 20 20 20 20  20 20 20 72 65 66 72 65
73 68 69 6e 67 51 75 65  75 65 3a 20 27 5c 75 35
32 33 37 5c 75 36 35 62  30 5c 75 34 65 32 64 27
2c 0a 20 20 20 20 20 20  20 20 71 75 65 75 65 52
65 66 72 65 73 68 65 64  41 74 3a 20 27 5c 75 36
37 30 30 5c 75 35 34 30  65 5c 75 35 32 33 37 5c
75 36 35 62 30 27 2c 0a  20 20 20 20 20 20 20 20
63 6f 70 79 51 75 65 75  65 50 61 63 6b 61 67 65
3a 20 27 5c 75 35 39 30  64 5c 75 35 32 33 36 5c
75 39 36 31 66 5c 75 35  32 31 37 5c 75 35 33 30
35 27 2c 0a 20 20 20 20  20 20 20 20 63 6f 70 79
51 75 65 75 65 41 75 64  69 74 3a 20 27 5c 75 35
39 30 64 5c 75 35 32 33  36 5c 75 35 62 61 31 5c
75 38 62 61 31 27 2c 0a  20 20 20 20 20 20 20 20
76 69 65 77 51 75 65 75  65 44 65 74 61 69 6c 3a
20 27 5c 75 36 37 65 35  5c 75 37 37 30 62 5c 75
38 62 65 36 5c 75 36 30  63 35 27 2c 0a 20 20 20
20 20 20 20 20 68 69 64  65 51 75 65 75 65 44 65
74 61 69 6c 3a 20 27 5c  75 36 35 33 36 5c 75 38
64 37 37 5c 75 38 62 65  36 5c 75 36 30 63 35 27
2c 0a 20 20 20 20 20 20  20 20 71 75 65 75 65 44
65 74 61 69 6c 4c 6f 61  64 69 6e 67 3a 20 27 5c
75 38 62 65 36 5c 75 36  30 63 35 5c 75 38 62 66
62 5c 75 35 33 64 36 5c  75 34 65 32 64 27 2c 0a
20 20 20 20 20 20 20 20  71 75 65 75 65 44 65 74
61 69 6c 54 69 74 6c 65  3a 20 27 5c 75 36 33 64
30 5c 75 34 65 61 34 5c  75 38 62 65 36 5c 75 36
30 63 35 27 2c 0a 20 20  20 20 20 20 20 20 71 75
65 75 65 44 65 74 61 69  6c 50 61 63 6b 61 67 65
41 70 70 73 3a 20 27 5c  75 35 33 30 35 5c 75 35
34 32 62 5c 75 35 65 39  34 5c 75 37 35 32 38 27
2c 0a 20 20 20 20 20 20  20 20 71 75 65 75 65 44
65 74 61 69 6c 45 76 65  6e 74 73 3a 20 27 5c 75
35 62 61 31 5c 75 38 62  61 31 5c 75 34 65 38 62
5c 75 34 65 66 36 27 2c  0a 20 20 20 20 20 20 20
20 63 6f 70 79 69 6e 67  51 75 65 75 65 50 61 63
6b 61 67 65 3a 20 27 5c  75 35 39 30 64 5c 75 35
32 33 36 5c 75 34 65 32  64 27 2c 0a 20 20 20 20
20 20 20 20 71 75 65 75  65 50 61 63 6b 61 67 65
43 6f 70 69 65 64 3a 20  27 5c 75 35 64 66 32 5c
75 35 39 30 64 5c 75 35  32 33 36 27 2c 0a 20 20
20 20 20 20 20 20 71 75  65 75 65 41 75 64 69 74
43 6f 70 69 65 64 3a 20  27 5c 75 35 62 61 31 5c
75 38 62 61 31 5c 75 35  64 66 32 5c 75 35 39 30
64 5c 75 35 32 33 36 27  2c 0a 20 20 20 20 20 20
20 20 71 75 65 75 65 50  61 63 6b 61 67 65 55 6e
61 76 61 69 6c 61 62 6c  65 3a 20 27 5c 75 36 35
65 30 5c 75 36 63 64 35  5c 75 38 62 66 62 5c 75
35 33 64 36 5c 75 35 62  38 63 5c 75 36 35 37 34
5c 75 35 33 30 35 27 2c  0a 20 20 20 20 20 20 20
20 72 65 76 69 65 77 49  73 73 75 65 73 3a 20 27
5c 75 35 62 61 31 5c 75  36 38 33 38 5c 75 39 35
65 65 5c 75 39 38 39 38  27 2c 0a 20 20 20 20 20
20 20 20 72 65 76 69 65  77 49 73 73 75 65 73 4d
6f 72 65 3a 20 27 5c 75  35 33 65 36 27 2c 0a 20
20 20 20 20 20 20 20 72  65 76 69 65 77 49 73 73
75 65 73 4d 6f 72 65 55  6e 69 74 3a 20 27 5c 75
39 38 37 39 27 2c 0a 20  20 20 20 20 20 20 20 66
69 78 52 65 76 69 65 77  49 73 73 75 65 3a 20 27
5c 75 35 33 62 62 5c 75  34 66 65 65 5c 75 35 39
30 64 27 2c 0a 20 20 20  20 20 20 20 20 61 70 70
56 65 72 73 69 6f 6e 3a  20 27 5c 75 37 32 34 38
5c 75 36 37 32 63 27 2c  0a 20 20 20 20 20 20 20
20 72 65 76 69 65 77 65  72 3a 20 27 5c 75 35 62
61 31 5c 75 36 38 33 38  5c 75 34 65 62 61 27 2c
0a 20 20 20 20 20 20 20  20 72 69 73 6b 4c 65 76
65 6c 3a 20 27 5c 75 39  38 63 65 5c 75 39 36 36
39 27 2c 0a 20 20 20 20  20 20 20 20 61 70 70 72
6f 76 65 64 53 63 6f 70  65 73 3a 20 27 5c 75 36
32 37 39 5c 75 35 31 63  36 5c 75 36 37 34 33 5c
75 39 36 35 30 27 2c 0a  20 20 20 20 20 20 20 20
65 76 65 6e 74 48 69 73  74 6f 72 79 3a 20 27 5c
75 34 65 38 62 5c 75 34  65 66 36 27 2c 0a 20 20
20 20 20 20 20 20 72 65  76 69 65 77 46 61 69 6c
65 64 3a 20 27 5c 75 35  62 61 31 5c 75 36 38 33
38 5c 75 39 37 30 30 5c  75 34 66 65 65 5c 75 36
35 33 39 27 2c 0a 20 20  20 20 20 20 20 20 72 65
76 69 65 77 41 70 70 72  6f 76 65 64 3a 20 27 5c
75 35 62 61 31 5c 75 36  38 33 38 5c 75 39 30 31
61 5c 75 38 66 63 37 27  2c 0a 20 20 20 20 20 20
20 20 72 65 76 69 65 77  50 75 62 6c 69 73 68 65
64 3a 20 27 5c 75 35 64  66 32 5c 75 35 33 64 31
5c 75 35 65 30 33 27 2c  0a 20 20 20 20 20 20 20
20 72 65 76 69 65 77 44  65 70 72 65 63 61 74 65
64 3a 20 27 5c 75 35 64  66 32 5c 75 35 30 35 63
5c 75 36 62 36 32 5c 75  36 35 62 30 5c 75 38 38
63 35 27 2c 0a 20 20 20  20 20 20 20 20 72 65 76
69 65 77 52 65 76 6f 6b  65 64 3a 20 27 5c 75 35
64 66 32 5c 75 36 34 61  34 5c 75 35 36 64 65 27
2c 0a 20 20 20 20 20 20  20 20 73 75 62 6d 69 73
73 69 6f 6e 49 64 3a 20  27 5c 75 36 33 64 30 5c
75 34 65 61 34 5c 75 37  66 31 36 5c 75 35 33 66
37 27 2c 0a 20 20 20 20  20 20 20 20 77 69 74 68
64 72 61 77 53 75 62 6d  69 73 73 69 6f 6e 3a 20
27 5c 75 36 34 61 34 5c  75 35 36 64 65 5c 75 36
33 64 30 5c 75 34 65 61  34 27 2c 0a 20 20 20 20
20 20 20 20 72 75 6e 3a  20 27 5c 75 36 32 36 37
5c 75 38 38 34 63 27 2c  0a 20 20 20 20 20 20 20
20 72 65 73 65 74 3a 20  27 5c 75 39 31 63 64 5c
75 37 66 36 65 27 2c 0a  20 20 20 20 20 20 20 20
6f 75 74 70 75 74 3a 20  27 5c 75 38 66 39 33 5c
75 35 31 66 61 5c 75 37  65 64 33 5c 75 36 37 39
63 27 2c 0a 20 20 20 20  20 20 20 20 75 70 6c 6f
61 64 3a 20 27 5c 75 36  32 64 36 5c 75 35 31 36
35 5c 75 36 32 31 36 5c  75 39 30 30 39 5c 75 36
32 65 39 5c 75 36 35 38  37 5c 75 34 65 66 36 27
2c 0a 20 20 20 20 20 20  20 20 63 68 6f 6f 73 65
46 69 6c 65 3a 20 27 5c  75 39 30 30 39 5c 75 36
32 65 39 5c 75 36 35 38  37 5c 75 34 65 66 36 27
2c 0a 20 20 20 20 20 20  20 20 73 65 6c 65 63 74
65 64 46 69 6c 65 3a 20  27 5c 75 35 64 66 32 5c
75 39 30 30 39 5c 75 36  32 65 39 27 2c 0a 20 20
20 20 20 20 20 20 6e 6f  46 69 6c 65 3a 20 27 5c
75 36 37 32 61 5c 75 39  30 30 39 5c 75 36 32 65
39 5c 75 36 35 38 37 5c  75 34 65 66 36 27 2c 0a
20 20 20 20 20 20 20 20  72 65 61 64 79 4f 75 74
70 75 74 3a 20 27 5c 75  37 62 34 39 5c 75 35 66
38 35 5c 75 36 32 36 37  5c 75 38 38 34 63 27 2c
0a 20 20 20 20 20 20 20  20 67 65 6e 65 72 61 74
65 64 4f 75 74 70 75 74  3a 20 27 5c 75 35 64 66
32 5c 75 37 35 31 66 5c  75 36 32 31 30 5c 75 38
66 39 33 5c 75 35 31 66  61 27 2c 0a 20 20 20 20
20 20 20 20 73 6b 69 6c  6c 52 75 6e 53 74 61 72
74 65 64 3a 20 27 53 6b  69 6c 6c 20 5c 75 35 64
66 32 5c 75 35 34 32 66  5c 75 35 32 61 38 27 2c
0a 20 20 20 20 20 20 20  20 73 6b 69 6c 6c 52 75
6e 52 75 6e 6e 69 6e 67  3a 20 27 53 6b 69 6c 6c
20 5c 75 36 32 36 37 5c  75 38 38 34 63 5c 75 34
65 32 64 27 2c 0a 20 20  20 20 20 20 20 20 73 6b
69 6c 6c 52 75 6e 43 6f  6d 70 6c 65 74 65 64 3a
20 27 53 6b 69 6c 6c 20  5c 75 35 64 66 32 5c 75
35 62 38 63 5c 75 36 32  31 30 27 2c 0a 20 20 20
20 20 20 20 20 73 6b 69  6c 6c 52 75 6e 46 61 69
6c 65 64 3a 20 27 53 6b  69 6c 6c 20 5c 75 36 32
36 37 5c 75 38 38 34 63  5c 75 35 39 33 31 5c 75
38 64 32 35 27 2c 0a 20  20 20 20 20 20 20 20 73
6b 69 6c 6c 52 75 6e 43  61 6e 63 65 6c 6c 65 64
3a 20 27 53 6b 69 6c 6c  20 5c 75 35 64 66 32 5c
75 35 33 64 36 5c 75 36  64 38 38 27 2c 0a 20 20
20 20 20 20 20 20 72 75  6e 53 74 65 70 73 3a 20
27 5c 75 36 32 36 37 5c  75 38 38 34 63 5c 75 36
62 36 35 5c 75 39 61 61  34 27 2c 0a 20 20 20 20
20 20 20 20 72 75 6e 41  72 74 69 66 61 63 74 73
3a 20 27 5c 75 38 66 39  33 5c 75 35 31 66 61 5c
75 34 65 61 37 5c 75 37  32 36 39 27 2c 0a 20 20
20 20 20 20 20 20 72 75  6e 74 69 6d 65 49 6e 70
75 74 3a 20 27 5c 75 38  66 39 33 5c 75 35 31 36
35 27 2c 0a 20 20 20 20  20 20 20 20 72 75 6e 74
69 6d 65 53 74 61 74 75  73 3a 20 27 5c 75 36 32
36 37 5c 75 38 38 34 63  5c 75 37 32 62 36 5c 75
36 30 30 31 27 2c 0a 20  20 20 20 20 20 20 20 72
75 6e 74 69 6d 65 4f 75  74 70 75 74 3a 20 27 5c
75 38 66 39 33 5c 75 35  31 66 61 27 2c 0a 20 20
20 20 20 20 20 20 6f 75  74 70 75 74 54 65 78 74
3a 20 27 5c 75 36 35 38  37 5c 75 36 37 32 63 5c
75 37 65 64 33 5c 75 36  37 39 63 27 2c 0a 20 20
20 20 20 20 20 20 6f 75  74 70 75 74 43 6f 6e 74
65 6e 74 3a 20 27 5c 75  38 66 39 33 5c 75 35 31
66 61 5c 75 35 31 38 35  5c 75 35 62 62 39 27 2c
0a 20 20 20 20 20 20 20  20 6e 6f 4f 75 74 70 75
74 59 65 74 3a 20 27 5c  75 36 32 36 37 5c 75 38
38 34 63 5c 75 35 62 38  63 5c 75 36 32 31 30 5c
75 35 34 30 65 5c 75 66  66 30 63 5c 75 38 66 64
39 5c 75 39 31 63 63 5c  75 36 36 33 65 5c 75 37
39 33 61 5c 75 38 66 39  33 5c 75 35 31 66 61 5c
75 36 35 38 37 5c 75 34  65 66 36 5c 75 36 32 31
36 5c 75 36 35 38 37 5c  75 36 37 32 63 5c 75 37
65 64 33 5c 75 36 37 39  63 5c 75 33 30 30 32 27
2c 0a 20 20 20 20 20 20  20 20 72 75 6e 43 6f 6d
70 6c 65 74 65 64 3a 20  27 5c 75 36 32 36 37 5c
75 38 38 34 63 5c 75 35  62 38 63 5c 75 36 32 31
30 27 2c 0a 20 20 20 20  20 20 20 20 73 65 74 41
73 50 69 6e 6e 65 64 3a  20 27 5c 75 38 62 62 65
5c 75 34 65 33 61 5c 75  35 65 33 38 5c 75 37 35
32 38 27 2c 0a 20 20 20  20 20 20 20 20 72 65 6d
6f 76 65 46 72 6f 6d 50  69 6e 6e 65 64 3a 20 27
5c 75 37 39 66 62 5c 75  35 31 66 61 5c 75 35 65
33 38 5c 75 37 35 32 38  27 2c 0a 20 20 20 20 20
20 20 20 61 72 74 69 66  61 63 74 50 65 6e 64 69
6e 67 3a 20 27 5c 75 37  62 34 39 5c 75 35 66 38
35 5c 75 34 65 61 37 5c  75 37 32 36 39 27 2c 0a
20 20 20 20 20 20 20 20  61 72 74 69 66 61 63 74
52 65 61 64 79 3a 20 27  5c 75 34 65 61 37 5c 75
37 32 36 39 5c 75 35 64  66 32 5c 75 37 35 31 66
5c 75 36 32 31 30 27 2c  0a 20 20 20 20 20 20 20
20 6f 70 65 6e 41 72 74  69 66 61 63 74 3a 20 27
5c 75 36 32 35 33 5c 75  35 66 30 30 27 2c 0a 20
20 20 20 20 20 20 20 64  6f 77 6e 6c 6f 61 64 41
72 74 69 66 61 63 74 3a  20 27 5c 75 34 65 30 62
5c 75 38 66 37 64 5c 75  35 65 37 36 5c 75 36 32
35 33 5c 75 35 66 30 30  27 2c 0a 20 20 20 20 20
20 20 20 72 65 76 65 61  6c 41 72 74 69 66 61 63
74 3a 20 27 5c 75 35 62  39 61 5c 75 34 66 34 64
27 2c 0a 20 20 20 20 20  20 20 20 6e 6f 52 75 6e
45 76 69 64 65 6e 63 65  3a 20 27 5c 75 36 32 36
37 5c 75 38 38 34 63 5c  75 35 34 30 65 5c 75 36
36 33 65 5c 75 37 39 33  61 5c 75 36 62 36 35 5c
75 39 61 61 34 5c 75 35  34 38 63 5c 75 34 65 61
37 5c 75 37 32 36 39 5c  75 37 32 62 36 5c 75 36
30 30 31 27 2c 0a 20 20  20 20 20 20 20 20 66 69
6c 65 54 6f 6f 4c 61 72  67 65 3a 20 27 5c 75 36
35 38 37 5c 75 34 65 66  36 5c 75 38 64 38 35 5c
75 38 66 63 37 20 32 35  4d 42 5c 75 66 66 30 63
5c 75 36 36 38 32 5c 75  34 65 30 64 5c 75 36 35
32 66 5c 75 36 33 30 31  5c 75 36 62 36 34 5c 75
36 35 62 39 5c 75 35 66  30 66 5c 75 34 65 30 61
5c 75 34 66 32 30 27 2c  0a 20 20 20 20 20 20 20
20 63 61 6e 63 65 6c 52  75 6e 3a 20 27 5c 75 35
33 64 36 5c 75 36 64 38  38 5c 75 36 32 36 37 5c
75 38 38 34 63 27 2c 0a  20 20 20 20 20 20 20 20
72 75 6e 48 69 73 74 6f  72 79 3a 20 27 5c 75 38
66 64 30 5c 75 38 38 34  63 5c 75 35 33 38 36 5c
75 35 33 66 32 27 2c 0a  20 20 20 20 20 20 20 20
6e 6f 52 75 6e 48 69 73  74 6f 72 79 3a 20 27 5c
75 36 36 38 32 5c 75 36  35 65 30 5c 75 38 66 64
30 5c 75 38 38 34 63 5c  75 38 62 62 30 5c 75 35
66 35 35 27 2c 0a 20 20  20 20 20 20 20 20 63 6c
65 61 72 48 69 73 74 6f  72 79 3a 20 27 5c 75 36
65 30 35 5c 75 37 61 37  61 5c 75 35 33 38 36 5c
75 35 33 66 32 27 2c 0a  20 20 20 20 20 20 20 20
73 75 62 6d 69 74 74 65  64 3a 20 27 5c 75 35 64
66 32 5c 75 36 33 64 30  5c 75 34 65 61 34 27 2c
0a 20 20 20 20 20 20 20  20 6e 6f 4f 70 65 6e 41
70 70 54 69 74 6c 65 3a  20 27 5c 75 39 30 30 39
5c 75 36 32 65 39 5c 75  35 65 39 34 5c 75 37 35
32 38 27 2c 0a 20 20 20  20 20 20 20 20 6e 6f 4f
70 65 6e 41 70 70 48 69  6e 74 3a 20 27 5c 75 37
30 62 39 5c 75 35 31 66  62 5c 75 35 64 65 36 5c
75 34 66 61 37 5c 75 35  65 39 34 5c 75 37 35 32
38 5c 75 35 36 66 65 5c  75 36 38 30 37 5c 75 66
66 30 63 5c 75 34 65 65  35 5c 75 36 32 35 33 5c
75 35 66 30 30 5c 75 35  65 39 34 5c 75 37 35 32
38 5c 75 33 30 30 32 27  2c 0a 20 20 20 20 20 20
20 20 6e 6f 41 70 70 73  3a 20 27 5c 75 36 63 61
31 5c 75 36 37 30 39 5c  75 35 33 33 39 5c 75 39
31 34 64 5c 75 37 36 38  34 5c 75 35 65 39 34 5c
75 37 35 32 38 27 2c 0a  20 20 20 20 20 20 20 20
6e 6f 4d 6f 72 65 41 70  70 73 3a 20 27 5c 75 36
63 61 31 5c 75 36 37 30  39 5c 75 36 36 66 34 5c
75 35 39 31 61 5c 75 35  65 39 34 5c 75 37 35 32
38 27 2c 0a 20 20 20 20  20 20 20 20 70 69 6e 3a
20 27 5c 75 37 66 36 65  5c 75 39 38 37 36 27 2c
0a 20 20 20 20 20 20 20  20 75 6e 70 69 6e 3a 20
27 5c 75 35 33 64 36 5c  75 36 64 38 38 27 2c 0a
20 20 20 20 20 20 20 20  70 69 6e 4c 69 6d 69 74
52 65 61 63 68 65 64 3a  20 27 5c 75 35 65 33 38
5c 75 37 35 32 38 5c 75  35 65 39 34 5c 75 37 35
32 38 5c 75 35 64 66 32  5c 75 36 65 65 31 20 38
20 5c 75 34 65 32 61 5c  75 66 66 30 63 5c 75 38
62 66 37 5c 75 35 31 34  38 5c 75 35 33 64 36 5c
75 36 64 38 38 5c 75 34  65 30 30 5c 75 34 65 32
61 27 2c 0a 20 20 20 20  20 20 20 20 65 64 69 74
3a 20 27 5c 75 37 66 31  36 5c 75 38 66 39 31 27
2c 0a 20 20 20 20 20 20  20 20 64 75 70 6c 69 63
61 74 65 3a 20 27 5c 75  35 39 30 64 5c 75 35 32
33 36 5c 75 35 65 39 34  5c 75 37 35 32 38 27 2c
0a 20 20 20 20 20 20 20  20 64 75 70 6c 69 63 61
74 65 53 75 66 66 69 78  3a 20 27 5c 75 35 32 36
66 5c 75 36 37 32 63 27  2c 0a 20 20 20 20 20 20
20 20 73 61 76 65 3a 20  27 5c 75 34 66 64 64 5c
75 35 62 35 38 27 2c 0a  20 20 20 20 20 20 20 20
63 61 6e 63 65 6c 3a 20  27 5c 75 35 33 64 36 5c
75 36 64 38 38 27 2c 0a  20 20 20 20 20 20 20 20
6d 6f 76 65 55 70 3a 20  27 5c 75 34 65 30 61 5c
75 37 39 66 62 27 2c 0a  20 20 20 20 20 20 20 20
6d 6f 76 65 44 6f 77 6e  3a 20 27 5c 75 34 65 30
62 5c 75 37 39 66 62 27  2c 0a 20 20 20 20 20 20
20 20 6d 6f 76 65 54 6f  70 3a 20 27 5c 75 37 39
66 62 5c 75 35 32 33 30  5c 75 39 38 37 36 5c 75
39 30 65 38 27 2c 0a 20  20 20 20 20 20 20 20 6d
6f 76 65 42 6f 74 74 6f  6d 3a 20 27 5c 75 37 39
66 62 5c 75 35 32 33 30  5c 75 35 65 39 35 5c 75
39 30 65 38 27 2c 0a 20  20 20 20 20 20 20 20 63
6c 65 61 72 46 69 6c 74  65 72 54 6f 53 6f 72 74
3a 20 27 5c 75 36 65 30  35 5c 75 37 61 37 61 5c
75 37 62 35 62 5c 75 39  30 30 39 5c 75 35 34 30
65 5c 75 38 63 30 33 5c  75 36 35 37 34 5c 75 39
38 37 61 5c 75 35 65 38  66 27 2c 0a 20 20 20 20
20 20 20 20 68 69 64 64  65 6e 3a 20 27 5c 75 39
36 39 30 5c 75 38 35 63  66 27 2c 0a 20 20 20 20
20 20 20 20 72 65 6d 6f  76 65 3a 20 27 5c 75 37
39 66 62 5c 75 39 36 36  34 27 2c 0a 20 20 20 20
20 20 20 20 72 65 73 74  6f 72 65 3a 20 27 5c 75
36 30 36 32 5c 75 35 39  30 64 27 2c 0a 20 20 20
20 20 20 20 20 68 69 64  64 65 6e 41 70 70 73 3a
20 27 5c 75 35 64 66 32  5c 75 39 36 39 30 5c 75
38 35 63 66 5c 75 35 65  39 34 5c 75 37 35 32 38
27 2c 0a 20 20 20 20 20  20 20 20 64 61 74 61 73
72 76 44 69 73 63 6f 76  65 72 79 3a 20 27 44 61
74 61 53 72 76 20 5c 75  38 30 66 64 5c 75 35 32
39 62 5c 75 35 33 64 31  5c 75 37 33 62 30 27 2c
0a 20 20 20 20 20 20 20  20 64 61 74 61 73 72 76
52 65 61 64 79 3a 20 27  5c 75 35 64 66 32 5c 75
38 66 64 65 5c 75 36 33  61 35 27 2c 0a 20 20 20
20 20 20 20 20 64 61 74  61 73 72 76 4c 6f 61 64
69 6e 67 3a 20 27 5c 75  38 62 66 62 5c 75 35 33
64 36 5c 75 34 65 32 64  27 2c 0a 20 20 20 20 20
20 20 20 64 61 74 61 73  72 76 44 69 73 61 62 6c
65 64 3a 20 27 5c 75 36  37 32 61 5c 75 35 34 32
66 5c 75 37 35 32 38 27  2c 0a 20 20 20 20 20 20
20 20 64 61 74 61 73 72  76 45 72 72 6f 72 3a 20
27 5c 75 34 65 30 64 5c  75 35 33 65 66 5c 75 37
35 32 38 27 2c 0a 20 20  20 20 20 20 20 20 61 64
64 54 6f 50 61 6e 65 6c  3a 20 27 5c 75 35 32 61
30 5c 75 35 32 33 30 5c  75 39 37 36 32 5c 75 36
37 37 66 27 2c 0a 20 20  20 20 20 20 20 20 61 64
64 65 64 3a 20 27 5c 75  35 64 66 32 5c 75 36 64
66 62 5c 75 35 32 61 30  27 2c 0a 20 20 20 20 20
20 20 20 64 69 73 63 6f  76 65 72 65 64 41 70 70
73 3a 20 27 5c 75 35 33  65 66 5c 75 37 35 31 66
5c 75 36 32 31 30 5c 75  35 65 39 34 5c 75 37 35
32 38 27 2c 0a 20 20 20  20 20 20 20 20 73 6b 69
6c 6c 41 70 70 73 3a 20  27 53 6b 69 6c 6c 20 5c
75 35 65 39 34 5c 75 37  35 32 38 27 2c 0a 20 20
20 20 20 20 20 20 73 6b  69 6c 6c 41 70 70 73 52
65 61 64 79 3a 20 27 5c  75 35 64 66 32 5c 75 35
33 64 31 5c 75 37 33 62  30 27 2c 0a 20 20 20 20
20 20 20 20 6d 61 6e 69  66 65 73 74 50 72 65 76
69 65 77 3a 20 27 5c 75  35 65 39 34 5c 75 37 35
32 38 20 6d 61 6e 69 66  65 73 74 20 5c 75 36 61
32 31 5c 75 36 37 37 66  27 2c 0a 20 20 20 20 20
20 20 20 6d 61 6e 69 66  65 73 74 3a 20 27 4d 61
6e 69 66 65 73 74 27 2c  0a 20 20 20 20 20 20 20
20 65 78 70 6f 72 74 50  61 63 6b 3a 20 27 5c 75
35 39 30 64 5c 75 35 32  33 36 5c 75 35 65 39 34
5c 75 37 35 32 38 5c 75  35 33 30 35 27 2c 0a 20
20 20 20 20 20 20 20 63  6f 70 79 3a 20 27 5c 75
35 39 30 64 5c 75 35 32  33 36 27 2c 0a 20 20 20
20 20 20 20 20 63 6f 70  69 65 64 3a 20 27 5c 75
35 64 66 32 5c 75 35 39  30 64 5c 75 35 32 33 36
27 2c 0a 20 20 20 20 20  20 20 20 66 69 65 6c 64
73 3a 20 27 5c 75 38 38  36 38 5c 75 35 33 35 35
5c 75 35 62 35 37 5c 75  36 62 62 35 27 2c 0a 20
20 20 20 20 20 20 20 61  64 64 46 69 65 6c 64 3a
20 27 5c 75 36 64 66 62  5c 75 35 32 61 30 5c 75
35 62 35 37 5c 75 36 62  62 35 27 2c 0a 20 20 20
20 20 20 20 20 64 65 6c  65 74 65 46 69 65 6c 64
3a 20 27 5c 75 35 32 32  30 5c 75 39 36 36 34 5c
75 35 62 35 37 5c 75 36  62 62 35 27 2c 0a 20 20
20 20 20 20 20 20 66 69  65 6c 64 4e 61 6d 65 3a
20 27 5c 75 35 62 35 37  5c 75 36 62 62 35 5c 75
35 34 30 64 27 2c 0a 20  20 20 20 20 20 20 20 66
69 65 6c 64 4c 61 62 65  6c 3a 20 27 5c 75 36 36
33 65 5c 75 37 39 33 61  5c 75 35 34 30 64 27 2c
0a 20 20 20 20 20 20 20  20 66 69 65 6c 64 54 79
70 65 3a 20 27 5c 75 37  63 37 62 5c 75 35 37 38
62 27 2c 0a 20 20 20 20  20 20 20 20 66 69 65 6c
64 52 65 71 75 69 72 65  64 3a 20 27 5c 75 35 66
63 35 5c 75 35 38 36 62  27 2c 0a 20 20 20 20 20
20 20 20 64 65 66 61 75  6c 74 56 61 6c 75 65 3a
20 27 5c 75 39 65 64 38  5c 75 38 62 61 34 5c 75
35 30 33 63 27 2c 0a 20  20 20 20 20 20 20 20 6f
70 74 69 6f 6e 73 3a 20  27 5c 75 39 30 30 39 5c
75 39 38 37 39 27 2c 0a  20 20 20 20 20 20 20 20
61 70 70 43 6f 6c 6f 72  3a 20 27 5c 75 35 36 66
65 5c 75 36 38 30 37 5c  75 39 38 39 63 5c 75 38
32 37 32 27 2c 0a 20 20  20 20 20 20 20 20 76 61
6c 69 64 61 74 69 6f 6e  4d 69 73 73 69 6e 67 3a
20 27 5c 75 38 62 66 37  5c 75 38 38 36 35 5c 75
35 31 34 35 5c 75 35 66  63 35 5c 75 35 38 36 62
5c 75 38 66 39 33 5c 75  35 31 36 35 27 2c 0a 20
20 20 20 20 20 20 20 69  6e 73 74 61 6c 6c 4d 61
6e 69 66 65 73 74 3a 20  27 5c 75 35 62 38 39 5c
75 38 38 63 35 5c 75 35  65 39 34 5c 75 37 35 32
38 5c 75 35 33 30 35 27  2c 0a 20 20 20 20 20 20
20 20 6d 61 72 6b 65 74  41 70 70 73 3a 20 27 5c
75 35 65 39 34 5c 75 37  35 32 38 5c 75 35 65 30
32 5c 75 35 37 33 61 27  2c 0a 20 20 20 20 20 20
20 20 6d 61 72 6b 65 74  41 64 76 61 6e 63 65 64
49 6d 70 6f 72 74 3a 20  27 5c 75 35 62 66 63 5c
75 35 31 36 35 5c 75 35  65 39 34 5c 75 37 35 32
38 5c 75 35 33 30 35 27  2c 0a 20 20 20 20 20 20
20 20 6d 61 72 6b 65 74  41 64 76 61 6e 63 65 64
49 6d 70 6f 72 74 48 69  6e 74 3a 20 27 5c 75 37
63 39 38 5c 75 38 64 33  34 5c 75 35 64 66 32 5c
75 35 62 61 31 5c 75 36  38 33 38 5c 75 37 36 38
34 5c 75 35 65 39 34 5c  75 37 35 32 38 5c 75 35
33 30 35 20 4a 53 4f 4e  5c 75 66 66 30 63 5c 75
39 30 30 32 5c 75 35 34  30 38 5c 75 37 62 61 31
5c 75 37 34 30 36 5c 75  35 34 35 38 5c 75 36 32
31 36 5c 75 37 39 63 31  5c 75 36 37 30 39 5c 75
35 65 39 34 5c 75 37 35  32 38 5c 75 33 30 30 32
27 2c 0a 20 20 20 20 20  20 20 20 6d 61 72 6b 65
74 53 6f 75 72 63 65 3a  20 27 5c 75 36 37 36 35
5c 75 36 65 39 30 27 2c  0a 20 20 20 20 20 20 20
20 6d 61 72 6b 65 74 41  64 64 61 62 6c 65 43 6f
75 6e 74 3a 20 27 5c 75  35 33 65 66 5c 75 36 64
66 62 5c 75 35 32 61 30  27 2c 0a 20 20 20 20 20
20 20 20 6d 61 72 6b 65  74 55 70 67 72 61 64 65
61 62 6c 65 43 6f 75 6e  74 3a 20 27 5c 75 35 33
65 66 5c 75 35 33 34 37  5c 75 37 65 61 37 27 2c
0a 20 20 20 20 20 20 20  20 6d 61 72 6b 65 74 41
64 64 3a 20 27 5c 75 36  64 66 62 5c 75 35 32 61
30 27 2c 0a 20 20 20 20  20 20 20 20 70 61 73 74
65 4d 61 6e 69 66 65 73  74 3a 20 27 5c 75 37 63
39 38 5c 75 38 64 33 34  5c 75 35 65 39 34 5c 75
37 35 32 38 5c 75 35 33  30 35 20 4a 53 4f 4e 5c
75 66 66 30 38 6d 61 63  6c 61 77 2e 61 70 70 2e
76 31 20 2f 20 6d 61 63  6c 61 77 2e 61 70 70 2e
70 61 63 6b 2e 76 31 20  2f 20 6d 61 63 6c 61 77
2e 61 70 70 73 2e 6a 73  6f 6e 5c 75 66 66 30 39
27 2c 0a 20 20 20 20 20  20 20 20 69 6e 73 74 61
6c 6c 3a 20 27 5c 75 35  62 38 39 5c 75 38 38 63
35 27 2c 0a 20 20 20 20  20 20 20 20 63 6f 6e 66
69 72 6d 48 69 67 68 52  69 73 6b 49 6e 73 74 61
6c 6c 3a 20 27 5c 75 37  38 36 65 5c 75 38 62 61
34 5c 75 35 62 38 39 5c  75 38 38 63 35 27 2c 0a
20 20 20 20 20 20 20 20  68 69 67 68 52 69 73 6b
49 6e 73 74 61 6c 6c 57  61 72 6e 69 6e 67 3a 20
27 5c 75 39 30 30 39 5c  75 34 65 32 64 5c 75 37
36 38 34 5c 75 35 33 34  37 5c 75 37 65 61 37 5c
75 35 33 30 35 5c 75 35  33 30 35 5c 75 35 34 32
62 5c 75 39 61 64 38 5c  75 39 38 63 65 5c 75 39
36 36 39 5c 75 36 35 62  30 5c 75 36 37 34 33 5c
75 39 36 35 30 5c 75 66  66 30 63 5c 75 39 37 30
30 5c 75 35 31 38 64 5c  75 36 62 32 31 5c 75 37
38 36 65 5c 75 38 62 61  34 5c 75 33 30 30 32 27
2c 0d 0a 20 20 20 20 20  20 20 20 64 65 70 65 6e
64 65 6e 63 79 50 6c 61  6e 4c 6f 61 64 69 6e 67
3a 20 27 5c 75 36 62 36  33 5c 75 35 37 32 38 5c
75 36 38 63 30 5c 75 36  37 65 35 20 53 6b 69 6c
6c 20 5c 75 34 66 39 64  5c 75 38 64 35 36 27 2c
0d 0a 20 20 20 20 20 20  20 20 6d 69 73 73 69 6e
67 52 65 71 75 69 72 65  64 44 65 70 65 6e 64 65
6e 63 79 3a 20 27 5c 75  37 66 33 61 5c 75 35 63
31 31 5c 75 35 66 63 35  5c 75 39 37 30 30 20 53
6b 69 6c 6c 20 5c 75 34  66 39 64 5c 75 38 64 35
36 5c 75 66 66 30 63 5c  75 38 62 66 37 5c 75 35
31 34 38 5c 75 35 62 38  39 5c 75 38 38 63 35 5c
75 34 66 39 64 5c 75 38  64 35 36 27 2c 0d 0a 20
20 20 20 20 20 20 20 64  65 70 65 6e 64 65 6e 63
79 50 6c 61 6e 45 72 72  6f 72 3a 20 27 5c 75 34
66 39 64 5c 75 38 64 35  36 5c 75 36 38 63 30 5c
75 36 37 65 35 5c 75 35  39 33 31 5c 75 38 64 32
35 27 2c 0d 0a 20 20 20  20 20 20 20 20 73 6b 69
6c 6c 44 65 70 65 6e 64  65 6e 63 69 65 73 3a 20
27 5c 75 34 66 39 64 5c  75 38 64 35 36 20 53 6b
69 6c 6c 27 2c 0d 0a 20  20 20 20 20 20 20 20 69
6e 73 74 61 6c 6c 65 64  44 65 70 65 6e 64 65 6e
63 79 3a 20 27 5c 75 35  64 66 32 5c 75 35 62 38
39 5c 75 38 38 63 35 27  2c 0d 0a 20 20 20 20 20
20 20 20 6d 69 73 73 69  6e 67 44 65 70 65 6e 64
65 6e 63 79 3a 20 27 5c  75 37 66 33 61 5c 75 35
39 33 31 27 2c 0a 20 20  20 20 20 20 20 20 69 6e
73 74 61 6c 6c 50 72 65  76 69 65 77 3a 20 27 5c
75 35 62 38 39 5c 75 38  38 63 35 5c 75 39 38 38
34 5c 75 38 39 63 38 27  2c 0a 20 20 20 20 20 20
20 20 77 69 6c 6c 49 6e  73 74 61 6c 6c 3a 20 27
5c 75 35 63 30 36 5c 75  35 62 38 39 5c 75 38 38
63 35 27 2c 0a 20 20 20  20 20 20 20 20 77 69 6c
6c 55 70 67 72 61 64 65  3a 20 27 5c 75 35 63 30
36 5c 75 35 33 34 37 5c  75 37 65 61 37 27 2c 0a
20 20 20 20 20 20 20 20  70 65 72 6d 69 73 73 69
6f 6e 43 68 61 6e 67 65  73 3a 20 27 5c 75 36 37
34 33 5c 75 39 36 35 30  5c 75 35 33 64 38 5c 75
35 33 31 36 27 2c 0a 20  20 20 20 20 20 20 20 68
69 67 68 52 69 73 6b 50  65 72 6d 69 73 73 69 6f
6e 3a 20 27 5c 75 39 61  64 38 5c 75 39 38 63 65
5c 75 39 36 36 39 27 2c  0a 20 20 20 20 20 20 20
20 77 69 6c 6c 53 6b 69  70 3a 20 27 5c 75 35 63
30 36 5c 75 38 64 66 33  5c 75 38 66 63 37 27 2c
0a 20 20 20 20 20 20 20  20 61 6c 72 65 61 64 79
49 6e 73 74 61 6c 6c 65  64 3a 20 27 5c 75 35 64
66 32 5c 75 35 62 38 39  5c 75 38 38 63 35 27 2c
0a 20 20 20 20 20 20 20  20 64 75 70 6c 69 63 61
74 65 41 70 70 3a 20 27  5c 75 39 31 63 64 5c 75
35 39 30 64 5c 75 35 65  39 34 5c 75 37 35 32 38
27 2c 0a 20 20 20 20 20  20 20 20 6e 6f 74 53 65
6c 65 63 74 65 64 3a 20  27 5c 75 36 37 32 61 5c
75 39 30 30 39 5c 75 36  32 65 39 27 2c 0a 20 20
20 20 20 20 20 20 73 65  6c 65 63 74 41 6c 6c 3a
20 27 5c 75 35 31 36 38  5c 75 39 30 30 39 27 2c
0a 20 20 20 20 20 20 20  20 63 6c 65 61 72 53 65
6c 65 63 74 69 6f 6e 3a  20 27 5c 75 35 31 36 38
5c 75 34 65 30 64 5c 75  39 30 30 39 27 2c 0a 20
20 20 20 20 20 20 20 69  6e 73 74 61 6c 6c 61 62
6c 65 43 6f 75 6e 74 3a  20 27 5c 75 35 33 65 66
5c 75 35 62 38 39 5c 75  38 38 63 35 27 2c 0a 20
20 20 20 20 20 20 20 75  70 67 72 61 64 65 61 62
6c 65 43 6f 75 6e 74 3a  20 27 5c 75 35 33 65 66
5c 75 35 33 34 37 5c 75  37 65 61 37 27 2c 0a 20
20 20 20 20 20 20 20 69  6e 73 74 61 6c 6c 65 64
43 6f 75 6e 74 3a 20 27  5c 75 35 64 66 32 5c 75
35 62 38 39 5c 75 38 38  63 35 27 2c 0a 20 20 20
20 20 20 20 20 75 70 67  72 61 64 65 64 43 6f 75
6e 74 3a 20 27 5c 75 35  64 66 32 5c 75 35 33 34
37 5c 75 37 65 61 37 27  2c 0a 20 20 20 20 20 20
20 20 75 70 67 72 61 64  65 64 49 74 65 6d 3a 20
27 5c 75 35 64 66 32 5c  75 35 33 34 37 5c 75 37
65 61 37 27 2c 0a 20 20  20 20 20 20 20 20 73 6b
69 70 70 65 64 49 74 65  6d 3a 20 27 5c 75 35 64
66 32 5c 75 38 64 66 33  5c 75 38 66 63 37 27 2c
0a 20 20 20 20 20 20 20  20 69 6e 73 74 61 6c 6c
44 65 74 61 69 6c 73 3a  20 27 5c 75 35 62 38 39
5c 75 38 38 63 35 5c 75  36 36 30 65 5c 75 37 65
63 36 27 2c 0a 20 20 20  20 20 20 20 20 73 6b 69
70 70 65 64 43 6f 75 6e  74 3a 20 27 5c 75 35 64
66 32 5c 75 38 64 66 33  5c 75 38 66 63 37 27 2c
0a 20 20 20 20 20 20 20  20 69 6e 73 74 61 6c 6c
45 72 72 6f 72 3a 20 27  5c 75 35 65 39 34 5c 75
37 35 32 38 5c 75 35 33  30 35 5c 75 36 35 65 30
5c 75 36 35 34 38 27 2c  0a 20 20 20 20 20 20 20
20 70 61 72 73 65 45 72  72 6f 72 3a 20 27 4a 53
4f 4e 20 5c 75 38 39 65  33 5c 75 36 37 39 30 5c
75 35 39 33 31 5c 75 38  64 32 35 27 2c 0a 20 20
20 20 20 20 20 20 73 63  68 65 6d 61 45 72 72 6f
72 3a 20 27 5c 75 36 37  32 61 5c 75 38 62 63 36
5c 75 35 32 32 62 5c 75  35 65 39 34 5c 75 37 35
32 38 5c 75 35 33 30 35  5c 75 36 38 33 63 5c 75
35 66 30 66 27 2c 0a 20  20 20 20 20 20 20 20 63
6c 6f 73 65 3a 20 27 5c  75 35 31 37 33 5c 75 39
35 65 64 27 2c 0a 20 20  20 20 7d 2c 0a 20 20 20
20 65 6e 3a 20 7b 0a 20  20 20 20 20 20 20 20 73
65 61 72 63 68 3a 20 27  53 65 61 72 63 68 20 61
70 70 73 27 2c 0a 20 20  20 20 20 20 20 20 63 6c
65 61 72 53 65 61 72 63  68 3a 20 27 43 6c 65 61
72 20 73 65 61 72 63 68  27 2c 0a 20 20 20 20 20
20 20 20 72 65 73 65 74  46 69 6c 74 65 72 3a 20
27 52 65 73 65 74 20 66  69 6c 74 65 72 73 27 2c
0a 20 20 20 20 20 20 20  20 63 72 65 61 74 65 3a
20 27 43 72 65 61 74 65  27 2c 0a 20 20 20 20 20
20 20 20 63 61 74 65 67  6f 72 79 3a 20 27 43 61
74 65 67 6f 72 79 27 2c  0a 20 20 20 20 20 20 20
20 61 6c 6c 3a 20 27 41  6c 6c 20 61 70 70 73 27
2c 0a 20 20 20 20 20 20  20 20 6f 74 68 65 72 41
70 70 73 3a 20 27 4f 74  68 65 72 20 61 70 70 73
27 2c 0a 20 20 20 20 20  20 20 20 70 69 6e 6e 65
64 3a 20 27 50 69 6e 6e  65 64 20 61 70 70 73 27
2c 0a 20 20 20 20 20 20  20 20 72 65 63 65 6e 74
3a 20 27 52 65 63 65 6e  74 27 2c 0a 20 20 20 20
20 20 20 20 73 65 61 72  63 68 52 65 73 75 6c 74
73 3a 20 27 53 65 61 72  63 68 20 72 65 73 75 6c
74 73 27 2c 0a 20 20 20  20 20 20 20 20 72 65 63
65 6e 74 55 73 65 64 3a  20 27 52 65 63 65 6e 74
27 2c 0a 20 20 20 20 20  20 20 20 6e 65 76 65 72
55 73 65 64 3a 20 27 4e  65 76 65 72 20 75 73 65
64 27 2c 0a 20 20 20 20  20 20 20 20 61 70 70 53
74 61 74 75 73 3a 20 27  53 74 61 74 75 73 27 2c
0a 20 20 20 20 20 20 20  20 61 70 70 41 76 61 69
6c 61 62 6c 65 3a 20 27  41 76 61 69 6c 61 62 6c
65 27 2c 0a 20 20 20 20  20 20 20 20 61 70 70 52
75 6e 6e 69 6e 67 3a 20  27 52 75 6e 6e 69 6e 67
27 2c 0a 20 20 20 20 20  20 20 20 61 70 70 73 3a
20 27 41 70 70 73 27 2c  0a 20 20 20 20 20 20 20
20 61 70 70 53 74 75 64  69 6f 3a 20 27 41 70 70
20 53 74 75 64 69 6f 27  2c 0a 20 20 20 20 20 20
20 20 73 74 75 64 69 6f  53 75 62 74 69 74 6c 65
3a 20 27 43 72 65 61 74  65 2c 20 6d 61 6e 61 67
65 2c 20 61 6e 64 20 61  64 64 20 61 70 70 73 20
66 72 6f 6d 20 74 68 65  20 63 61 70 61 62 69 6c
69 74 79 20 6d 61 72 6b  65 74 2e 27 2c 0a 20 20
20 20 20 20 20 20 63 72  65 61 74 65 54 61 62 3a
20 27 43 72 65 61 74 65  20 61 70 70 27 2c 0a 20
20 20 20 20 20 20 20 70  72 6f 6d 70 74 44 72 61
66 74 3a 20 27 47 65 6e  65 72 61 74 65 20 64 72
61 66 74 20 66 72 6f 6d  20 63 68 61 74 27 2c 0a
20 20 20 20 20 20 20 20  67 65 6e 65 72 61 74 65
44 72 61 66 74 3a 20 27  47 65 6e 65 72 61 74 65
20 64 72 61 66 74 27 2c  0a 20 20 20 20 20 20 20
20 64 72 61 66 74 50 72  6f 6d 70 74 50 6c 61 63
65 68 6f 6c 64 65 72 3a  20 27 45 78 61 6d 70 6c
65 3a 20 62 75 69 6c 64  20 61 20 63 6f 6e 74 72
61 63 74 20 66 69 6c 69  6e 67 20 61 70 70 2c 20
75 70 6c 6f 61 64 20 57  6f 72 64 2f 50 44 46 2c
20 6f 75 74 70 75 74 20  61 72 63 68 69 76 65 20
6e 75 6d 62 65 72 20 61  6e 64 20 72 65 76 69 65
77 20 72 65 73 75 6c 74  27 2c 0a 20 20 20 20 20
20 20 20 6d 61 6e 61 67  65 54 61 62 3a 20 27 4d
61 6e 61 67 65 20 61 70  70 73 27 2c 0a 20 20 20
20 20 20 20 20 6d 61 72  6b 65 74 54 61 62 3a 20
27 41 64 64 20 66 72 6f  6d 20 6d 61 72 6b 65 74
27 2c 0a 20 20 20 20 20  20 20 20 70 75 62 6c 69
73 68 54 61 62 3a 20 27  52 65 76 69 65 77 20 2f
20 70 75 62 6c 69 73 68  27 2c 0a 20 20 20 20 20
20 20 20 70 75 62 6c 69  73 68 53 75 62 74 69 74
6c 65 3a 20 27 43 68 65  63 6b 20 77 68 65 74 68
65 72 20 6c 6f 63 61 6c  20 61 70 70 73 20 61 72
65 20 72 65 61 64 79 20  66 6f 72 20 75 70 6c 6f
61 64 20 74 6f 20 74 68  65 20 65 6e 74 65 72 70
72 69 73 65 20 63 61 70  61 62 69 6c 69 74 79 20
6d 61 72 6b 65 74 2e 27  2c 0a 20 20 20 20 20 20
20 20 70 75 62 6c 69 73  68 43 68 65 63 6b 6c 69
73 74 3a 20 27 50 75 62  6c 69 73 68 20 63 68 65
63 6b 6c 69 73 74 27 2c  0a 20 20 20 20 20 20 20
20 72 65 61 64 79 54 6f  53 75 62 6d 69 74 3a 20
27 52 65 61 64 79 20 74  6f 20 73 75 62 6d 69 74
27 2c 0a 20 20 20 20 20  20 20 20 6e 65 65 64 73
57 6f 72 6b 3a 20 27 4e  65 65 64 73 20 77 6f 72
6b 27 2c 0a 20 20 20 20  20 20 20 20 73 75 62 6d
69 74 50 61 63 6b 61 67  65 3a 20 27 53 75 62 6d
69 73 73 69 6f 6e 20 70  61 63 6b 61 67 65 20 70
72 65 76 69 65 77 27 2c  0a 20 20 20 20 20 20 20
20 63 6f 70 79 53 75 62  6d 69 74 50 61 63 6b 61
67 65 3a 20 27 43 6f 70  79 20 73 75 62 6d 69 73
73 69 6f 6e 20 70 61 63  6b 61 67 65 27 2c 0a 20
20 20 20 20 20 20 20 6e  6f 50 75 62 6c 69 73 68
41 70 70 73 3a 20 27 4e  6f 20 6c 6f 63 61 6c 20
61 70 70 73 20 72 65 61  64 79 20 66 6f 72 20 70
75 62 6c 69 73 68 69 6e  67 20 79 65 74 27 2c 0a
20 20 20 20 20 20 20 20  73 75 62 6d 69 74 52 65
76 69 65 77 3a 20 27 53  75 62 6d 69 74 20 66 6f
72 20 72 65 76 69 65 77  27 2c 0a 20 20 20 20 20
20 20 20 73 75 62 6d 69  74 74 65 64 52 65 76 69
65 77 3a 20 27 53 75 62  6d 69 74 74 65 64 27 2c
0a 20 20 20 20 20 20 20  20 70 65 6e 64 69 6e 67
52 65 76 69 65 77 3a 20  27 57 61 69 74 69 6e 67
20 66 6f 72 20 65 6e 74  65 72 70 72 69 73 65 20
6d 61 72 6b 65 74 20 72  65 76 69 65 77 27 2c 0a
20 20 20 20 20 20 20 20  6c 6f 63 61 6c 52 65 76
69 65 77 50 65 6e 64 69  6e 67 3a 20 27 4c 6f 63
61 6c 20 73 79 6e 63 20  70 65 6e 64 69 6e 67 27
2c 0a 20 20 20 20 20 20  20 20 6c 6f 63 61 6c 4d
6f 64 69 66 69 65 64 52  65 76 69 65 77 3a 20 27
4d 6f 64 69 66 69 65 64  20 6c 6f 63 61 6c 6c 79
2c 20 72 65 73 75 62 6d  69 74 20 72 65 71 75 69
72 65 64 27 2c 0a 20 20  20 20 20 20 20 20 6c 6f
63 61 6c 4d 6f 64 69 66  69 65 64 41 74 3a 20 27
4c 6f 63 61 6c 20 63 68  61 6e 67 65 27 2c 0a 20
20 20 20 20 20 20 20 73  75 62 6d 69 74 52 65 76
69 65 77 42 75 73 79 3a  20 27 53 75 62 6d 69 74
74 69 6e 67 27 2c 0a 20  20 20 20 20 20 20 20 73
75 62 6d 69 74 52 65 76  69 65 77 4c 6f 63 61 6c
46 61 6c 6c 62 61 63 6b  3a 20 27 45 6e 74 65 72
70 72 69 73 65 20 6d 61  72 6b 65 74 20 69 73 20
6e 6f 74 20 63 6f 6e 6e  65 63 74 65 64 20 79 65
74 3b 20 73 61 76 65 64  20 61 73 20 61 20 6c 6f
63 61 6c 20 70 65 6e 64  69 6e 67 20 73 75 62 6d
69 73 73 69 6f 6e 2e 27  2c 0a 20 20 20 20 20 20
20 20 6c 6f 63 61 6c 53  75 62 6d 69 73 73 69 6f
6e 51 75 65 75 65 3a 20  27 4c 6f 63 61 6c 20 73
75 62 6d 69 73 73 69 6f  6e 20 71 75 65 75 65 27
2c 0a 20 20 20 20 20 20  20 20 6e 6f 4c 6f 63 61
6c 53 75 62 6d 69 73 73  69 6f 6e 51 75 65 75 65
3a 20 27 4e 6f 20 6c 6f  63 61 6c 20 70 65 6e 64
69 6e 67 20 73 75 62 6d  69 73 73 69 6f 6e 73 27
2c 0a 20 20 20 20 20 20  20 20 6c 6f 63 61 6c 53
75 62 6d 69 73 73 69 6f  6e 51 75 65 75 65 45 72
72 6f 72 3a 20 27 46 61  69 6c 65 64 20 74 6f 20
72 65 61 64 20 73 75 62  6d 69 73 73 69 6f 6e 20
71 75 65 75 65 27 2c 0a  20 20 20 20 20 20 20 20
6c 6f 63 61 6c 53 75 62  6d 69 73 73 69 6f 6e 51
75 65 75 65 4c 6f 61 64  69 6e 67 3a 20 27 52 65
61 64 69 6e 67 20 73 75  62 6d 69 73 73 69 6f 6e
20 71 75 65 75 65 27 2c  0a 20 20 20 20 20 20 20
20 72 65 66 72 65 73 68  51 75 65 75 65 3a 20 27
52 65 66 72 65 73 68 27  2c 0a 20 20 20 20 20 20
20 20 72 65 66 72 65 73  68 69 6e 67 51 75 65 75
65 3a 20 27 52 65 66 72  65 73 68 69 6e 67 27 2c
0a 20 20 20 20 20 20 20  20 71 75 65 75 65 52 65
66 72 65 73 68 65 64 41  74 3a 20 27 4c 61 73 74
20 72 65 66 72 65 73 68  65 64 27 2c 0a 20 20 20
20 20 20 20 20 63 6f 70  79 51 75 65 75 65 50 61
63 6b 61 67 65 3a 20 27  43 6f 70 79 20 71 75 65
75 65 64 20 70 61 63 6b  61 67 65 27 2c 0a 20 20
20 20 20 20 20 20 63 6f  70 79 51 75 65 75 65 41
75 64 69 74 3a 20 27 43  6f 70 79 20 61 75 64 69
74 27 2c 0a 20 20 20 20  20 20 20 20 76 69 65 77
51 75 65 75 65 44 65 74  61 69 6c 3a 20 27 56 69
65 77 20 64 65 74 61 69  6c 73 27 2c 0a 20 20 20
20 20 20 20 20 68 69 64  65 51 75 65 75 65 44 65
74 61 69 6c 3a 20 27 48  69 64 65 20 64 65 74 61
69 6c 73 27 2c 0a 20 20  20 20 20 20 20 20 71 75
65 75 65 44 65 74 61 69  6c 4c 6f 61 64 69 6e 67
3a 20 27 52 65 61 64 69  6e 67 20 64 65 74 61 69
6c 73 27 2c 0a 20 20 20  20 20 20 20 20 71 75 65
75 65 44 65 74 61 69 6c  54 69 74 6c 65 3a 20 27
53 75 62 6d 69 73 73 69  6f 6e 20 64 65 74 61 69
6c 73 27 2c 0a 20 20 20  20 20 20 20 20 71 75 65
75 65 44 65 74 61 69 6c  50 61 63 6b 61 67 65 41
70 70 73 3a 20 27 50 61  63 6b 61 67 65 20 61 70
70 73 27 2c 0a 20 20 20  20 20 20 20 20 71 75 65
75 65 44 65 74 61 69 6c  45 76 65 6e 74 73 3a 20
27 41 75 64 69 74 20 65  76 65 6e 74 73 27 2c 0a
20 20 20 20 20 20 20 20  63 6f 70 79 69 6e 67 51
75 65 75 65 50 61 63 6b  61 67 65 3a 20 27 43 6f
70 79 69 6e 67 27 2c 0a  20 20 20 20 20 20 20 20
71 75 65 75 65 50 61 63  6b 61 67 65 43 6f 70 69
65 64 3a 20 27 43 6f 70  69 65 64 27 2c 0a 20 20
20 20 20 20 20 20 71 75  65 75 65 41 75 64 69 74
43 6f 70 69 65 64 3a 20  27 41 75 64 69 74 20 63
6f 70 69 65 64 27 2c 0a  20 20 20 20 20 20 20 20
71 75 65 75 65 50 61 63  6b 61 67 65 55 6e 61 76
61 69 6c 61 62 6c 65 3a  20 27 46 75 6c 6c 20 70
61 63 6b 61 67 65 20 75  6e 61 76 61 69 6c 61 62
6c 65 27 2c 0a 20 20 20  20 20 20 20 20 72 65 76
69 65 77 49 73 73 75 65  73 3a 20 27 52 65 76 69
65 77 20 69 73 73 75 65  73 27 2c 0a 20 20 20 20
20 20 20 20 72 65 76 69  65 77 49 73 73 75 65 73
4d 6f 72 65 3a 20 27 70  6c 75 73 27 2c 0a 20 20
20 20 20 20 20 20 72 65  76 69 65 77 49 73 73 75
65 73 4d 6f 72 65 55 6e  69 74 3a 20 27 6d 6f 72
65 27 2c 0a 20 20 20 20  20 20 20 20 66 69 78 52
65 76 69 65 77 49 73 73  75 65 3a 20 27 46 69 78
27 2c 0a 20 20 20 20 20  20 20 20 61 70 70 56 65
72 73 69 6f 6e 3a 20 27  56 65 72 73 69 6f 6e 27
2c 0a 20 20 20 20 20 20  20 20 72 65 76 69 65 77
65 72 3a 20 27 52 65 76  69 65 77 65 72 27 2c 0a
20 20 20 20 20 20 20 20  72 69 73 6b 4c 65 76 65
6c 3a 20 27 52 69 73 6b  27 2c 0a 20 20 20 20 20
20 20 20 61 70 70 72 6f  76 65 64 53 63 6f 70 65
73 3a 20 27 41 70 70 72  6f 76 65 64 20 73 63 6f
70 65 73 27 2c 0a 20 20  20 20 20 20 20 20 65 76
65 6e 74 48 69 73 74 6f  72 79 3a 20 27 45 76 65
6e 74 73 27 2c 0a 20 20  20 20 20 20 20 20 72 65
76 69 65 77 46 61 69 6c  65 64 3a 20 27 43 68 61
6e 67 65 73 20 72 65 71  75 65 73 74 65 64 27 2c
0a 20 20 20 20 20 20 20  20 72 65 76 69 65 77 41
70 70 72 6f 76 65 64 3a  20 27 41 70 70 72 6f 76
65 64 27 2c 0a 20 20 20  20 20 20 20 20 72 65 76
69 65 77 50 75 62 6c 69  73 68 65 64 3a 20 27 50
75 62 6c 69 73 68 65 64  27 2c 0a 20 20 20 20 20
20 20 20 72 65 76 69 65  77 44 65 70 72 65 63 61
74 65 64 3a 20 27 44 65  70 72 65 63 61 74 65 64
27 2c 0a 20 20 20 20 20  20 20 20 72 65 76 69 65
77 52 65 76 6f 6b 65 64  3a 20 27 52 65 76 6f 6b
65 64 27 2c 0a 20 20 20  20 20 20 20 20 73 75 62
6d 69 73 73 69 6f 6e 49  64 3a 20 27 53 75 62 6d
69 73 73 69 6f 6e 20 49  44 27 2c 0a 20 20 20 20
20 20 20 20 77 69 74 68  64 72 61 77 53 75 62 6d
69 73 73 69 6f 6e 3a 20  27 57 69 74 68 64 72 61
77 20 73 75 62 6d 69 73  73 69 6f 6e 27 2c 0a 20
20 20 20 20 20 20 20 72  75 6e 3a 20 27 52 75 6e
27 2c 0a 20 20 20 20 20  20 20 20 72 65 73 65 74
3a 20 27 52 65 73 65 74  27 2c 0a 20 20 20 20 20
20 20 20 6f 75 74 70 75  74 3a 20 27 4f 75 74 70
75 74 27 2c 0a 20 20 20  20 20 20 20 20 75 70 6c
6f 61 64 3a 20 27 44 72  6f 70 20 6f 72 20 63 68
6f 6f 73 65 20 66 69 6c  65 73 27 2c 0a 20 20 20
20 20 20 20 20 63 68 6f  6f 73 65 46 69 6c 65 3a
20 27 43 68 6f 6f 73 65  20 66 69 6c 65 27 2c 0a
20 20 20 20 20 20 20 20  73 65 6c 65 63 74 65 64
46 69 6c 65 3a 20 27 53  65 6c 65 63 74 65 64 27
2c 0a 20 20 20 20 20 20  20 20 6e 6f 46 69 6c 65
3a 20 27 4e 6f 20 66 69  6c 65 20 73 65 6c 65 63
74 65 64 27 2c 0a 20 20  20 20 20 20 20 20 72 65
61 64 79 4f 75 74 70 75  74 3a 20 27 57 61 69 74
69 6e 67 20 74 6f 20 72  75 6e 27 2c 0a 20 20 20
20 20 20 20 20 67 65 6e  65 72 61 74 65 64 4f 75
74 70 75 74 3a 20 27 4f  75 74 70 75 74 20 67 65
6e 65 72 61 74 65 64 27  2c 0a 20 20 20 20 20 20
20 20 73 6b 69 6c 6c 52  75 6e 53 74 61 72 74 65
64 3a 20 27 53 6b 69 6c  6c 20 72 75 6e 20 73 74
61 72 74 65 64 27 2c 0a  20 20 20 20 20 20 20 20
73 6b 69 6c 6c 52 75 6e  52 75 6e 6e 69 6e 67 3a
20 27 53 6b 69 6c 6c 20  72 75 6e 6e 69 6e 67 27
2c 0a 20 20 20 20 20 20  20 20 73 6b 69 6c 6c 52
75 6e 43 6f 6d 70 6c 65  74 65 64 3a 20 27 53 6b
69 6c 6c 20 63 6f 6d 70  6c 65 74 65 64 27 2c 0a
20 20 20 20 20 20 20 20  73 6b 69 6c 6c 52 75 6e
46 61 69 6c 65 64 3a 20  27 53 6b 69 6c 6c 20 66
61 69 6c 65 64 27 2c 0a  20 20 20 20 20 20 20 20
73 6b 69 6c 6c 52 75 6e  43 61 6e 63 65 6c 6c 65
64 3a 20 27 53 6b 69 6c  6c 20 63 61 6e 63 65 6c
6c 65 64 27 2c 0a 20 20  20 20 20 20 20 20 72 75
6e 53 74 65 70 73 3a 20  27 52 75 6e 20 73 74 65
70 73 27 2c 0a 20 20 20  20 20 20 20 20 72 75 6e
41 72 74 69 66 61 63 74  73 3a 20 27 4f 75 74 70
75 74 20 61 72 74 69 66  61 63 74 73 27 2c 0a 20
20 20 20 20 20 20 20 72  75 6e 74 69 6d 65 49 6e
70 75 74 3a 20 27 49 6e  70 75 74 27 2c 0a 20 20
20 20 20 20 20 20 72 75  6e 74 69 6d 65 53 74 61
74 75 73 3a 20 27 52 75  6e 20 73 74 61 74 75 73
27 2c 0a 20 20 20 20 20  20 20 20 72 75 6e 74 69
6d 65 4f 75 74 70 75 74  3a 20 27 4f 75 74 70 75
74 27 2c 0a 20 20 20 20  20 20 20 20 6f 75 74 70
75 74 54 65 78 74 3a 20  27 54 65 78 74 20 72 65
73 75 6c 74 27 2c 0a 20  20 20 20 20 20 20 20 6f
75 74 70 75 74 43 6f 6e  74 65 6e 74 3a 20 27 4f
75 74 70 75 74 20 63 6f  6e 74 65 6e 74 27 2c 0a
20 20 20 20 20 20 20 20  6e 6f 4f 75 74 70 75 74
59 65 74 3a 20 27 4f 75  74 70 75 74 20 66 69 6c
65 73 20 6f 72 20 74 65  78 74 20 72 65 73 75 6c
74 73 20 61 70 70 65 61  72 20 68 65 72 65 20 61
66 74 65 72 20 65 78 65  63 75 74 69 6f 6e 2e 27
2c 0a 20 20 20 20 20 20  20 20 72 75 6e 43 6f 6d
70 6c 65 74 65 64 3a 20  27 52 75 6e 20 63 6f 6d
70 6c 65 74 65 64 27 2c  0a 20 20 20 20 20 20 20
20 73 65 74 41 73 50 69  6e 6e 65 64 3a 20 27 50
69 6e 20 74 6f 20 66 61  76 6f 72 69 74 65 73 27
2c 0a 20 20 20 20 20 20  20 20 72 65 6d 6f 76 65
46 72 6f 6d 50 69 6e 6e  65 64 3a 20 27 52 65 6d
6f 76 65 20 66 72 6f 6d  20 66 61 76 6f 72 69 74
65 73 27 2c 0a 20 20 20  20 20 20 20 20 61 72 74
69 66 61 63 74 50 65 6e  64 69 6e 67 3a 20 27 57
61 69 74 69 6e 67 20 66  6f 72 20 61 72 74 69 66
61 63 74 27 2c 0a 20 20  20 20 20 20 20 20 61 72
74 69 66 61 63 74 52 65  61 64 79 3a 20 27 41 72
74 69 66 61 63 74 20 67  65 6e 65 72 61 74 65 64
27 2c 0a 20 20 20 20 20  20 20 20 6f 70 65 6e 41
72 74 69 66 61 63 74 3a  20 27 4f 70 65 6e 27 2c
0a 20 20 20 20 20 20 20  20 64 6f 77 6e 6c 6f 61
64 41 72 74 69 66 61 63  74 3a 20 27 44 6f 77 6e
6c 6f 61 64 20 61 6e 64  20 6f 70 65 6e 27 2c 0a
20 20 20 20 20 20 20 20  72 65 76 65 61 6c 41 72
74 69 66 61 63 74 3a 20  27 52 65 76 65 61 6c 27
2c 0a 20 20 20 20 20 20  20 20 6e 6f 52 75 6e 45
76 69 64 65 6e 63 65 3a  20 27 53 74 65 70 73 20
61 6e 64 20 61 72 74 69  66 61 63 74 20 73 74 61
74 75 73 20 61 70 70 65  61 72 20 61 66 74 65 72
20 65 78 65 63 75 74 69  6f 6e 27 2c 0a 20 20 20
20 20 20 20 20 66 69 6c  65 54 6f 6f 4c 61 72 67
65 3a 20 27 46 69 6c 65  20 69 73 20 6c 61 72 67
65 72 20 74 68 61 6e 20  32 35 4d 42 20 61 6e 64
20 63 61 6e 6e 6f 74 20  62 65 20 75 70 6c 6f 61
64 65 64 20 74 68 69 73  20 77 61 79 20 79 65 74
27 2c 0a 20 20 20 20 20  20 20 20 63 61 6e 63 65
6c 52 75 6e 3a 20 27 43  61 6e 63 65 6c 20 72 75
6e 27 2c 0a 20 20 20 20  20 20 20 20 72 75 6e 48
69 73 74 6f 72 79 3a 20  27 52 75 6e 20 68 69 73
74 6f 72 79 27 2c 0a 20  20 20 20 20 20 20 20 6e
6f 52 75 6e 48 69 73 74  6f 72 79 3a 20 27 4e 6f
20 72 75 6e 73 20 79 65  74 27 2c 0a 20 20 20 20
20 20 20 20 63 6c 65 61  72 48 69 73 74 6f 72 79
3a 20 27 43 6c 65 61 72  20 68 69 73 74 6f 72 79
27 2c 0a 20 20 20 20 20  20 20 20 73 75 62 6d 69
74 74 65 64 3a 20 27 53  75 62 6d 69 74 74 65 64
27 2c 0a 20 20 20 20 20  20 20 20 6e 6f 4f 70 65
6e 41 70 70 54 69 74 6c  65 3a 20 27 43 68 6f 6f
73 65 20 61 6e 20 61 70  70 27 2c 0a 20 20 20 20
20 20 20 20 6e 6f 4f 70  65 6e 41 70 70 48 69 6e
74 3a 20 27 43 6c 69 63  6b 20 61 6e 20 61 70 70
20 69 63 6f 6e 20 6f 6e  20 74 68 65 20 6c 65 66
74 20 74 6f 20 6f 70 65  6e 20 74 68 65 20 61 70
70 2e 27 2c 0a 20 20 20  20 20 20 20 20 6e 6f 41
70 70 73 3a 20 27 4e 6f  20 6d 61 74 63 68 69 6e
67 20 61 70 70 73 27 2c  0a 20 20 20 20 20 20 20
20 6e 6f 4d 6f 72 65 41  70 70 73 3a 20 27 4e 6f
20 6d 6f 72 65 20 61 70  70 73 27 2c 0a 20 20 20
20 20 20 20 20 70 69 6e  3a 20 27 50 69 6e 27 2c
0a 20 20 20 20 20 20 20  20 75 6e 70 69 6e 3a 20
27 55 6e 70 69 6e 27 2c  0a 20 20 20 20 20 20 20
20 70 69 6e 4c 69 6d 69  74 52 65 61 63 68 65 64
3a 20 27 50 69 6e 6e 65  64 20 61 70 70 73 20 61
72 65 20 66 75 6c 6c 20  61 74 20 38 2e 20 55 6e
70 69 6e 20 6f 6e 65 20  66 69 72 73 74 2e 27 2c
0a 20 20 20 20 20 20 20  20 65 64 69 74 3a 20 27
45 64 69 74 27 2c 0a 20  20 20 20 20 20 20 20 64
75 70 6c 69 63 61 74 65  3a 20 27 44 75 70 6c 69
63 61 74 65 20 61 70 70  27 2c 0a 20 20 20 20 20
20 20 20 64 75 70 6c 69  63 61 74 65 53 75 66 66
69 78 3a 20 27 43 6f 70  79 27 2c 0a 20 20 20 20
20 20 20 20 73 61 76 65  3a 20 27 53 61 76 65 27
2c 0a 20 20 20 20 20 20  20 20 63 61 6e 63 65 6c
3a 20 27 43 61 6e 63 65  6c 27 2c 0a 20 20 20 20
20 20 20 20 6d 6f 76 65  55 70 3a 20 27 4d 6f 76
65 20 75 70 27 2c 0a 20  20 20 20 20 20 20 20 6d
6f 76 65 44 6f 77 6e 3a  20 27 4d 6f 76 65 20 64
6f 77 6e 27 2c 0a 20 20  20 20 20 20 20 20 6d 6f
76 65 54 6f 70 3a 20 27  4d 6f 76 65 20 74 6f 20
74 6f 70 27 2c 0a 20 20  20 20 20 20 20 20 6d 6f
76 65 42 6f 74 74 6f 6d  3a 20 27 4d 6f 76 65 20
74 6f 20 62 6f 74 74 6f  6d 27 2c 0a 20 20 20 20
20 20 20 20 63 6c 65 61  72 46 69 6c 74 65 72 54
6f 53 6f 72 74 3a 20 27  43 6c 65 61 72 20 66 69
6c 74 65 72 73 20 62 65  66 6f 72 65 20 73 6f 72
74 69 6e 67 27 2c 0a 20  20 20 20 20 20 20 20 68
69 64 64 65 6e 3a 20 27  48 69 64 65 27 2c 0a 20
20 20 20 20 20 20 20 72  65 6d 6f 76 65 3a 20 27
52 65 6d 6f 76 65 27 2c  0a 20 20 20 20 20 20 20
20 72 65 73 74 6f 72 65  3a 20 27 52 65 73 74 6f
72 65 27 2c 0a 20 20 20  20 20 20 20 20 68 69 64
64 65 6e 41 70 70 73 3a  20 27 48 69 64 64 65 6e
20 61 70 70 73 27 2c 0a  20 20 20 20 20 20 20 20
64 61 74 61 73 72 76 44  69 73 63 6f 76 65 72 79
3a 20 27 44 61 74 61 53  72 76 20 64 69 73 63 6f
76 65 72 79 27 2c 0a 20  20 20 20 20 20 20 20 64
61 74 61 73 72 76 52 65  61 64 79 3a 20 27 43 6f
6e 6e 65 63 74 65 64 27  2c 0a 20 20 20 20 20 20
20 20 64 61 74 61 73 72  76 4c 6f 61 64 69 6e 67
3a 20 27 4c 6f 61 64 69  6e 67 27 2c 0a 20 20 20
20 20 20 20 20 64 61 74  61 73 72 76 44 69 73 61
62 6c 65 64 3a 20 27 44  69 73 61 62 6c 65 64 27
2c 0a 20 20 20 20 20 20  20 20 64 61 74 61 73 72
76 45 72 72 6f 72 3a 20  27 55 6e 61 76 61 69 6c
61 62 6c 65 27 2c 0a 20  20 20 20 20 20 20 20 61
64 64 54 6f 50 61 6e 65  6c 3a 20 27 41 64 64 20
74 6f 20 70 61 6e 65 6c  27 2c 0a 20 20 20 20 20
20 20 20 61 64 64 65 64  3a 20 27 41 64 64 65 64
27 2c 0a 20 20 20 20 20  20 20 20 64 69 73 63 6f
76 65 72 65 64 41 70 70  73 3a 20 27 44 69 73 63
6f 76 65 72 65 64 20 61  70 70 73 27 2c 0a 20 20
20 20 20 20 20 20 73 6b  69 6c 6c 41 70 70 73 3a
20 27 53 6b 69 6c 6c 20  61 70 70 73 27 2c 0a 20
20 20 20 20 20 20 20 73  6b 69 6c 6c 41 70 70 73
52 65 61 64 79 3a 20 27  44 69 73 63 6f 76 65 72
65 64 27 2c 0a 20 20 20  20 20 20 20 20 6d 61 6e
69 66 65 73 74 50 72 65  76 69 65 77 3a 20 27 41
70 70 20 6d 61 6e 69 66  65 73 74 20 74 65 6d 70
6c 61 74 65 27 2c 0a 20  20 20 20 20 20 20 20 6d
61 6e 69 66 65 73 74 3a  20 27 4d 61 6e 69 66 65
73 74 27 2c 0a 20 20 20  20 20 20 20 20 65 78 70
6f 72 74 50 61 63 6b 3a  20 27 43 6f 70 79 20 61
70 70 20 70 61 63 6b 27  2c 0a 20 20 20 20 20 20
20 20 63 6f 70 79 3a 20  27 43 6f 70 79 27 2c 0a
20 20 20 20 20 20 20 20  63 6f 70 69 65 64 3a 20
27 43 6f 70 69 65 64 27  2c 0a 20 20 20 20 20 20
20 20 66 69 65 6c 64 73  3a 20 27 46 69 65 6c 64
73 27 2c 0a 20 20 20 20  20 20 20 20 61 64 64 46
69 65 6c 64 3a 20 27 41  64 64 20 66 69 65 6c 64
27 2c 0a 20 20 20 20 20  20 20 20 64 65 6c 65 74
65 46 69 65 6c 64 3a 20  27 44 65 6c 65 74 65 20
66 69 65 6c 64 27 2c 0a  20 20 20 20 20 20 20 20
66 69 65 6c 64 4e 61 6d  65 3a 20 27 46 69 65 6c
64 20 6e 61 6d 65 27 2c  0a 20 20 20 20 20 20 20
20 66 69 65 6c 64 4c 61  62 65 6c 3a 20 27 4c 61
62 65 6c 27 2c 0a 20 20  20 20 20 20 20 20 66 69
65 6c 64 54 79 70 65 3a  20 27 54 79 70 65 27 2c
0a 20 20 20 20 20 20 20  20 66 69 65 6c 64 52 65
71 75 69 72 65 64 3a 20  27 52 65 71 75 69 72 65
64 27 2c 0a 20 20 20 20  20 20 20 20 64 65 66 61
75 6c 74 56 61 6c 75 65  3a 20 27 44 65 66 61 75
6c 74 27 2c 0a 20 20 20  20 20 20 20 20 6f 70 74
69 6f 6e 73 3a 20 27 4f  70 74 69 6f 6e 73 27 2c
0a 20 20 20 20 20 20 20  20 61 70 70 43 6f 6c 6f
72 3a 20 27 49 63 6f 6e  20 63 6f 6c 6f 72 27 2c
0a 20 20 20 20 20 20 20  20 76 61 6c 69 64 61 74
69 6f 6e 4d 69 73 73 69  6e 67 3a 20 27 43 6f 6d
70 6c 65 74 65 20 72 65  71 75 69 72 65 64 20 69
6e 70 75 74 27 2c 0a 20  20 20 20 20 20 20 20 69
6e 73 74 61 6c 6c 4d 61  6e 69 66 65 73 74 3a 20
27 49 6e 73 74 61 6c 6c  20 61 70 70 20 70 61 63
6b 61 67 65 27 2c 0a 20  20 20 20 20 20 20 20 6d
61 72 6b 65 74 41 70 70  73 3a 20 27 41 70 70 20
6d 61 72 6b 65 74 27 2c  0a 20 20 20 20 20 20 20
20 6d 61 72 6b 65 74 41  64 76 61 6e 63 65 64 49
6d 70 6f 72 74 3a 20 27  49 6d 70 6f 72 74 20 61
70 70 20 70 61 63 6b 61  67 65 27 2c 0a 20 20 20
20 20 20 20 20 6d 61 72  6b 65 74 41 64 76 61 6e
63 65 64 49 6d 70 6f 72  74 48 69 6e 74 3a 20 27
50 61 73 74 65 20 72 65  76 69 65 77 65 64 20 61
70 70 20 70 61 63 6b 61  67 65 20 4a 53 4f 4e 20
66 6f 72 20 61 64 6d 69  6e 20 69 6e 73 74 61 6c
6c 73 20 6f 72 20 70 72  69 76 61 74 65 20 61 70
70 73 2e 27 2c 0a 20 20  20 20 20 20 20 20 6d 61
72 6b 65 74 53 6f 75 72  63 65 3a 20 27 53 6f 75
72 63 65 27 2c 0a 20 20  20 20 20 20 20 20 6d 61
72 6b 65 74 41 64 64 61  62 6c 65 43 6f 75 6e 74
3a 20 27 41 64 64 61 62  6c 65 27 2c 0a 20 20 20
20 20 20 20 20 6d 61 72  6b 65 74 55 70 67 72 61
64 65 61 62 6c 65 43 6f  75 6e 74 3a 20 27 55 70
67 72 61 64 61 62 6c 65  27 2c 0a 20 20 20 20 20
20 20 20 6d 61 72 6b 65  74 41 64 64 3a 20 27 41
64 64 27 2c 0a 20 20 20  20 20 20 20 20 70 61 73
74 65 4d 61 6e 69 66 65  73 74 3a 20 27 50 61 73
74 65 20 61 70 70 20 70  61 63 6b 61 67 65 20 4a
53 4f 4e 20 28 6d 61 63  6c 61 77 2e 61 70 70 2e
76 31 20 2f 20 6d 61 63  6c 61 77 2e 61 70 70 2e
70 61 63 6b 2e 76 31 20  2f 20 6d 61 63 6c 61 77
2e 61 70 70 73 2e 6a 73  6f 6e 29 27 2c 0a 20 20
20 20 20 20 20 20 69 6e  73 74 61 6c 6c 3a 20 27
49 6e 73 74 61 6c 6c 27  2c 0a 20 20 20 20 20 20
20 20 63 6f 6e 66 69 72  6d 48 69 67 68 52 69 73
6b 49 6e 73 74 61 6c 6c  3a 20 27 43 6f 6e 66 69
72 6d 20 69 6e 73 74 61  6c 6c 27 2c 0a 20 20 20
20 20 20 20 20 68 69 67  68 52 69 73 6b 49 6e 73
74 61 6c 6c 57 61 72 6e  69 6e 67 3a 20 27 53 65
6c 65 63 74 65 64 20 75  70 67 72 61 64 65 73 20
69 6e 63 6c 75 64 65 20  68 69 67 68 2d 72 69 73
6b 20 6e 65 77 20 70 65  72 6d 69 73 73 69 6f 6e
73 3b 20 63 6f 6e 66 69  72 6d 20 6f 6e 63 65 20
6d 6f 72 65 2e 27 2c 0d  0a 20 20 20 20 20 20 20
20 64 65 70 65 6e 64 65  6e 63 79 50 6c 61 6e 4c
6f 61 64 69 6e 67 3a 20  27 43 68 65 63 6b 69 6e
67 20 53 6b 69 6c 6c 20  64 65 70 65 6e 64 65 6e
63 69 65 73 27 2c 0d 0a  20 20 20 20 20 20 20 20
6d 69 73 73 69 6e 67 52  65 71 75 69 72 65 64 44
65 70 65 6e 64 65 6e 63  79 3a 20 27 52 65 71 75
69 72 65 64 20 53 6b 69  6c 6c 20 64 65 70 65 6e
64 65 6e 63 69 65 73 20  61 72 65 20 6d 69 73 73
69 6e 67 2e 20 49 6e 73  74 61 6c 6c 20 64 65 70
65 6e 64 65 6e 63 69 65  73 20 66 69 72 73 74 2e
27 2c 0d 0a 20 20 20 20  20 20 20 20 64 65 70 65
6e 64 65 6e 63 79 50 6c  61 6e 45 72 72 6f 72 3a
20 27 44 65 70 65 6e 64  65 6e 63 79 20 63 68 65
63 6b 20 66 61 69 6c 65  64 27 2c 0d 0a 20 20 20
20 20 20 20 20 73 6b 69  6c 6c 44 65 70 65 6e 64
65 6e 63 69 65 73 3a 20  27 53 6b 69 6c 6c 20 64
65 70 65 6e 64 65 6e 63  69 65 73 27 2c 0d 0a 20
20 20 20 20 20 20 20 69  6e 73 74 61 6c 6c 65 64
44 65 70 65 6e 64 65 6e  63 79 3a 20 27 49 6e 73
74 61 6c 6c 65 64 27 2c  0d 0a 20 20 20 20 20 20
20 20 6d 69 73 73 69 6e  67 44 65 70 65 6e 64 65
6e 63 79 3a 20 27 4d 69  73 73 69 6e 67 27 2c 0a
20 20 20 20 20 20 20 20  69 6e 73 74 61 6c 6c 50
72 65 76 69 65 77 3a 20  27 49 6e 73 74 61 6c 6c
20 70 72 65 76 69 65 77  27 2c 0a 20 20 20 20 20
20 20 20 77 69 6c 6c 49  6e 73 74 61 6c 6c 3a 20
27 57 69 6c 6c 20 69 6e  73 74 61 6c 6c 27 2c 0a
20 20 20 20 20 20 20 20  77 69 6c 6c 55 70 67 72
61 64 65 3a 20 27 57 69  6c 6c 20 75 70 67 72 61
64 65 27 2c 0a 20 20 20  20 20 20 20 20 70 65 72
6d 69 73 73 69 6f 6e 43  68 61 6e 67 65 73 3a 20
27 50 65 72 6d 69 73 73  69 6f 6e 20 63 68 61 6e
67 65 73 27 2c 0a 20 20  20 20 20 20 20 20 68 69
67 68 52 69 73 6b 50 65  72 6d 69 73 73 69 6f 6e
3a 20 27 48 69 67 68 20  72 69 73 6b 27 2c 0a 20
20 20 20 20 20 20 20 77  69 6c 6c 53 6b 69 70 3a
20 27 57 69 6c 6c 20 73  6b 69 70 27 2c 0a 20 20
20 20 20 20 20 20 61 6c  72 65 61 64 79 49 6e 73
74 61 6c 6c 65 64 3a 20  27 41 6c 72 65 61 64 79
20 69 6e 73 74 61 6c 6c  65 64 27 2c 0a 20 20 20
20 20 20 20 20 64 75 70  6c 69 63 61 74 65 41 70
70 3a 20 27 44 75 70 6c  69 63 61 74 65 20 61 70
70 27 2c 0a 20 20 20 20  20 20 20 20 6e 6f 74 53
65 6c 65 63 74 65 64 3a  20 27 4e 6f 74 20 73 65
6c 65 63 74 65 64 27 2c  0a 20 20 20 20 20 20 20
20 73 65 6c 65 63 74 41  6c 6c 3a 20 27 53 65 6c
65 63 74 20 61 6c 6c 27  2c 0a 20 20 20 20 20 20
20 20 63 6c 65 61 72 53  65 6c 65 63 74 69 6f 6e
3a 20 27 53 65 6c 65 63  74 20 6e 6f 6e 65 27 2c
0a 20 20 20 20 20 20 20  20 69 6e 73 74 61 6c 6c
61 62 6c 65 43 6f 75 6e  74 3a 20 27 49 6e 73 74
61 6c 6c 61 62 6c 65 27  2c 0a 20 20 20 20 20 20
20 20 75 70 67 72 61 64  65 61 62 6c 65 43 6f 75
6e 74 3a 20 27 55 70 67  72 61 64 65 61 62 6c 65
27 2c 0a 20 20 20 20 20  20 20 20 69 6e 73 74 61
6c 6c 65 64 43 6f 75 6e  74 3a 20 27 49 6e 73 74
61 6c 6c 65 64 27 2c 0a  20 20 20 20 20 20 20 20
75 70 67 72 61 64 65 64  43 6f 75 6e 74 3a 20 27
55 70 67 72 61 64 65 64  27 2c 0a 20 20 20 20 20
20 20 20 75 70 67 72 61  64 65 64 49 74 65 6d 3a
20 27 55 70 67 72 61 64  65 64 27 2c 0a 20 20 20
20 20 20 20 20 73 6b 69  70 70 65 64 49 74 65 6d
3a 20 27 53 6b 69 70 70  65 64 27 2c 0a 20 20 20
20 20 20 20 20 69 6e 73  74 61 6c 6c 44 65 74 61
69 6c 73 3a 20 27 49 6e  73 74 61 6c 6c 20 64 65
74 61 69 6c 73 27 2c 0a  20 20 20 20 20 20 20 20
73 6b 69 70 70 65 64 43  6f 75 6e 74 3a 20 27 53
6b 69 70 70 65 64 27 2c  0a 20 20 20 20 20 20 20
20 69 6e 73 74 61 6c 6c  45 72 72 6f 72 3a 20 27
49 6e 76 61 6c 69 64 20  61 70 70 20 70 61 63 6b
61 67 65 27 2c 0a 20 20  20 20 20 20 20 20 70 61
72 73 65 45 72 72 6f 72  3a 20 27 4a 53 4f 4e 20
70 61 72 73 65 20 66 61  69 6c 65 64 27 2c 0a 20
20 20 20 20 20 20 20 73  63 68 65 6d 61 45 72 72
6f 72 3a 20 27 55 6e 72  65 63 6f 67 6e 69 7a 65
64 20 61 70 70 20 70 61  63 6b 61 67 65 20 66 6f
72 6d 61 74 27 2c 0a 20  20 20 20 20 20 20 20 63
6c 6f 73 65 3a 20 27 43  6c 6f 73 65 27 2c 0a 20
20 20 20 7d 2c 0a 7d 3b  0a 0a 63 6f 6e 73 74 20
61 70 70 4b 69 6e 64 73  3a 20 52 65 63 6f 72 64
3c 41 70 70 4b 69 6e 64  2c 20 7b 20 7a 68 3a 20
73 74 72 69 6e 67 3b 20  65 6e 3a 20 73 74 72 69
6e 67 20 7d 3e 20 3d 20  7b 0d 0a 20 20 20 20 65
6e 74 65 72 70 72 69 73  65 5f 61 70 70 72 6f 76
61 6c 5f 61 70 70 3a 20  7b 20 7a 68 3a 20 27 5c
75 34 66 30 31 5c 75 34  65 31 61 5c 75 35 62 61
31 5c 75 36 32 37 39 5c  75 35 37 38 62 27 2c 20
65 6e 3a 20 27 41 70 70  72 6f 76 61 6c 20 61 70
70 27 20 7d 2c 0d 0a 20  20 20 20 65 6e 74 65 72
70 72 69 73 65 5f 6e 6f  72 6d 61 6c 5f 61 70 70
3a 20 7b 20 7a 68 3a 20  27 5c 75 34 66 30 31 5c
75 34 65 31 61 5c 75 36  36 36 65 5c 75 39 30 31
61 5c 75 35 65 39 34 5c  75 37 35 32 38 27 2c 20
65 6e 3a 20 27 42 75 73  69 6e 65 73 73 20 61 70
70 27 20 7d 2c 0d 0a 20  20 20 20 74 6f 6f 6c 5f
61 70 70 3a 20 7b 20 7a  68 3a 20 27 5c 75 35 64
65 35 5c 75 35 31 37 37  5c 75 35 65 39 34 5c 75
37 35 32 38 27 2c 20 65  6e 3a 20 27 54 6f 6f 6c
20 61 70 70 27 20 7d 2c  0d 0a 20 20 20 20 61 75
74 6f 6d 61 74 69 6f 6e  5f 61 70 70 3a 20 7b 20
7a 68 3a 20 27 5c 75 38  31 65 61 5c 75 35 32 61
38 5c 75 35 33 31 36 27  2c 20 65 6e 3a 20 27 41
75 74 6f 6d 61 74 69 6f  6e 27 20 7d 2c 0d 0a 7d
3b 0a 0a 63 6f 6e 73 74  20 73 6f 75 72 63 65 4c
61 62 65 6c 73 3a 20 52  65 63 6f 72 64 3c 41 70
70 45 6e 74 72 79 5b 27  73 6f 75 72 63 65 27 5d
2c 20 7b 20 7a 68 3a 20  73 74 72 69 6e 67 3b 20
65 6e 3a 20 73 74 72 69  6e 67 20 7d 3e 20 3d 20
7b 0a 20 20 20 20 62 75  69 6c 74 69 6e 3a 20 7b
20 7a 68 3a 20 27 5c 75  35 31 38 35 5c 75 37 66
36 65 27 2c 20 65 6e 3a  20 27 42 75 69 6c 74 2d
69 6e 27 20 7d 2c 0a 20  20 20 20 73 6b 69 6c 6c
3a 20 7b 20 7a 68 3a 20  27 53 6b 69 6c 6c 27 2c
20 65 6e 3a 20 27 53 6b  69 6c 6c 27 20 7d 2c 0a
20 20 20 20 64 61 74 61  73 72 76 3a 20 7b 20 7a
68 3a 20 27 44 61 74 61  53 72 76 27 2c 20 65 6e
3a 20 27 44 61 74 61 53  72 76 27 20 7d 2c 0a 20
20 20 20 6d 61 72 6b 65  74 3a 20 7b 20 7a 68 3a
20 27 5c 75 35 65 30 32  5c 75 35 37 33 61 27 2c
20 65 6e 3a 20 27 4d 61  72 6b 65 74 27 20 7d 2c
0a 20 20 20 20 6c 6f 63  61 6c 3a 20 7b 20 7a 68
3a 20 27 5c 75 36 37 32  63 5c 75 35 37 33 30 27
2c 20 65 6e 3a 20 27 4c  6f 63 61 6c 27 20 7d 2c
0a 7d 3b 0a 0a 63 6f 6e  73 74 20 69 6e 69 74 69
61 6c 41 70 70 73 3a 20  41 70 70 45 6e 74 72 79
5b 5d 20 3d 20 5b 0a 20  20 20 20 7b 20 69 64 3a
20 27 65 78 70 65 6e 73  65 27 2c 20 6e 61 6d 65
3a 20 27 5c 75 36 32 61  35 5c 75 39 35 30 30 5c
75 37 35 33 33 5c 75 38  62 66 37 27 2c 20 64 65
73 63 72 69 70 74 69 6f  6e 3a 20 27 5c 75 34 65
63 65 5c 75 35 33 64 31  5c 75 37 39 36 38 5c 75
33 30 30 31 5c 75 38 38  34 63 5c 75 37 61 30 62
5c 75 35 34 38 63 5c 75  36 35 33 66 5c 75 37 62
35 36 5c 75 38 31 65 61  5c 75 35 32 61 38 5c 75
37 35 31 66 5c 75 36 32  31 30 5c 75 36 32 61 35
5c 75 39 35 30 30 5c 75  35 33 35 35 5c 75 33 30
30 32 27 2c 20 63 61 74  65 67 6f 72 79 3a 20 27
4f 41 27 2c 20 6b 69 6e  64 3a 20 27 65 6e 74 65
72 70 72 69 73 65 5f 61  70 70 72 6f 76 61 6c 5f
61 70 70 27 2c 20 69 63  6f 6e 3a 20 27 72 65 63
65 69 70 74 27 2c 20 61  63 63 65 6e 74 3a 20 27
23 32 66 35 66 39 38 27  2c 20 70 69 6e 6e 65 64
3a 20 74 72 75 65 2c 20  73 6f 75 72 63 65 3a 20
27 64 61 74 61 73 72 76  27 2c 20 6d 61 6e 69 66
65 73 74 3a 20 6d 61 6b  65 45 6e 74 65 72 70 72
69 73 65 4d 61 6e 69 66  65 73 74 28 27 65 6e 74
65 72 70 72 69 73 65 5f  61 70 70 72 6f 76 61 6c
5f 61 70 70 27 2c 20 27  66 69 6e 61 6e 63 65 27
2c 20 27 66 69 6e 61 6e  63 65 2e 65 78 70 65 6e
73 65 5f 75 70 73 65 72  74 27 2c 20 27 66 69 6e
61 6e 63 65 2e 65 78 70  65 6e 73 65 5f 72 65 76
69 65 77 27 2c 20 27 66  69 6e 61 6e 63 65 2e 65
78 70 65 6e 73 65 5f 62  79 5f 73 74 61 74 75 73
27 2c 20 27 66 69 6e 61  6e 63 65 2e 6f 76 65 72
76 69 65 77 27 2c 20 27  65 78 70 65 6e 73 65 2d
61 70 70 72 6f 76 61 6c  2d 61 70 70 27 2c 20 5b
7b 20 69 64 3a 20 27 65  78 70 65 6e 73 65 2d 61
70 70 72 6f 76 61 6c 2d  77 6f 72 6b 66 6c 6f 77
27 2c 20 76 65 72 73 69  6f 6e 3a 20 27 31 2e 30
2e 30 27 2c 20 6b 69 6e  64 3a 20 27 77 6f 72 6b
66 6c 6f 77 5f 73 6b 69  6c 6c 27 2c 20 72 65 71
75 69 72 65 64 3a 20 74  72 75 65 2c 20 73 6f 75
72 63 65 3a 20 27 68 75  62 27 2c 20 63 61 70 61
62 69 6c 69 74 69 65 73  3a 20 5b 27 61 70 70 72
6f 76 61 6c 2e 77 6f 72  6b 66 6c 6f 77 27 2c 20
27 65 78 70 65 6e 73 65  2e 70 6f 6c 69 63 79 27
5d 20 7d 5d 29 20 7d 2c  0a 20 20 20 20 7b 20 69
64 3a 20 27 70 75 72 63  68 61 73 65 2d 69 6e 62
6f 75 6e 64 27 2c 20 6e  61 6d 65 3a 20 27 5c 75
39 31 63 37 5c 75 38 64  32 64 5c 75 35 31 36 35
5c 75 35 65 39 33 27 2c  20 64 65 73 63 72 69 70
74 69 6f 6e 3a 20 27 5c  75 35 62 66 39 5c 75 36
33 61 35 5c 75 39 31 63  37 5c 75 38 64 32 64 5c
75 35 33 35 35 5c 75 33  30 30 31 5c 75 35 31 36
35 5c 75 35 65 39 33 5c  75 35 33 35 35 5c 75 35
34 38 63 5c 75 35 65 39  33 5c 75 35 62 35 38 5c
75 35 33 64 38 5c 75 35  32 61 38 5c 75 33 30 30
32 27 2c 20 63 61 74 65  67 6f 72 79 3a 20 27 5c
75 38 66 64 62 5c 75 39  35 30 30 5c 75 35 62 35
38 27 2c 20 6b 69 6e 64  3a 20 27 65 6e 74 65 72
70 72 69 73 65 5f 6e 6f  72 6d 61 6c 5f 61 70 70
27 2c 20 69 63 6f 6e 3a  20 27 77 61 72 65 68 6f
75 73 65 27 2c 20 61 63  63 65 6e 74 3a 20 27 23
36 35 37 61 34 32 27 2c  20 70 69 6e 6e 65 64 3a
20 74 72 75 65 2c 20 73  6f 75 72 63 65 3a 20 27
64 61 74 61 73 72 76 27  2c 20 6d 61 6e 69 66 65
73 74 3a 20 6d 61 6b 65  44 61 74 61 53 72 76 4d
61 6e 69 66 65 73 74 28  27 70 72 6f 63 75 72 65
6d 65 6e 74 27 2c 20 27  70 72 6f 63 75 72 65 6d
65 6e 74 2e 70 75 72 63  68 61 73 65 5f 6f 72 64
65 72 5f 75 70 73 65 72  74 27 2c 20 27 70 72 6f
63 75 72 65 6d 65 6e 74  2e 70 75 72 63 68 61 73
65 5f 6f 72 64 65 72 5f  72 65 76 69 65 77 27 2c
20 27 70 72 6f 63 75 72  65 6d 65 6e 74 2e 70 75
72 63 68 61 73 65 5f 62  79 5f 73 74 61 74 75 73
27 2c 20 27 70 72 6f 63  75 72 65 6d 65 6e 74 2e
6f 76 65 72 76 69 65 77  27 29 20 7d 2c 0a 20 20
20 20 7b 20 69 64 3a 20  27 69 6e 76 65 6e 74 6f
72 79 2d 63 6f 75 6e 74  27 2c 20 6e 61 6d 65 3a
20 27 5c 75 35 65 39 33  5c 75 35 62 35 38 5c 75
37 36 64 38 5c 75 37 30  62 39 27 2c 20 64 65 73
63 72 69 70 74 69 6f 6e  3a 20 27 5c 75 36 33 30
39 5c 75 34 65 64 33 5c  75 35 65 39 33 5c 75 36
32 31 36 5c 75 37 32 36  39 5c 75 36 35 39 39 5c
75 37 35 31 66 5c 75 36  32 31 30 5c 75 37 36 64
38 5c 75 37 30 62 39 5c  75 38 38 36 38 5c 75 35
65 37 36 5c 75 35 36 64  65 5c 75 35 31 39 39 5c
75 35 64 65 65 5c 75 35  66 30 32 5c 75 33 30 30
32 27 2c 20 63 61 74 65  67 6f 72 79 3a 20 27 5c
75 38 66 64 62 5c 75 39  35 30 30 5c 75 35 62 35
38 27 2c 20 6b 69 6e 64  3a 20 27 65 6e 74 65 72
70 72 69 73 65 5f 6e 6f  72 6d 61 6c 5f 61 70 70
27 2c 20 69 63 6f 6e 3a  20 27 69 6e 76 65 6e 74
6f 72 79 27 2c 20 61 63  63 65 6e 74 3a 20 27 23
36 62 37 32 38 30 27 2c  20 70 69 6e 6e 65 64 3a
20 74 72 75 65 2c 20 73  6f 75 72 63 65 3a 20 27
64 61 74 61 73 72 76 27  2c 20 6d 61 6e 69 66 65
73 74 3a 20 6d 61 6b 65  44 61 74 61 53 72 76 4d
61 6e 69 66 65 73 74 28  27 69 6e 76 65 6e 74 6f
72 79 27 2c 20 27 69 6e  76 65 6e 74 6f 72 79 2e
73 74 6f 63 6b 5f 75 70  64 61 74 65 27 2c 20 27
69 6e 76 65 6e 74 6f 72  79 2e 73 74 6f 63 6b 5f
70 6f 73 69 74 69 6f 6e  27 2c 20 27 69 6e 76 65
6e 74 6f 72 79 2e 73 74  6f 63 6b 5f 62 79 5f 77
61 72 65 68 6f 75 73 65  27 2c 20 27 69 6e 76 65
6e 74 6f 72 79 2e 6f 76  65 72 76 69 65 77 27 29
20 7d 2c 0a 20 20 20 20  7b 20 69 64 3a 20 27 63
75 73 74 6f 6d 65 72 2d  70 72 6f 66 69 6c 65 27
2c 20 6e 61 6d 65 3a 20  27 5c 75 35 62 61 32 5c
75 36 32 33 37 5c 75 35  65 66 61 5c 75 36 38 36
33 27 2c 20 64 65 73 63  72 69 70 74 69 6f 6e 3a
20 27 5c 75 34 65 63 65  5c 75 35 34 30 64 5c 75
37 32 34 37 5c 75 33 30  30 31 5c 75 39 30 61 65
5c 75 34 65 66 36 5c 75  36 32 31 36 5c 75 38 30
34 61 5c 75 35 39 32 39  5c 75 38 62 62 30 5c 75
35 66 35 35 5c 75 36 35  37 34 5c 75 37 34 30 36
5c 75 35 62 61 32 5c 75  36 32 33 37 5c 75 38 64
34 34 5c 75 36 35 39 39  5c 75 33 30 30 32 27 2c
20 63 61 74 65 67 6f 72  79 3a 20 27 43 52 4d 27
2c 20 6b 69 6e 64 3a 20  27 65 6e 74 65 72 70 72
69 73 65 5f 6e 6f 72 6d  61 6c 5f 61 70 70 27 2c
20 69 63 6f 6e 3a 20 27  63 75 73 74 6f 6d 65 72
27 2c 20 61 63 63 65 6e  74 3a 20 27 23 38 61 35
61 34 34 27 2c 20 70 69  6e 6e 65 64 3a 20 74 72
75 65 2c 20 73 6f 75 72  63 65 3a 20 27 64 61 74
61 73 72 76 27 2c 20 6d  61 6e 69 66 65 73 74 3a
20 6d 61 6b 65 44 61 74  61 53 72 76 4d 61 6e 69
66 65 73 74 28 27 73 61  6c 65 73 27 2c 20 27 73
61 6c 65 73 2e 63 75 73  74 6f 6d 65 72 5f 75 70
73 65 72 74 27 2c 20 27  73 61 6c 65 73 2e 63 75
73 74 6f 6d 65 72 5f 64  69 72 65 63 74 6f 72 79
27 2c 20 27 73 61 6c 65  73 2e 63 75 73 74 6f 6d
65 72 5f 61 63 74 69 76  69 74 79 27 2c 20 27 73
61 6c 65 73 2e 6f 76 65  72 76 69 65 77 27 29 20
7d 2c 0a 20 20 20 20 7b  20 69 64 3a 20 27 63 6f
6e 74 72 61 63 74 2d 72  65 76 69 65 77 27 2c 20
6e 61 6d 65 3a 20 27 5c  75 35 34 30 38 5c 75 35
34 30 63 5c 75 35 62 61  31 5c 75 36 37 65 35 27
2c 20 64 65 73 63 72 69  70 74 69 6f 6e 3a 20 27
5c 75 36 38 63 30 5c 75  36 37 65 35 5c 75 35 34
30 38 5c 75 35 34 30 63  5c 75 36 37 36 31 5c 75
36 62 33 65 5c 75 33 30  30 31 5c 75 39 38 63 65
5c 75 39 36 36 39 5c 75  37 30 62 39 5c 75 35 34
38 63 5c 75 34 66 65 65  5c 75 38 62 61 32 5c 75
35 65 66 61 5c 75 38 62  61 65 5c 75 33 30 30 32
27 2c 20 63 61 74 65 67  6f 72 79 3a 20 27 5c 75
36 63 64 35 5c 75 35 32  61 31 27 2c 20 6b 69 6e
64 3a 20 27 74 6f 6f 6c  5f 61 70 70 27 2c 20 69
63 6f 6e 3a 20 27 63 6f  6e 74 72 61 63 74 27 2c
20 61 63 63 65 6e 74 3a  20 27 23 37 63 33 66 35
38 27 2c 20 70 69 6e 6e  65 64 3a 20 74 72 75 65
2c 20 73 6f 75 72 63 65  3a 20 27 73 6b 69 6c 6c
27 2c 20 6d 61 6e 69 66  65 73 74 3a 20 6d 61 6b
65 53 6b 69 6c 6c 4d 61  6e 69 66 65 73 74 28 27
63 6f 6e 74 72 61 63 74  2d 72 65 76 69 65 77 27
2c 20 27 6d 69 78 65 64  27 29 20 7d 2c 0a 20 20
20 20 7b 20 69 64 3a 20  27 70 64 66 2d 77 6f 72
64 27 2c 20 6e 61 6d 65  3a 20 27 50 44 46 20 5c
75 38 66 36 63 20 57 6f  72 64 27 2c 20 64 65 73
63 72 69 70 74 69 6f 6e  3a 20 27 5c 75 34 65 30
61 5c 75 34 66 32 30 20  50 44 46 5c 75 66 66 30
63 5c 75 34 66 64 64 5c  75 37 35 35 39 5c 75 37
32 34 38 5c 75 35 66 30  66 5c 75 38 66 39 33 5c
75 35 31 66 61 20 57 6f  72 64 20 5c 75 36 35 38
37 5c 75 36 38 36 33 5c  75 33 30 30 32 27 2c 20
63 61 74 65 67 6f 72 79  3a 20 27 5c 75 36 35 38
37 5c 75 36 38 36 33 5c  75 35 39 30 34 5c 75 37
34 30 36 27 2c 20 6b 69  6e 64 3a 20 27 74 6f 6f
6c 5f 61 70 70 27 2c 20  69 63 6f 6e 3a 20 27 70
64 66 27 2c 20 61 63 63  65 6e 74 3a 20 27 23 62
34 35 33 30 39 27 2c 20  70 69 6e 6e 65 64 3a 20
74 72 75 65 2c 20 73 6f  75 72 63 65 3a 20 27 73
6b 69 6c 6c 27 2c 20 6d  61 6e 69 66 65 73 74 3a
20 6d 61 6b 65 53 6b 69  6c 6c 4d 61 6e 69 66 65
73 74 28 27 70 64 66 2d  77 6f 72 64 27 2c 20 27
66 69 6c 65 27 29 20 7d  2c 0a 20 20 20 20 7b 20
69 64 3a 20 27 64 6f 63  2d 72 65 64 61 63 74 27
2c 20 6e 61 6d 65 3a 20  27 5c 75 36 35 38 37 5c
75 36 38 36 33 5c 75 38  31 33 31 5c 75 36 35 34
66 27 2c 20 64 65 73 63  72 69 70 74 69 6f 6e 3a
20 27 5c 75 38 62 63 36  5c 75 35 32 32 62 5c 75
38 65 61 62 5c 75 34 65  66 64 5c 75 38 62 63 31
5c 75 33 30 30 31 5c 75  37 35 33 35 5c 75 38 62
64 64 5c 75 33 30 30 31  5c 75 35 37 33 30 5c 75
35 37 34 30 5c 75 37 62  34 39 5c 75 36 35 34 66
5c 75 36 31 31 66 5c 75  34 66 65 31 5c 75 36 30
36 66 5c 75 35 65 37 36  5c 75 38 66 39 33 5c 75
35 31 66 61 5c 75 36 35  62 30 5c 75 36 35 38 37
5c 75 36 38 36 33 5c 75  33 30 30 32 27 2c 20 63
61 74 65 67 6f 72 79 3a  20 27 5c 75 36 35 38 37
5c 75 36 38 36 33 5c 75  35 39 30 34 5c 75 37 34
30 36 27 2c 20 6b 69 6e  64 3a 20 27 74 6f 6f 6c
5f 61 70 70 27 2c 20 69  63 6f 6e 3a 20 27 73 68
69 65 6c 64 27 2c 20 61  63 63 65 6e 74 3a 20 27
23 32 38 37 30 35 66 27  2c 20 73 6f 75 72 63 65
3a 20 27 73 6b 69 6c 6c  27 2c 20 6d 61 6e 69 66
65 73 74 3a 20 6d 61 6b  65 53 6b 69 6c 6c 4d 61
6e 69 66 65 73 74 28 27  64 6f 63 2d 72 65 64 61
63 74 27 2c 20 27 66 69  6c 65 27 29 20 7d 2c 0a
20 20 20 20 7b 20 69 64  3a 20 27 73 68 65 65 74
2d 61 6e 61 6c 79 73 69  73 27 2c 20 6e 61 6d 65
3a 20 27 5c 75 38 38 36  38 5c 75 36 38 33 63 5c
75 35 32 30 36 5c 75 36  37 39 30 27 2c 20 64 65
73 63 72 69 70 74 69 6f  6e 3a 20 27 5c 75 34 65
30 61 5c 75 34 66 32 30  20 45 78 63 65 6c 5c 75
66 66 30 63 5c 75 37 35  31 66 5c 75 36 32 31 30
5c 75 35 32 30 36 5c 75  36 37 39 30 5c 75 37 65
64 33 5c 75 38 62 62 61  5c 75 33 30 30 31 5c 75
35 36 66 65 5c 75 38 38  36 38 5c 75 35 34 38 63
5c 75 36 65 30 35 5c 75  36 64 31 37 5c 75 35 34
30 65 5c 75 38 38 36 38  5c 75 36 38 33 63 5c 75
33 30 30 32 27 2c 20 63  61 74 65 67 6f 72 79 3a
20 27 5c 75 36 35 37 30  5c 75 36 33 36 65 5c 75
35 32 30 36 5c 75 36 37  39 30 27 2c 20 6b 69 6e
64 3a 20 27 74 6f 6f 6c  5f 61 70 70 27 2c 20 69
63 6f 6e 3a 20 27 73 68  65 65 74 27 2c 20 61 63
63 65 6e 74 3a 20 27 23  33 66 36 66 34 66 27 2c
20 73 6f 75 72 63 65 3a  20 27 73 6b 69 6c 6c 27
2c 20 6d 61 6e 69 66 65  73 74 3a 20 6d 61 6b 65
53 6b 69 6c 6c 4d 61 6e  69 66 65 73 74 28 27 73
68 65 65 74 2d 61 6e 61  6c 79 73 69 73 27 2c 20
27 66 69 6c 65 27 2c 20  5b 27 78 6c 73 78 27 2c
20 27 70 64 66 27 5d 29  20 7d 2c 0a 20 20 20 20
7b 20 69 64 3a 20 27 77  65 62 2d 63 6f 6c 6c 65
63 74 27 2c 20 6e 61 6d  65 3a 20 27 5c 75 37 66
35 31 5c 75 39 38 37 35  5c 75 39 31 63 37 5c 75
39 36 63 36 27 2c 20 64  65 73 63 72 69 70 74 69
6f 6e 3a 20 27 5c 75 35  36 66 61 5c 75 35 62 39
61 5c 75 37 66 35 31 5c  75 37 61 64 39 5c 75 37
36 38 34 5c 75 35 34 36  38 5c 75 36 37 31 66 5c
75 39 31 63 37 5c 75 39  36 63 36 5c 75 35 34 38
63 5c 75 37 65 64 33 5c  75 36 37 39 63 5c 75 36
38 32 31 5c 75 39 61 38  63 5c 75 33 30 30 32 27
2c 20 63 61 74 65 67 6f  72 79 3a 20 27 5c 75 36
35 37 30 5c 75 36 33 36  65 5c 75 39 31 63 37 5c
75 39 36 63 36 27 2c 20  6b 69 6e 64 3a 20 27 61
75 74 6f 6d 61 74 69 6f  6e 5f 61 70 70 27 2c 20
69 63 6f 6e 3a 20 27 77  65 62 27 2c 20 61 63 63
65 6e 74 3a 20 27 23 35  62 35 65 61 36 27 2c 20
73 6f 75 72 63 65 3a 20  27 6d 61 72 6b 65 74 27
2c 20 6d 61 6e 69 66 65  73 74 3a 20 6d 61 6b 65
41 75 74 6f 6d 61 74 69  6f 6e 4d 61 6e 69 66 65
73 74 28 29 20 7d 2c 0a  20 20 20 20 7b 20 69 64
3a 20 27 64 61 74 61 2d  73 79 6e 63 27 2c 20 6e
61 6d 65 3a 20 27 5c 75  36 35 37 30 5c 75 36 33
36 65 5c 75 35 34 30 63  5c 75 36 62 36 35 27 2c
20 64 65 73 63 72 69 70  74 69 6f 6e 3a 20 27 5c
75 35 37 32 38 20 44 61  74 61 53 72 76 20 5c 75
33 30 30 31 5c 75 36 35  38 37 5c 75 34 65 66 36
5c 75 35 34 38 63 5c 75  34 65 31 61 5c 75 35 32
61 31 5c 75 37 63 66 62  5c 75 37 65 64 66 5c 75
39 35 66 34 5c 75 38 66  64 30 5c 75 38 38 34 63
5c 75 35 33 65 66 5c 75  37 36 64 31 5c 75 36 33
61 37 5c 75 35 34 30 63  5c 75 36 62 36 35 5c 75
33 30 30 32 27 2c 20 63  61 74 65 67 6f 72 79 3a
20 27 5c 75 36 35 37 30  5c 75 36 33 36 65 5c 75
39 36 63 36 5c 75 36 32  31 30 27 2c 20 6b 69 6e
64 3a 20 27 61 75 74 6f  6d 61 74 69 6f 6e 5f 61
70 70 27 2c 20 69 63 6f  6e 3a 20 27 73 79 6e 63
27 2c 20 61 63 63 65 6e  74 3a 20 27 23 34 62 36
35 37 32 27 2c 20 73 6f  75 72 63 65 3a 20 27 6d
61 72 6b 65 74 27 2c 20  6d 61 6e 69 66 65 73 74
3a 20 6d 61 6b 65 41 75  74 6f 6d 61 74 69 6f 6e
4d 61 6e 69 66 65 73 74  28 29 20 7d 2c 0a 5d 3b
0a 0a 63 6f 6e 73 74 20  6d 61 72 6b 65 74 43 61
74 61 6c 6f 67 41 70 70  73 3a 20 41 70 70 45 6e
74 72 79 5b 5d 20 3d 20  5b 0a 20 20 20 20 7b 20
69 64 3a 20 27 6d 61 72  6b 65 74 2d 63 6f 6e 74
72 61 63 74 2d 61 72 63  68 69 76 65 27 2c 20 6e
61 6d 65 3a 20 27 5c 75  35 34 30 38 5c 75 35 34
30 63 5c 75 35 66 35 32  5c 75 36 38 36 33 27 2c
20 64 65 73 63 72 69 70  74 69 6f 6e 3a 20 27 5c
75 34 65 30 61 5c 75 34  66 32 30 5c 75 35 34 30
38 5c 75 35 34 30 63 5c  75 35 34 38 63 5c 75 39
36 34 34 5c 75 34 65 66  36 5c 75 66 66 30 63 5c
75 37 35 31 66 5c 75 36  32 31 30 5c 75 35 66 35
32 5c 75 36 38 36 33 5c  75 37 66 31 36 5c 75 35
33 66 37 5c 75 33 30 30  31 5c 75 35 62 61 31 5c
75 36 38 33 38 5c 75 37  32 62 36 5c 75 36 30 30
31 5c 75 35 34 38 63 5c  75 38 62 63 31 5c 75 36
33 36 65 5c 75 36 34 35  38 5c 75 38 39 38 31 5c
75 33 30 30 32 27 2c 20  63 61 74 65 67 6f 72 79
3a 20 27 5c 75 36 63 64  35 5c 75 35 32 61 31 27
2c 20 6b 69 6e 64 3a 20  27 74 6f 6f 6c 5f 61 70
70 27 2c 20 69 63 6f 6e  3a 20 27 63 6f 6e 74 72
61 63 74 27 2c 20 61 63  63 65 6e 74 3a 20 27 23
37 63 33 66 35 38 27 2c  20 73 6f 75 72 63 65 3a
20 27 6d 61 72 6b 65 74  27 2c 20 6d 61 6e 69 66
65 73 74 3a 20 6d 61 6b  65 53 6b 69 6c 6c 4d 61
6e 69 66 65 73 74 28 27  63 6f 6e 74 72 61 63 74
2d 61 72 63 68 69 76 65  27 2c 20 27 6d 69 78 65
64 27 2c 20 5b 27 64 6f  63 78 27 2c 20 27 70 64
66 27 2c 20 27 6a 73 6f  6e 27 5d 29 20 7d 2c 0a
20 20 20 20 7b 20 69 64  3a 20 27 6d 61 72 6b 65
74 2d 69 6e 76 6f 69 63  65 2d 63 68 65 63 6b 27
2c 20 6e 61 6d 65 3a 20  27 5c 75 35 33 64 31 5c
75 37 39 36 38 5c 75 36  38 33 38 5c 75 39 61 38
63 27 2c 20 64 65 73 63  72 69 70 74 69 6f 6e 3a
20 27 5c 75 36 38 33 38  5c 75 35 62 66 39 5c 75
35 33 64 31 5c 75 37 39  36 38 5c 75 33 30 30 31
5c 75 39 31 64 31 5c 75  39 38 39 64 5c 75 33 30
30 31 5c 75 36 32 61 63  5c 75 35 39 33 34 5c 75
35 34 38 63 5c 75 38 64  33 39 5c 75 37 35 32 38
5c 75 37 39 64 31 5c 75  37 36 65 65 5c 75 66 66
30 63 5c 75 38 66 39 33  5c 75 35 31 66 61 5c 75
35 66 30 32 5c 75 35 65  33 38 5c 75 36 65 30 35
5c 75 35 33 35 35 5c 75  33 30 30 32 27 2c 20 63
61 74 65 67 6f 72 79 3a  20 27 5c 75 38 64 32 32
5c 75 35 32 61 31 27 2c  20 6b 69 6e 64 3a 20 27
74 6f 6f 6c 5f 61 70 70  27 2c 20 69 63 6f 6e 3a
20 27 69 6e 76 6f 69 63  65 27 2c 20 61 63 63 65
6e 74 3a 20 27 23 32 66  35 66 39 38 27 2c 20 73
6f 75 72 63 65 3a 20 27  6d 61 72 6b 65 74 27 2c
20 6d 61 6e 69 66 65 73  74 3a 20 6d 61 6b 65 53
6b 69 6c 6c 4d 61 6e 69  66 65 73 74 28 27 69 6e
76 6f 69 63 65 2d 63 68  65 63 6b 27 2c 20 27 66
69 6c 65 27 2c 20 5b 27  78 6c 73 78 27 2c 20 27
70 64 66 27 5d 29 20 7d  2c 0a 20 20 20 20 7b 20
69 64 3a 20 27 6d 61 72  6b 65 74 2d 6d 65 65 74
69 6e 67 2d 6d 69 6e 75  74 65 73 27 2c 20 6e 61
6d 65 3a 20 27 5c 75 34  66 31 61 5c 75 38 62 61
65 5c 75 37 65 61 61 5c  75 38 39 38 31 27 2c 20
64 65 73 63 72 69 70 74  69 6f 6e 3a 20 27 5c 75
36 35 37 34 5c 75 37 34  30 36 5c 75 34 66 31 61
5c 75 38 62 61 65 5c 75  38 62 62 30 5c 75 35 66
35 35 5c 75 36 32 31 36  5c 75 35 66 35 35 5c 75
39 37 66 33 5c 75 38 66  36 63 5c 75 35 31 39 39
5c 75 66 66 30 63 5c 75  37 35 31 66 5c 75 36 32
31 30 5c 75 35 31 62 33  5c 75 38 62 61 65 5c 75
33 30 30 31 5c 75 35 66  38 35 5c 75 35 32 39 65
5c 75 35 34 38 63 5c 75  38 64 32 33 5c 75 34 65
66 62 5c 75 34 65 62 61  5c 75 33 30 30 32 27 2c
20 63 61 74 65 67 6f 72  79 3a 20 27 4f 41 27 2c
20 6b 69 6e 64 3a 20 27  74 6f 6f 6c 5f 61 70 70
27 2c 20 69 63 6f 6e 3a  20 27 63 61 6c 65 6e 64
61 72 27 2c 20 61 63 63  65 6e 74 3a 20 27 23 34
62 36 35 37 32 27 2c 20  73 6f 75 72 63 65 3a 20
27 6d 61 72 6b 65 74 27  2c 20 6d 61 6e 69 66 65
73 74 3a 20 6d 61 6b 65  53 6b 69 6c 6c 4d 61 6e
69 66 65 73 74 28 27 6d  65 65 74 69 6e 67 2d 6d
69 6e 75 74 65 73 27 2c  20 27 6d 69 78 65 64 27
2c 20 5b 27 64 6f 63 78  27 2c 20 27 74 78 74 27
5d 29 20 7d 2c 0a 20 20  20 20 7b 20 69 64 3a 20
27 6d 61 72 6b 65 74 2d  73 61 6c 65 73 2d 66 6f
6c 6c 6f 77 75 70 27 2c  20 6e 61 6d 65 3a 20 27
5c 75 35 62 61 32 5c 75  36 32 33 37 5c 75 38 64
64 66 5c 75 38 66 64 62  27 2c 20 64 65 73 63 72
69 70 74 69 6f 6e 3a 20  27 5c 75 36 38 33 39 5c
75 36 33 36 65 5c 75 35  62 61 32 5c 75 36 32 33
37 5c 75 36 63 39 66 5c  75 39 30 31 61 5c 75 38
62 62 30 5c 75 35 66 35  35 5c 75 37 35 31 66 5c
75 36 32 31 30 5c 75 38  64 64 66 5c 75 38 66 64
62 5c 75 38 62 61 31 5c  75 35 32 31 32 5c 75 66
66 30 63 5c 75 35 34 30  63 5c 75 36 62 36 35 5c
75 35 62 61 32 5c 75 36  32 33 37 5c 75 37 32 62
36 5c 75 36 30 30 31 5c  75 35 34 38 63 5c 75 34
65 30 62 5c 75 34 65 30  30 5c 75 36 62 36 35 5c
75 35 32 61 38 5c 75 34  66 35 63 5c 75 33 30 30
32 27 2c 20 63 61 74 65  67 6f 72 79 3a 20 27 43
52 4d 27 2c 20 6b 69 6e  64 3a 20 27 65 6e 74 65
72 70 72 69 73 65 5f 6e  6f 72 6d 61 6c 5f 61 70
70 27 2c 20 69 63 6f 6e  3a 20 27 63 75 73 74 6f
6d 65 72 27 2c 20 61 63  63 65 6e 74 3a 20 27 23
38 61 35 61 34 34 27 2c  20 73 6f 75 72 63 65 3a
20 27 6d 61 72 6b 65 74  27 2c 20 6d 61 6e 69 66
65 73 74 3a 20 6d 61 6b  65 44 61 74 61 53 72 76
4d 61 6e 69 66 65 73 74  28 27 73 61 6c 65 73 27
2c 20 27 73 61 6c 65 73  2e 66 6f 6c 6c 6f 77 75
70 5f 75 70 73 65 72 74  27 2c 20 27 73 61 6c 65
73 2e 63 75 73 74 6f 6d  65 72 5f 64 69 72 65 63
74 6f 72 79 27 2c 20 27  73 61 6c 65 73 2e 66 6f
6c 6c 6f 77 75 70 5f 62  79 5f 73 74 61 74 75 73
27 2c 20 27 73 61 6c 65  73 2e 6f 76 65 72 76 69
65 77 27 29 20 7d 2c 0a  5d 3b 0a 0a 63 6f 6e 73
74 20 62 75 69 6c 74 49  6e 41 70 70 49 64 73 20
3d 20 6e 65 77 20 53 65  74 28 69 6e 69 74 69 61
6c 41 70 70 73 2e 6d 61  70 28 28 61 70 70 29 20
3d 3e 20 61 70 70 2e 69  64 29 29 3b 0a 0a 63 6f
6e 73 74 20 61 70 70 49  63 6f 6e 4d 65 74 61 3a
20 52 65 63 6f 72 64 3c  41 70 70 49 63 6f 6e 4e
61 6d 65 2c 20 7b 20 7a  68 3a 20 73 74 72 69 6e
67 3b 20 65 6e 3a 20 73  74 72 69 6e 67 20 7d 3e
20 3d 20 7b 0a 20 20 20  20 72 65 63 65 69 70 74
3a 20 7b 20 7a 68 3a 20  27 5c 75 36 32 61 35 5c
75 39 35 30 30 2f 5c 75  38 64 33 39 5c 75 37 35
32 38 27 2c 20 65 6e 3a  20 27 45 78 70 65 6e 73
65 27 20 7d 2c 0a 20 20  20 20 77 61 6c 6c 65 74
3a 20 7b 20 7a 68 3a 20  27 5c 75 34 65 64 38 5c
75 36 62 33 65 2f 5c 75  38 64 32 32 5c 75 35 32
61 31 27 2c 20 65 6e 3a  20 27 50 61 79 6d 65 6e
74 27 20 7d 2c 0a 20 20  20 20 69 6e 76 6f 69 63
65 3a 20 7b 20 7a 68 3a  20 27 5c 75 35 33 64 31
5c 75 37 39 36 38 2f 5c  75 37 39 36 38 5c 75 36
33 36 65 27 2c 20 65 6e  3a 20 27 49 6e 76 6f 69
63 65 27 20 7d 2c 0a 20  20 20 20 77 61 72 65 68
6f 75 73 65 3a 20 7b 20  7a 68 3a 20 27 5c 75 34
65 64 33 5c 75 35 30 61  38 2f 5c 75 35 31 36 35
5c 75 35 65 39 33 27 2c  20 65 6e 3a 20 27 57 61
72 65 68 6f 75 73 65 27  20 7d 2c 0a 20 20 20 20
69 6e 76 65 6e 74 6f 72  79 3a 20 7b 20 7a 68 3a
20 27 5c 75 35 65 39 33  5c 75 35 62 35 38 2f 5c
75 37 36 64 38 5c 75 37  30 62 39 27 2c 20 65 6e
3a 20 27 49 6e 76 65 6e  74 6f 72 79 27 20 7d 2c
0a 20 20 20 20 63 75 73  74 6f 6d 65 72 3a 20 7b
20 7a 68 3a 20 27 5c 75  35 62 61 32 5c 75 36 32
33 37 2f 5c 75 35 65 66  61 5c 75 36 38 36 33 27
2c 20 65 6e 3a 20 27 43  75 73 74 6f 6d 65 72 27
20 7d 2c 0a 20 20 20 20  75 73 65 72 73 3a 20 7b
20 7a 68 3a 20 27 5c 75  34 65 62 61 5c 75 35 34
35 38 2f 5c 75 37 65 63  34 5c 75 37 65 63 37 27
2c 20 65 6e 3a 20 27 50  65 6f 70 6c 65 27 20 7d
2c 0a 20 20 20 20 63 6f  6e 74 72 61 63 74 3a 20
7b 20 7a 68 3a 20 27 5c  75 35 34 30 38 5c 75 35
34 30 63 2f 5c 75 36 63  64 35 5c 75 35 32 61 31
27 2c 20 65 6e 3a 20 27  43 6f 6e 74 72 61 63 74
27 20 7d 2c 0a 20 20 20  20 70 64 66 3a 20 7b 20
7a 68 3a 20 27 50 44 46  2f 5c 75 38 66 36 63 5c
75 36 33 36 32 27 2c 20  65 6e 3a 20 27 50 44 46
27 20 7d 2c 0a 20 20 20  20 73 68 69 65 6c 64 3a
20 7b 20 7a 68 3a 20 27  5c 75 35 62 61 31 5c 75
36 37 65 35 2f 5c 75 38  31 33 31 5c 75 36 35 34
66 27 2c 20 65 6e 3a 20  27 52 65 76 69 65 77 27
20 7d 2c 0a 20 20 20 20  73 68 65 65 74 3a 20 7b
20 7a 68 3a 20 27 5c 75  38 38 36 38 5c 75 36 38
33 63 2f 5c 75 36 35 37  30 5c 75 36 33 36 65 27
2c 20 65 6e 3a 20 27 53  68 65 65 74 27 20 7d 2c
0a 20 20 20 20 63 68 61  72 74 3a 20 7b 20 7a 68
3a 20 27 5c 75 36 32 61  35 5c 75 38 38 36 38 2f
5c 75 35 32 30 36 5c 75  36 37 39 30 27 2c 20 65
6e 3a 20 27 52 65 70 6f  72 74 27 20 7d 2c 0a 20
20 20 20 64 61 73 68 62  6f 61 72 64 3a 20 7b 20
7a 68 3a 20 27 5c 75 37  37 30 62 5c 75 36 37 37
66 2f 5c 75 36 33 30 37  5c 75 36 38 30 37 27 2c
20 65 6e 3a 20 27 44 61  73 68 62 6f 61 72 64 27
20 7d 2c 0a 20 20 20 20  64 61 74 61 62 61 73 65
3a 20 7b 20 7a 68 3a 20  27 5c 75 36 35 37 30 5c
75 36 33 36 65 5c 75 35  65 39 33 2f 5c 75 35 39
30 34 5c 75 37 34 30 36  27 2c 20 65 6e 3a 20 27
44 61 74 61 62 61 73 65  27 20 7d 2c 0a 20 20 20
20 65 72 61 73 65 72 3a  20 7b 20 7a 68 3a 20 27
5c 75 36 65 30 35 5c 75  36 64 31 37 2f 5c 75 38
31 33 31 5c 75 36 35 34  66 27 2c 20 65 6e 3a 20
27 43 6c 65 61 6e 27 20  7d 2c 0a 20 20 20 20 74
72 75 63 6b 3a 20 7b 20  7a 68 3a 20 27 5c 75 37
32 36 39 5c 75 36 64 34  31 2f 5c 75 39 31 34 64
5c 75 39 30 30 31 27 2c  20 65 6e 3a 20 27 4c 6f
67 69 73 74 69 63 73 27  20 7d 2c 0a 20 20 20 20
63 61 6c 65 6e 64 61 72  3a 20 7b 20 7a 68 3a 20
27 5c 75 36 35 65 35 5c  75 37 61 30 62 2f 5c 75
38 30 30 33 5c 75 35 32  65 34 27 2c 20 65 6e 3a
20 27 43 61 6c 65 6e 64  61 72 27 20 7d 2c 0a 20
20 20 20 77 65 62 3a 20  7b 20 7a 68 3a 20 27 5c
75 37 66 35 31 5c 75 39  38 37 35 2f 5c 75 39 31
63 37 5c 75 39 36 63 36  27 2c 20 65 6e 3a 20 27
57 65 62 27 20 7d 2c 0a  20 20 20 20 73 79 6e 63
3a 20 7b 20 7a 68 3a 20  27 5c 75 35 34 30 63 5c
75 36 62 36 35 2f 5c 75  38 31 65 61 5c 75 35 32
61 38 5c 75 35 33 31 36  27 2c 20 65 6e 3a 20 27
53 79 6e 63 27 20 7d 2c  0a 20 20 20 20 62 6f 74
3a 20 7b 20 7a 68 3a 20  27 41 67 65 6e 74 2f 5c
75 38 31 65 61 5c 75 35  32 61 38 5c 75 35 33 31
36 27 2c 20 65 6e 3a 20  27 41 67 65 6e 74 27 20
7d 2c 0a 7d 3b 0a 0a 63  6f 6e 73 74 20 61 70 70
49 63 6f 6e 4e 61 6d 65  73 20 3d 20 4f 62 6a 65
63 74 2e 6b 65 79 73 28  61 70 70 49 63 6f 6e 4d
65 74 61 29 20 61 73 20  41 70 70 49 63 6f 6e 4e
61 6d 65 5b 5d 3b 0a 0a  63 6f 6e 73 74 20 61 70
70 49 63 6f 6e 4c 61 62  65 6c 20 3d 20 28 69 63
6f 6e 3a 20 41 70 70 49  63 6f 6e 4e 61 6d 65 2c
20 6c 61 6e 67 3f 3a 20  73 74 72 69 6e 67 29 20
3d 3e 20 7b 0a 20 20 20  20 63 6f 6e 73 74 20 6d
65 74 61 20 3d 20 61 70  70 49 63 6f 6e 4d 65 74
61 5b 69 63 6f 6e 5d 3b  0a 20 20 20 20 72 65 74
75 72 6e 20 60 24 7b 6d  65 74 61 5b 69 73 5a 68
28 6c 61 6e 67 29 20 3f  20 27 7a 68 27 20 3a 20
27 65 6e 27 5d 7d 20 28  24 7b 69 63 6f 6e 7d 29
60 3b 0a 7d 3b 0a 0a 63  6f 6e 73 74 20 61 70 70
41 63 63 65 6e 74 53 77  61 74 63 68 65 73 20 3d
20 5b 0a 20 20 20 20 7b  20 76 61 6c 75 65 3a 20
27 23 32 66 35 66 39 38  27 2c 20 7a 68 3a 20 27
5c 75 38 34 64 64 5c 75  38 32 37 32 27 2c 20 65
6e 3a 20 27 42 6c 75 65  27 20 7d 2c 0a 20 20 20
20 7b 20 76 61 6c 75 65  3a 20 27 23 36 35 37 61
34 32 27 2c 20 7a 68 3a  20 27 5c 75 37 65 66 66
5c 75 38 32 37 32 27 2c  20 65 6e 3a 20 27 47 72
65 65 6e 27 20 7d 2c 0a  20 20 20 20 7b 20 76 61
6c 75 65 3a 20 27 23 37  63 33 66 35 38 27 2c 20
7a 68 3a 20 27 5c 75 37  64 32 62 5c 75 37 65 61
32 27 2c 20 65 6e 3a 20  27 50 6c 75 6d 27 20 7d
2c 0a 20 20 20 20 7b 20  76 61 6c 75 65 3a 20 27
23 62 34 35 33 30 39 27  2c 20 7a 68 3a 20 27 5c
75 37 34 32 35 5c 75 37  33 63 30 27 2c 20 65 6e
3a 20 27 41 6d 62 65 72  27 20 7d 2c 0a 20 20 20
20 7b 20 76 61 6c 75 65  3a 20 27 23 32 38 37 30
35 66 27 2c 20 7a 68 3a  20 27 5c 75 39 37 35 32
5c 75 37 65 66 66 27 2c  20 65 6e 3a 20 27 54 65
61 6c 27 20 7d 2c 0a 20  20 20 20 7b 20 76 61 6c
75 65 3a 20 27 23 34 62  36 35 37 32 27 2c 20 7a
68 3a 20 27 5c 75 37 30  37 30 5c 75 38 34 64 64
27 2c 20 65 6e 3a 20 27  53 6c 61 74 65 27 20 7d
2c 0a 20 20 20 20 7b 20  76 61 6c 75 65 3a 20 27
23 38 61 35 61 34 34 27  2c 20 7a 68 3a 20 27 5c
75 36 38 64 35 5c 75 38  32 37 32 27 2c 20 65 6e
3a 20 27 42 72 6f 77 6e  27 20 7d 2c 0a 20 20 20
20 7b 20 76 61 6c 75 65  3a 20 27 23 35 62 35 65
61 36 27 2c 20 7a 68 3a  20 27 5c 75 39 37 35 62
5c 75 38 34 64 64 27 2c  20 65 6e 3a 20 27 49 6e
64 69 67 6f 27 20 7d 2c  0a 20 20 20 20 7b 20 76
61 6c 75 65 3a 20 27 23  36 62 37 32 38 30 27 2c
20 7a 68 3a 20 27 5c 75  34 65 32 64 5c 75 36 30
32 37 5c 75 37 30 37 30  27 2c 20 65 6e 3a 20 27
47 72 61 79 27 20 7d 2c  0a 5d 3b 0a 0a 63 6f 6e
73 74 20 64 65 66 61 75  6c 74 41 63 63 65 6e 74
46 6f 72 4b 69 6e 64 20  3d 20 28 6b 69 6e 64 3a
20 41 70 70 4b 69 6e 64  29 20 3d 3e 20 6b 69 6e
64 20 3d 3d 3d 20 27 65  6e 74 65 72 70 72 69 73
65 5f 61 70 70 72 6f 76  61 6c 5f 61 70 70 27 20
3f 20 27 23 32 66 35 66  39 38 27 20 3a 20 6b 69
6e 64 20 3d 3d 3d 20 27  65 6e 74 65 72 70 72 69
73 65 5f 6e 6f 72 6d 61  6c 5f 61 70 70 27 20 3f
20 27 23 34 62 36 35 37  32 27 20 3a 20 6b 69 6e
64 20 3d 3d 3d 20 27 61  75 74 6f 6d 61 74 69 6f
6e 5f 61 70 70 27 20 3f  20 27 23 34 62 36 35 37
32 27 20 3a 20 27 23 32  38 37 30 35 66 27 3b 0a
0a 66 75 6e 63 74 69 6f  6e 20 6e 6f 72 6d 61 6c
69 7a 65 41 70 70 4b 69  6e 64 28 72 61 77 3a 20
75 6e 6b 6e 6f 77 6e 29  3a 20 41 70 70 4b 69 6e
64 20 7b 0a 20 20 20 20  69 66 20 28 72 61 77 20
3d 3d 3d 20 27 65 6e 74  65 72 70 72 69 73 65 5f
61 70 70 72 6f 76 61 6c  5f 61 70 70 27 20 7c 7c
20 72 61 77 20 3d 3d 3d  20 27 61 70 70 72 6f 76
61 6c 5f 61 70 70 27 29  20 72 65 74 75 72 6e 20
27 65 6e 74 65 72 70 72  69 73 65 5f 61 70 70 72
6f 76 61 6c 5f 61 70 70  27 3b 0a 20 20 20 20 69
66 20 28 72 61 77 20 3d  3d 3d 20 27 65 6e 74 65
72 70 72 69 73 65 5f 6e  6f 72 6d 61 6c 5f 61 70
70 27 20 7c 7c 20 72 61  77 20 3d 3d 3d 20 27 65
6e 74 65 72 70 72 69 73  65 5f 61 70 70 27 20 7c
7c 20 72 61 77 20 3d 3d  3d 20 27 62 75 73 69 6e
65 73 73 5f 61 70 70 27  29 20 72 65 74 75 72 6e
20 27 65 6e 74 65 72 70  72 69 73 65 5f 6e 6f 72
6d 61 6c 5f 61 70 70 27  3b 0a 20 20 20 20 69 66
20 28 72 61 77 20 3d 3d  3d 20 27 74 6f 6f 6c 5f
61 70 70 27 29 20 72 65  74 75 72 6e 20 27 74 6f
6f 6c 5f 61 70 70 27 3b  0a 20 20 20 20 69 66 20
28 72 61 77 20 3d 3d 3d  20 27 61 75 74 6f 6d 61
74 69 6f 6e 5f 61 70 70  27 29 20 72 65 74 75 72
6e 20 27 61 75 74 6f 6d  61 74 69 6f 6e 5f 61 70
70 27 3b 0a 20 20 20 20  72 65 74 75 72 6e 20 27
74 6f 6f 6c 5f 61 70 70  27 3b 0a 7d 0a 0a 63 6f
6e 73 74 20 69 73 45 6e  74 65 72 70 72 69 73 65
41 70 70 4b 69 6e 64 20  3d 20 28 6b 69 6e 64 3a
20 41 70 70 4b 69 6e 64  29 20 3d 3e 20 6b 69 6e
64 20 3d 3d 3d 20 27 65  6e 74 65 72 70 72 69 73
65 5f 61 70 70 72 6f 76  61 6c 5f 61 70 70 27 20
7c 7c 20 6b 69 6e 64 20  3d 3d 3d 20 27 65 6e 74
65 72 70 72 69 73 65 5f  6e 6f 72 6d 61 6c 5f 61
70 70 27 3b 0a 63 6f 6e  73 74 20 69 73 45 6e 74
65 72 70 72 69 73 65 41  70 70 72 6f 76 61 6c 41
70 70 4b 69 6e 64 20 3d  20 28 6b 69 6e 64 3a 20
41 70 70 4b 69 6e 64 29  20 3d 3e 20 6b 69 6e 64
20 3d 3d 3d 20 27 65 6e  74 65 72 70 72 69 73 65
5f 61 70 70 72 6f 76 61  6c 5f 61 70 70 27 3b 0a
0a 63 6f 6e 73 74 20 61  70 70 41 63 63 65 6e 74
4c 61 62 65 6c 20 3d 20  28 73 77 61 74 63 68 3a
20 7b 20 76 61 6c 75 65  3a 20 73 74 72 69 6e 67
3b 20 7a 68 3a 20 73 74  72 69 6e 67 3b 20 65 6e
3a 20 73 74 72 69 6e 67  20 7d 2c 20 6c 61 6e 67
3f 3a 20 73 74 72 69 6e  67 29 20 3d 3e 20 60 24
7b 73 77 61 74 63 68 5b  69 73 5a 68 28 6c 61 6e
67 29 20 3f 20 27 7a 68  27 20 3a 20 27 65 6e 27
5d 7d 20 24 7b 73 77 61  74 63 68 2e 76 61 6c 75
65 7d 60 3b 0a 0a 66 75  6e 63 74 69 6f 6e 20 6d
61 6b 65 45 6e 74 65 72  70 72 69 73 65 4d 61 6e
69 66 65 73 74 28 6b 69  6e 64 3a 20 27 65 6e 74
65 72 70 72 69 73 65 5f  61 70 70 72 6f 76 61 6c
5f 61 70 70 27 20 7c 20  27 65 6e 74 65 72 70 72
69 73 65 5f 6e 6f 72 6d  61 6c 5f 61 70 70 27 2c
20 64 6f 6d 61 69 6e 3a  20 73 74 72 69 6e 67 2c
20 70 72 65 66 65 72 72  65 64 41 63 74 69 6f 6e
3a 20 73 74 72 69 6e 67  2c 20 70 72 65 66 65 72
72 65 64 56 69 65 77 3a  20 73 74 72 69 6e 67 2c
20 70 72 65 66 65 72 72  65 64 52 65 70 6f 72 74
3a 20 73 74 72 69 6e 67  2c 20 70 72 65 66 65 72
72 65 64 44 61 73 68 62  6f 61 72 64 3a 20 73 74
72 69 6e 67 2c 20 61 70  70 53 6b 69 6c 6c 49 44
20 3d 20 27 27 2c 20 64  65 70 65 6e 64 65 6e 63
69 65 73 3a 20 41 70 70  53 6b 69 6c 6c 44 65 70
65 6e 64 65 6e 63 79 5b  5d 20 3d 20 5b 5d 29 3a
20 41 70 70 4d 61 6e 69  66 65 73 74 42 69 6e 64
69 6e 67 20 7b 0a 20 20  20 20 72 65 74 75 72 6e
20 7b 0a 20 20 20 20 20  20 20 20 73 63 68 65 6d
61 3a 20 27 6d 61 63 6c  61 77 2e 61 70 70 2e 76
31 27 2c 0a 20 20 20 20  20 20 20 20 69 6e 73 74
61 6c 6c 55 6e 69 74 3a  20 27 65 6e 74 65 72 70
72 69 73 65 5f 61 70 70  5f 70 61 63 6b 27 2c 0a
20 20 20 20 20 20 20 20  70 72 69 76 61 74 65 4d
61 72 6b 65 72 3a 20 27  78 5f 6d 61 63 6c 61 77
5f 61 70 70 73 27 2c 0a  20 20 20 20 20 20 20 20
65 6e 74 72 79 4b 69 6e  64 3a 20 6b 69 6e 64 2c
0a 20 20 20 20 20 20 20  20 6c 61 75 6e 63 68 4d
6f 64 65 3a 20 27 61 67  65 6e 74 5f 64 79 6e 61
6d 69 63 5f 75 69 27 2c  0a 20 20 20 20 20 20 20
20 64 61 74 61 73 72 76  3a 20 7b 20 64 6f 6d 61
69 6e 2c 20 70 72 65 66  65 72 72 65 64 41 63 74
69 6f 6e 2c 20 70 72 65  66 65 72 72 65 64 56 69
65 77 2c 20 70 72 65 66  65 72 72 65 64 52 65 70
6f 72 74 2c 20 70 72 65  66 65 72 72 65 64 44 61
73 68 62 6f 61 72 64 20  7d 2c 0a 20 20 20 20 20
20 20 20 61 70 70 53 6b  69 6c 6c 3a 20 61 70 70
53 6b 69 6c 6c 49 44 20  3f 20 7b 20 69 64 3a 20
61 70 70 53 6b 69 6c 6c  49 44 2c 20 76 65 72 73
69 6f 6e 3a 20 27 31 2e  30 2e 30 27 20 7d 20 3a
20 75 6e 64 65 66 69 6e  65 64 2c 0a 20 20 20 20
20 20 20 20 64 65 70 65  6e 64 65 6e 63 69 65 73
3a 20 64 65 70 65 6e 64  65 6e 63 69 65 73 2e 6c
65 6e 67 74 68 20 3f 20  7b 20 73 6b 69 6c 6c 73
3a 20 64 65 70 65 6e 64  65 6e 63 69 65 73 20 7d
20 3a 20 75 6e 64 65 66  69 6e 65 64 2c 0a 20 20
20 20 20 20 20 20 75 69  3a 20 64 65 66 61 75 6c
74 57 6f 72 6b 73 70 61  63 65 4c 61 79 6f 75 74
46 6f 72 4b 69 6e 64 28  6b 69 6e 64 29 2c 0a 20
20 20 20 7d 3b 0a 7d 0a  0a 66 75 6e 63 74 69 6f
6e 20 6d 61 6b 65 44 61  74 61 53 72 76 4d 61 6e
69 66 65 73 74 28 64 6f  6d 61 69 6e 3a 20 73 74
72 69 6e 67 2c 20 70 72  65 66 65 72 72 65 64 41
63 74 69 6f 6e 3a 20 73  74 72 69 6e 67 2c 20 70
72 65 66 65 72 72 65 64  56 69 65 77 3a 20 73 74
72 69 6e 67 2c 20 70 72  65 66 65 72 72 65 64 52
65 70 6f 72 74 3a 20 73  74 72 69 6e 67 2c 20 70
72 65 66 65 72 72 65 64  44 61 73 68 62 6f 61 72
64 3a 20 73 74 72 69 6e  67 29 3a 20 41 70 70 4d
61 6e 69 66 65 73 74 42  69 6e 64 69 6e 67 20 7b
0d 0a 20 20 20 20 72 65  74 75 72 6e 20 6d 61 6b
65 45 6e 74 65 72 70 72  69 73 65 4d 61 6e 69 66
65 73 74 28 27 65 6e 74  65 72 70 72 69 73 65 5f
6e 6f 72 6d 61 6c 5f 61  70 70 27 2c 20 64 6f 6d
61 69 6e 2c 20 70 72 65  66 65 72 72 65 64 41 63
74 69 6f 6e 2c 20 70 72  65 66 65 72 72 65 64 56
69 65 77 2c 20 70 72 65  66 65 72 72 65 64 52 65
70 6f 72 74 2c 20 70 72  65 66 65 72 72 65 64 44
61 73 68 62 6f 61 72 64  29 3b 0d 0a 7d 0d 0a 0d
0a 66 75 6e 63 74 69 6f  6e 20 6d 61 6b 65 53 6b
69 6c 6c 4d 61 6e 69 66  65 73 74 28 69 64 3a 20
73 74 72 69 6e 67 2c 20  69 6e 70 75 74 4d 6f 64
65 3a 20 27 66 69 6c 65  27 20 7c 20 27 66 6f 72
6d 27 20 7c 20 27 6d 69  78 65 64 27 2c 20 6f 75
74 70 75 74 4d 6f 64 65  73 3a 20 73 74 72 69 6e
67 5b 5d 20 3d 20 5b 27  64 6f 63 78 27 2c 20 27
70 64 66 27 5d 2c 20 66  69 65 6c 64 73 3a 20 53
6b 69 6c 6c 41 70 70 46  69 65 6c 64 5b 5d 20 3d
20 5b 5d 2c 20 6d 75 6c  74 69 70 6c 65 46 69 6c
65 73 20 3d 20 66 61 6c  73 65 2c 20 61 70 70 44
65 66 69 6e 69 74 69 6f  6e 46 69 6c 65 20 3d 20
27 6d 61 63 6c 61 77 2e  61 70 70 73 2e 6a 73 6f
6e 27 29 3a 20 41 70 70  4d 61 6e 69 66 65 73 74
42 69 6e 64 69 6e 67 20  7b 0a 20 20 20 20 72 65
74 75 72 6e 20 7b 0a 20  20 20 20 20 20 20 20 73
63 68 65 6d 61 3a 20 27  6d 61 63 6c 61 77 2e 61
70 70 2e 76 31 27 2c 0a  20 20 20 20 20 20 20 20
69 6e 73 74 61 6c 6c 55  6e 69 74 3a 20 27 73 6b
69 6c 6c 27 2c 0a 20 20  20 20 20 20 20 20 70 72
69 76 61 74 65 4d 61 72  6b 65 72 3a 20 27 78 5f
6d 61 63 6c 61 77 5f 61  70 70 73 27 2c 0a 20 20
20 20 20 20 20 20 65 6e  74 72 79 4b 69 6e 64 3a
20 27 74 6f 6f 6c 5f 61  70 70 27 2c 0a 20 20 20
20 20 20 20 20 6c 61 75  6e 63 68 4d 6f 64 65 3a
20 27 66 69 78 65 64 5f  73 6b 69 6c 6c 5f 75 69
27 2c 0a 20 20 20 20 20  20 20 20 61 70 70 53 6b
69 6c 6c 3a 20 7b 20 69  64 2c 20 76 65 72 73 69
6f 6e 3a 20 27 31 2e 30  2e 30 27 20 7d 2c 0d 0a
20 20 20 20 20 20 20 20  75 69 3a 20 64 65 66 61
75 6c 74 57 6f 72 6b 73  70 61 63 65 4c 61 79 6f
75 74 46 6f 72 4b 69 6e  64 28 27 74 6f 6f 6c 5f
61 70 70 27 29 2c 0d 0a  20 20 20 20 20 20 20 20
73 6b 69 6c 6c 3a 20 7b  20 69 64 2c 20 61 70 70
44 65 66 69 6e 69 74 69  6f 6e 46 69 6c 65 2c 20
69 6e 70 75 74 4d 6f 64  65 2c 20 6d 75 6c 74 69
70 6c 65 46 69 6c 65 73  2c 20 6f 75 74 70 75 74
4d 6f 64 65 73 3a 20 6e  6f 72 6d 61 6c 69 7a 65
4f 75 74 70 75 74 4d 6f  64 65 73 28 6f 75 74 70
75 74 4d 6f 64 65 73 29  2c 20 66 69 65 6c 64 73
3a 20 6e 6f 72 6d 61 6c  69 7a 65 53 6b 69 6c 6c
41 70 70 46 69 65 6c 64  73 28 66 69 65 6c 64 73
29 20 7d 2c 0a 20 20 20  20 7d 3b 0a 7d 0a 0a 0a
66 75 6e 63 74 69 6f 6e  20 64 65 66 61 75 6c 74
57 6f 72 6b 73 70 61 63  65 4c 61 79 6f 75 74 46
6f 72 4b 69 6e 64 28 6b  69 6e 64 3a 20 41 70 70
4b 69 6e 64 29 3a 20 41  70 70 57 6f 72 6b 73 70
61 63 65 4c 61 79 6f 75  74 20 7b 0a 20 20 20 20
63 6f 6e 73 74 20 62 61  73 65 20 3d 20 7b 20 73
63 68 65 6d 61 3a 20 27  6d 61 63 6c 61 77 2e 61
70 70 2e 75 69 2e 76 31  27 20 61 73 20 63 6f 6e
73 74 2c 20 67 65 6e 65  72 61 74 65 64 3a 20 74
72 75 65 20 7d 3b 0a 20  20 20 20 69 66 20 28 6b
69 6e 64 20 3d 3d 3d 20  27 65 6e 74 65 72 70 72
69 73 65 5f 61 70 70 72  6f 76 61 6c 5f 61 70 70
27 29 20 7b 0a 20 20 20  20 20 20 20 20 72 65 74
75 72 6e 20 7b 0a 20 20  20 20 20 20 20 20 20 20
20 20 2e 2e 2e 62 61 73  65 2c 0a 20 20 20 20 20
20 20 20 20 20 20 20 65  6e 74 72 79 3a 20 27 61
70 70 72 6f 76 61 6c 5f  77 6f 72 6b 73 70 61 63
65 27 2c 0a 20 20 20 20  20 20 20 20 20 20 20 20
6c 61 79 6f 75 74 73 3a  20 7b 0a 20 20 20 20 20
20 20 20 20 20 20 20 20  20 20 20 61 70 70 72 6f
76 61 6c 5f 77 6f 72 6b  73 70 61 63 65 3a 20 7b
0a 20 20 20 20 20 20 20  20 20 20 20 20 20 20 20
20 20 20 20 20 74 79 70  65 3a 20 27 73 70 6c 69
74 5f 76 69 65 77 27 2c  0a 20 20 20 20 20 20 20
20 20 20 20 20 20 20 20  20 20 20 20 20 74 6f 6f
6c 62 61 72 3a 20 5b 27  63 72 65 61 74 65 5f 72
65 71 75 65 73 74 27 2c  20 27 72 65 66 72 65 73
68 27 2c 20 27 65 78 70  6f 72 74 27 2c 20 27 66
69 6c 74 65 72 27 5d 2c  0a 20 20 20 20 20 20 20
20 20 20 20 20 20 20 20  20 20 20 20 20 6e 61 76
69 67 61 74 69 6f 6e 3a  20 5b 27 6d 79 5f 72 65
71 75 65 73 74 73 27 2c  20 27 70 65 6e 64 69 6e
67 5f 6d 79 5f 61 70 70  72 6f 76 61 6c 27 2c 20
27 68 61 6e 64 6c 65 64  27 2c 20 27 61 74 74 65
6e 74 69 6f 6e 27 2c 20  27 61 6c 6c 27 5d 2c 0a
20 20 20 20 20 20 20 20  20 20 20 20 20 20 20 20
20 20 20 20 6c 69 73 74  3a 20 7b 20 63 6f 6c 75
6d 6e 73 3a 20 5b 27 74  69 74 6c 65 27 2c 20 27
61 70 70 6c 69 63 61 6e  74 27 2c 20 27 63 75 72
72 65 6e 74 5f 6e 6f 64  65 27 2c 20 27 73 74 61
74 75 73 27 2c 20 27 75  70 64 61 74 65 64 5f 61
74 27 5d 20 7d 2c 0a 20  20 20 20 20 20 20 20 20
20 20 20 20 20 20 20 20  20 20 20 64 65 74 61 69
6c 3a 20 7b 20 73 65 63  74 69 6f 6e 73 3a 20 5b
27 73 75 6d 6d 61 72 79  27 2c 20 27 66 6f 72 6d
5f 64 61 74 61 27 2c 20  27 61 74 74 61 63 68 6d
65 6e 74 73 27 2c 20 27  74 69 6d 65 6c 69 6e 65
27 2c 20 27 61 70 70 72  6f 76 61 6c 5f 61 63 74
69 6f 6e 73 27 2c 20 27  72 65 73 75 6c 74 27 5d
20 7d 2c 0a 20 20 20 20  20 20 20 20 20 20 20 20
20 20 20 20 7d 2c 0a 20  20 20 20 20 20 20 20 20
20 20 20 7d 2c 0a 20 20  20 20 20 20 20 20 7d 3b
0a 20 20 20 20 7d 0a 20  20 20 20 69 66 20 28 6b
69 6e 64 20 3d 3d 3d 20  27 65 6e 74 65 72 70 72
69 73 65 5f 6e 6f 72 6d  61 6c 5f 61 70 70 27 29
20 7b 0a 20 20 20 20 20  20 20 20 72 65 74 75 72
6e 20 7b 0a 20 20 20 20  20 20 20 20 20 20 20 20
2e 2e 2e 62 61 73 65 2c  0a 20 20 20 20 20 20 20
20 20 20 20 20 65 6e 74  72 79 3a 20 27 62 75 73
69 6e 65 73 73 5f 77 6f  72 6b 73 70 61 63 65 27
2c 0a 20 20 20 20 20 20  20 20 20 20 20 20 6c 61
79 6f 75 74 73 3a 20 7b  0a 20 20 20 20 20 20 20
20 20 20 20 20 20 20 20  20 62 75 73 69 6e 65 73
73 5f 77 6f 72 6b 73 70  61 63 65 3a 20 7b 0a 20
20 20 20 20 20 20 20 20  20 20 20 20 20 20 20 20
20 20 20 74 79 70 65 3a  20 27 73 70 6c 69 74 5f
76 69 65 77 27 2c 0a 20  20 20 20 20 20 20 20 20
20 20 20 20 20 20 20 20  20 20 20 74 6f 6f 6c 62
61 72 3a 20 5b 27 6e 65  77 5f 72 65 63 6f 72 64
27 2c 20 27 71 75 65 72  79 27 2c 20 27 72 65 66
72 65 73 68 27 2c 20 27  65 78 70 6f 72 74 27 5d
2c 0a 20 20 20 20 20 20  20 20 20 20 20 20 20 20
20 20 20 20 20 20 6e 61  76 69 67 61 74 69 6f 6e
3a 20 5b 27 72 65 63 6f  72 64 73 27 2c 20 27 72
65 63 65 6e 74 27 2c 20  27 6e 65 65 64 73 5f 61
74 74 65 6e 74 69 6f 6e  27 5d 2c 0a 20 20 20 20
20 20 20 20 20 20 20 20  20 20 20 20 20 20 20 20
6c 69 73 74 3a 20 7b 20  63 6f 6c 75 6d 6e 73 3a
20 5b 27 74 69 74 6c 65  27 2c 20 27 73 74 61 74
75 73 27 2c 20 27 6f 77  6e 65 72 27 2c 20 27 75
70 64 61 74 65 64 5f 61  74 27 5d 20 7d 2c 0a 20
20 20 20 20 20 20 20 20  20 20 20 20 20 20 20 20
20 20 20 64 65 74 61 69  6c 3a 20 7b 20 73 65 63
74 69 6f 6e 73 3a 20 5b  27 66 6f 72 6d 5f 70 61
6e 65 6c 27 2c 20 27 62  75 73 69 6e 65 73 73 5f
72 65 63 6f 72 64 27 2c  20 27 6f 70 65 72 61 74
69 6f 6e 5f 68 69 73 74  6f 72 79 27 2c 20 27 6f
75 74 70 75 74 5f 70 61  6e 65 6c 27 5d 20 7d 2c
0a 20 20 20 20 20 20 20  20 20 20 20 20 20 20 20
20 7d 2c 0a 20 20 20 20  20 20 20 20 20 20 20 20
7d 2c 0a 20 20 20 20 20  20 20 20 7d 3b 0a 20 20
20 20 7d 0a 20 20 20 20  72 65 74 75 72 6e 20 7b
0a 20 20 20 20 20 20 20  20 2e 2e 2e 62 61 73 65
2c 0a 20 20 20 20 20 20  20 20 65 6e 74 72 79 3a
20 27 74 6f 6f 6c 5f 77  6f 72 6b 73 70 61 63 65
27 2c 0a 20 20 20 20 20  20 20 20 6c 61 79 6f 75
74 73 3a 20 7b 0a 20 20  20 20 20 20 20 20 20 20
20 20 74 6f 6f 6c 5f 77  6f 72 6b 73 70 61 63 65
3a 20 7b 0a 20 20 20 20  20 20 20 20 20 20 20 20
20 20 20 20 74 79 70 65  3a 20 27 74 6f 6f 6c 5f
77 6f 72 6b 73 70 61 63  65 27 2c 0a 20 20 20 20
20 20 20 20 20 20 20 20  20 20 20 20 74 6f 6f 6c
62 61 72 3a 20 5b 27 61  64 64 5f 66 69 6c 65 27
2c 20 27 72 75 6e 27 2c  20 27 63 61 6e 63 65 6c
27 2c 20 27 6f 70 65 6e  5f 6f 75 74 70 75 74 27
5d 2c 0a 20 20 20 20 20  20 20 20 20 20 20 20 20
20 20 20 72 65 67 69 6f  6e 73 3a 20 5b 27 66 69
6c 65 5f 71 75 65 75 65  27 2c 20 27 70 72 65 76
69 65 77 5f 70 61 6e 65  6c 27 2c 20 27 73 65 74
74 69 6e 67 73 5f 70 61  6e 65 6c 27 2c 20 27 6f
75 74 70 75 74 5f 70 61  6e 65 6c 27 5d 2c 0a 20
20 20 20 20 20 20 20 20  20 20 20 7d 2c 0a 20 20
20 20 20 20 20 20 7d 2c  0a 20 20 20 20 7d 3b 0a
7d 0d 0a 66 75 6e 63 74  69 6f 6e 20 6e 6f 72 6d
61 6c 69 7a 65 41 70 70  44 65 70 65 6e 64 65 6e
63 69 65 73 28 72 61 77  3a 20 75 6e 6b 6e 6f 77
6e 29 3a 20 41 70 70 4d  61 6e 69 66 65 73 74 42
69 6e 64 69 6e 67 5b 27  64 65 70 65 6e 64 65 6e
63 69 65 73 27 5d 20 7b  0a 20 20 20 20 63 6f 6e
73 74 20 76 61 6c 75 65  20 3d 20 72 61 77 20 26
26 20 74 79 70 65 6f 66  20 72 61 77 20 3d 3d 3d
20 27 6f 62 6a 65 63 74  27 20 3f 20 72 61 77 20
61 73 20 7b 20 73 6b 69  6c 6c 73 3f 3a 20 75 6e
6b 6e 6f 77 6e 20 7d 20  3a 20 7b 7d 3b 0a 20 20
20 20 69 66 20 28 21 41  72 72 61 79 2e 69 73 41
72 72 61 79 28 76 61 6c  75 65 2e 73 6b 69 6c 6c
73 29 29 20 72 65 74 75  72 6e 20 75 6e 64 65 66
69 6e 65 64 3b 0a 20 20  20 20 63 6f 6e 73 74 20
73 6b 69 6c 6c 73 3a 20  41 70 70 53 6b 69 6c 6c
44 65 70 65 6e 64 65 6e  63 79 5b 5d 20 3d 20 5b
5d 3b 0a 20 20 20 20 76  61 6c 75 65 2e 73 6b 69
6c 6c 73 2e 66 6f 72 45  61 63 68 28 28 69 74 65
6d 29 20 3d 3e 20 7b 0a  20 20 20 20 20 20 20 20
63 6f 6e 73 74 20 64 65  70 20 3d 20 69 74 65 6d
20 26 26 20 74 79 70 65  6f 66 20 69 74 65 6d 20
3d 3d 3d 20 27 6f 62 6a  65 63 74 27 20 3f 20 69
74 65 6d 20 61 73 20 41  70 70 53 6b 69 6c 6c 44
65 70 65 6e 64 65 6e 63  79 20 3a 20 75 6e 64 65
66 69 6e 65 64 3b 0a 20  20 20 20 20 20 20 20 63
6f 6e 73 74 20 69 64 20  3d 20 53 74 72 69 6e 67
28 64 65 70 3f 2e 69 64  20 7c 7c 20 27 27 29 2e
74 72 69 6d 28 29 3b 0a  20 20 20 20 20 20 20 20
69 66 20 28 21 69 64 29  20 72 65 74 75 72 6e 3b
0a 20 20 20 20 20 20 20  20 73 6b 69 6c 6c 73 2e
70 75 73 68 28 7b 0a 20  20 20 20 20 20 20 20 20
20 20 20 69 64 2c 0a 20  20 20 20 20 20 20 20 20
20 20 20 76 65 72 73 69  6f 6e 3a 20 64 65 70 3f
2e 76 65 72 73 69 6f 6e  20 3f 20 53 74 72 69 6e
67 28 64 65 70 2e 76 65  72 73 69 6f 6e 29 20 3a
20 75 6e 64 65 66 69 6e  65 64 2c 0a 20 20 20 20
20 20 20 20 20 20 20 20  6b 69 6e 64 3a 20 64 65
70 3f 2e 6b 69 6e 64 2c  0a 20 20 20 20 20 20 20
20 20 20 20 20 72 65 71  75 69 72 65 64 3a 20 64
65 70 3f 2e 72 65 71 75  69 72 65 64 20 21 3d 3d
20 66 61 6c 73 65 2c 0a  20 20 20 20 20 20 20 20
20 20 20 20 73 6f 75 72  63 65 3a 20 64 65 70 3f
2e 73 6f 75 72 63 65 20  7c 7c 20 27 68 75 62 27
2c 0a 20 20 20 20 20 20  20 20 20 20 20 20 63 61
70 61 62 69 6c 69 74 69  65 73 3a 20 41 72 72 61
79 2e 69 73 41 72 72 61  79 28 64 65 70 3f 2e 63
61 70 61 62 69 6c 69 74  69 65 73 29 20 3f 20 64
65 70 2e 63 61 70 61 62  69 6c 69 74 69 65 73 2e
6d 61 70 28 28 63 61 70  61 62 69 6c 69 74 79 29
20 3d 3e 20 53 74 72 69  6e 67 28 63 61 70 61 62
69 6c 69 74 79 20 7c 7c  20 27 27 29 2e 74 72 69
6d 28 29 29 2e 66 69 6c  74 65 72 28 42 6f 6f 6c
65 61 6e 29 20 3a 20 75  6e 64 65 66 69 6e 65 64
2c 0a 20 20 20 20 20 20  20 20 7d 29 3b 0a 20 20
20 20 7d 29 3b 0a 20 20  20 20 72 65 74 75 72 6e
20 73 6b 69 6c 6c 73 2e  6c 65 6e 67 74 68 20 3f
20 7b 20 73 6b 69 6c 6c  73 20 7d 20 3a 20 75 6e
64 65 66 69 6e 65 64 3b  0a 7d 0a 0a 66 75 6e 63
74 69 6f 6e 20 6e 6f 72  6d 61 6c 69 7a 65 41 70
70 57 6f 72 6b 73 70 61  63 65 4c 61 79 6f 75 74
28 72 61 77 3a 20 75 6e  6b 6e 6f 77 6e 2c 20 6b
69 6e 64 3a 20 41 70 70  4b 69 6e 64 29 3a 20 41
70 70 57 6f 72 6b 73 70  61 63 65 4c 61 79 6f 75
74 20 7b 0a 20 20 20 20  63 6f 6e 73 74 20 76 61
6c 75 65 20 3d 20 72 61  77 20 26 26 20 74 79 70
65 6f 66 20 72 61 77 20  3d 3d 3d 20 27 6f 62 6a
65 63 74 27 20 3f 20 72  61 77 20 61 73 20 50 61
72 74 69 61 6c 3c 41 70  70 57 6f 72 6b 73 70 61
63 65 4c 61 79 6f 75 74  3e 20 3a 20 75 6e 64 65
66 69 6e 65 64 3b 0a 20  20 20 20 72 65 74 75 72
6e 20 76 61 6c 75 65 3f  2e 73 63 68 65 6d 61 20
3d 3d 3d 20 27 6d 61 63  6c 61 77 2e 61 70 70 2e
75 69 2e 76 31 27 20 3f  20 7b 20 2e 2e 2e 76 61
6c 75 65 2c 20 73 63 68  65 6d 61 3a 20 27 6d 61
63 6c 61 77 2e 61 70 70  2e 75 69 2e 76 31 27 20
7d 20 3a 20 64 65 66 61  75 6c 74 57 6f 72 6b 73
70 61 63 65 4c 61 79 6f  75 74 46 6f 72 4b 69 6e
64 28 6b 69 6e 64 29 3b  0a 7d 0a 0a 66 75 6e 63
74 69 6f 6e 20 61 70 70  53 6b 69 6c 6c 44 65 70
65 6e 64 65 6e 63 69 65  73 28 61 70 70 3a 20 41
70 70 45 6e 74 72 79 29  3a 20 41 70 70 53 6b 69
6c 6c 44 65 70 65 6e 64  65 6e 63 79 5b 5d 20 7b
0a 20 20 20 20 63 6f 6e  73 74 20 64 65 70 73 20
3d 20 61 70 70 2e 6d 61  6e 69 66 65 73 74 3f 2e
64 65 70 65 6e 64 65 6e  63 69 65 73 3f 2e 73 6b
69 6c 6c 73 20 7c 7c 20  5b 5d 3b 0a 20 20 20 20
63 6f 6e 73 74 20 61 70  70 53 6b 69 6c 6c 20 3d
20 61 70 70 2e 6d 61 6e  69 66 65 73 74 3f 2e 61
70 70 53 6b 69 6c 6c 3f  2e 69 64 20 3f 20 5b 7b
20 69 64 3a 20 61 70 70  2e 6d 61 6e 69 66 65 73
74 2e 61 70 70 53 6b 69  6c 6c 2e 69 64 2c 20 76
65 72 73 69 6f 6e 3a 20  61 70 70 2e 6d 61 6e 69
66 65 73 74 2e 61 70 70  53 6b 69 6c 6c 2e 76 65
72 73 69 6f 6e 2c 20 6b  69 6e 64 3a 20 27 72 75
6e 74 69 6d 65 5f 73 6b  69 6c 6c 27 20 61 73 20
63 6f 6e 73 74 2c 20 72  65 71 75 69 72 65 64 3a
20 74 72 75 65 2c 20 73  6f 75 72 63 65 3a 20 27
68 75 62 27 20 61 73 20  63 6f 6e 73 74 20 7d 5d
20 3a 20 5b 5d 3b 0a 20  20 20 20 72 65 74 75 72
6e 20 41 72 72 61 79 2e  66 72 6f 6d 28 6e 65 77
20 4d 61 70 28 5b 2e 2e  2e 61 70 70 53 6b 69 6c
6c 2c 20 2e 2e 2e 64 65  70 73 5d 2e 6d 61 70 28
28 64 65 70 29 20 3d 3e  20 5b 64 65 70 2e 69 64
2c 20 64 65 70 5d 29 29  2e 76 61 6c 75 65 73 28
29 29 3b 0a 7d 0a 66 75  6e 63 74 69 6f 6e 20 6d
61 6b 65 41 75 74 6f 6d  61 74 69 6f 6e 4d 61 6e
69 66 65 73 74 28 29 3a  20 41 70 70 4d 61 6e 69
66 65 73 74 42 69 6e 64  69 6e 67 20 7b 0a 20 20
20 20 72 65 74 75 72 6e  20 7b 0a 20 20 20 20 20
20 20 20 73 63 68 65 6d  61 3a 20 27 6d 61 63 6c
61 77 2e 61 70 70 2e 76  31 27 2c 0a 20 20 20 20
20 20 20 20 69 6e 73 74  61 6c 6c 55 6e 69 74 3a
20 27 65 6e 74 65 72 70  72 69 73 65 5f 61 70 70
5f 70 61 63 6b 27 2c 0a  20 20 20 20 20 20 20 20
70 72 69 76 61 74 65 4d  61 72 6b 65 72 3a 20 27
78 5f 6d 61 63 6c 61 77  5f 61 70 70 73 27 2c 0a
20 20 20 20 20 20 20 20  65 6e 74 72 79 4b 69 6e
64 3a 20 27 61 75 74 6f  6d 61 74 69 6f 6e 5f 61
70 70 27 2c 0a 20 20 20  20 20 20 20 20 6c 61 75
6e 63 68 4d 6f 64 65 3a  20 27 61 75 74 6f 6d 61
74 69 6f 6e 5f 63 6f 6e  73 6f 6c 65 27 2c 0a 20
20 20 20 7d 3b 0a 7d 0a  0a 66 75 6e 63 74 69 6f
6e 20 72 65 61 64 4c 61  79 6f 75 74 53 74 61 74
65 28 29 3a 20 41 70 70  4c 61 79 6f 75 74 53 74
61 74 65 20 7b 0a 20 20  20 20 69 66 20 28 74 79
70 65 6f 66 20 77 69 6e  64 6f 77 20 3d 3d 3d 20
27 75 6e 64 65 66 69 6e  65 64 27 29 20 72 65 74
75 72 6e 20 7b 7d 3b 0a  20 20 20 20 74 72 79 20
7b 0a 20 20 20 20 20 20  20 20 63 6f 6e 73 74 20
70 61 72 73 65 64 20 3d  20 4a 53 4f 4e 2e 70 61
72 73 65 28 77 69 6e 64  6f 77 2e 6c 6f 63 61 6c
53 74 6f 72 61 67 65 2e  67 65 74 49 74 65 6d 28
73 74 6f 72 61 67 65 4b  65 79 29 20 7c 7c 20 27
7b 7d 27 29 20 61 73 20  41 70 70 4c 61 79 6f 75
74 53 74 61 74 65 3b 0a  20 20 20 20 20 20 20 20
72 65 74 75 72 6e 20 70  61 72 73 65 64 20 26 26
20 74 79 70 65 6f 66 20  70 61 72 73 65 64 20 3d
3d 3d 20 27 6f 62 6a 65  63 74 27 20 3f 20 70 61
72 73 65 64 20 3a 20 7b  7d 3b 0a 20 20 20 20 7d
20 63 61 74 63 68 20 7b  0a 20 20 20 20 20 20 20
20 72 65 74 75 72 6e 20  7b 7d 3b 0a 20 20 20 20
7d 0a 7d 0a 0a 66 75 6e  63 74 69 6f 6e 20 61 70
70 6c 79 4c 61 79 6f 75  74 53 74 61 74 65 28 61
70 70 73 3a 20 41 70 70  45 6e 74 72 79 5b 5d 2c
20 6c 61 79 6f 75 74 3a  20 41 70 70 4c 61 79 6f
75 74 53 74 61 74 65 29  3a 20 41 70 70 45 6e 74
72 79 5b 5d 20 7b 0a 20  20 20 20 63 6f 6e 73 74
20 70 69 6e 6e 65 64 20  3d 20 6e 65 77 20 53 65
74 28 28 6c 61 79 6f 75  74 2e 70 69 6e 6e 65 64
49 64 73 20 7c 7c 20 5b  5d 29 2e 73 6c 69 63 65
28 30 2c 20 6d 61 78 50  69 6e 6e 65 64 41 70 70
73 29 29 3b 0a 20 20 20  20 63 6f 6e 73 74 20 68
69 64 64 65 6e 20 3d 20  6e 65 77 20 53 65 74 28
6c 61 79 6f 75 74 2e 68  69 64 64 65 6e 49 64 73
20 7c 7c 20 5b 5d 29 3b  0a 20 20 20 20 63 6f 6e
73 74 20 72 65 63 65 6e  74 55 73 65 64 41 74 42
79 49 64 20 3d 20 6c 61  79 6f 75 74 2e 72 65 63
65 6e 74 55 73 65 64 41  74 42 79 49 64 20 7c 7c
20 7b 7d 3b 0a 20 20 20  20 63 6f 6e 73 74 20 65
64 69 74 65 64 41 70 70  73 20 3d 20 28 6c 61 79
6f 75 74 2e 65 64 69 74  65 64 41 70 70 73 20 7c
7c 20 5b 5d 29 2e 6d 61  70 28 28 61 70 70 29 20
3d 3e 20 6e 6f 72 6d 61  6c 69 7a 65 53 74 6f 72
65 64 41 70 70 45 6e 74  72 79 28 61 70 70 29 29
2e 66 69 6c 74 65 72 28  28 61 70 70 29 3a 20 61
70 70 20 69 73 20 41 70  70 45 6e 74 72 79 20 3d
3e 20 21 21 61 70 70 29  3b 0a 20 20 20 20 63 6f
6e 73 74 20 63 75 73 74  6f 6d 41 70 70 73 20 3d
20 28 6c 61 79 6f 75 74  2e 63 75 73 74 6f 6d 41
70 70 73 20 7c 7c 20 5b  5d 29 2e 6d 61 70 28 28
61 70 70 29 20 3d 3e 20  6e 6f 72 6d 61 6c 69 7a
65 53 74 6f 72 65 64 41  70 70 45 6e 74 72 79 28
61 70 70 2c 20 74 72 75  65 29 29 2e 66 69 6c 74
65 72 28 28 61 70 70 29  3a 20 61 70 70 20 69 73
20 41 70 70 45 6e 74 72  79 20 3d 3e 20 21 21 61
70 70 29 3b 0a 20 20 20  20 63 6f 6e 73 74 20 65
64 69 74 65 64 42 79 49  64 20 3d 20 6e 65 77 20
4d 61 70 28 65 64 69 74  65 64 41 70 70 73 2e 6d
61 70 28 28 61 70 70 29  20 3d 3e 20 5b 61 70 70
2e 69 64 2c 20 61 70 70  5d 29 29 3b 0a 20 20 20
20 63 6f 6e 73 74 20 62  61 73 65 41 70 70 73 20
3d 20 61 70 70 73 2e 6d  61 70 28 28 61 70 70 29
20 3d 3e 20 28 7b 20 2e  2e 2e 61 70 70 2c 20 2e
2e 2e 65 64 69 74 65 64  42 79 49 64 2e 67 65 74
28 61 70 70 2e 69 64 29  2c 20 69 64 3a 20 61 70
70 2e 69 64 20 7d 29 29  3b 0a 20 20 20 20 63 6f
6e 73 74 20 62 79 49 64  20 3d 20 6e 65 77 20 4d
61 70 28 5b 2e 2e 2e 62  61 73 65 41 70 70 73 2c
20 2e 2e 2e 63 75 73 74  6f 6d 41 70 70 73 5d 2e
66 69 6c 74 65 72 28 28  61 70 70 29 20 3d 3e 20
21 68 69 64 64 65 6e 2e  68 61 73 28 61 70 70 2e
69 64 29 29 2e 6d 61 70  28 28 61 70 70 29 20 3d
3e 20 5b 61 70 70 2e 69  64 2c 20 7b 20 2e 2e 2e
61 70 70 2c 20 70 69 6e  6e 65 64 3a 20 6c 61 79
6f 75 74 2e 70 69 6e 6e  65 64 49 64 73 20 3f 20
70 69 6e 6e 65 64 2e 68  61 73 28 61 70 70 2e 69
64 29 20 3a 20 61 70 70  2e 70 69 6e 6e 65 64 2c
20 72 65 63 65 6e 74 55  73 65 64 41 74 3a 20 72
65 63 65 6e 74 55 73 65  64 41 74 42 79 49 64 5b
61 70 70 2e 69 64 5d 20  7c 7c 20 61 70 70 2e 72
65 63 65 6e 74 55 73 65  64 41 74 20 7d 5d 29 29
3b 0a 20 20 20 20 63 6f  6e 73 74 20 6f 72 64 65
72 65 64 3a 20 41 70 70  45 6e 74 72 79 5b 5d 20
3d 20 5b 5d 3b 0a 20 20  20 20 66 6f 72 20 28 63
6f 6e 73 74 20 69 64 20  6f 66 20 6c 61 79 6f 75
74 2e 6f 72 64 65 72 65  64 49 64 73 20 7c 7c 20
5b 5d 29 20 7b 0a 20 20  20 20 20 20 20 20 63 6f
6e 73 74 20 61 70 70 20  3d 20 62 79 49 64 2e 67
65 74 28 69 64 29 3b 0a  20 20 20 20 20 20 20 20
69 66 20 28 21 61 70 70  29 20 63 6f 6e 74 69 6e
75 65 3b 0a 20 20 20 20  20 20 20 20 6f 72 64 65
72 65 64 2e 70 75 73 68  28 61 70 70 29 3b 0a 20
20 20 20 20 20 20 20 62  79 49 64 2e 64 65 6c 65
74 65 28 69 64 29 3b 0a  20 20 20 20 7d 0a 20 20
20 20 72 65 74 75 72 6e  20 5b 2e 2e 2e 6f 72 64
65 72 65 64 2c 20 2e 2e  2e 62 79 49 64 2e 76 61
6c 75 65 73 28 29 5d 3b  0a 7d 0a 0a 66 75 6e 63
74 69 6f 6e 20 6e 6f 72  6d 61 6c 69 7a 65 53 74
6f 72 65 64 41 70 70 45  6e 74 72 79 28 61 70 70
3a 20 50 61 72 74 69 61  6c 3c 41 70 70 45 6e 74
72 79 3e 20 7c 20 75 6e  64 65 66 69 6e 65 64 2c
20 63 75 73 74 6f 6d 20  3d 20 66 61 6c 73 65 29
3a 20 41 70 70 45 6e 74  72 79 20 7c 20 6e 75 6c
6c 20 7b 0a 20 20 20 20  69 66 20 28 21 61 70 70
3f 2e 69 64 20 7c 7c 20  21 61 70 70 3f 2e 6e 61
6d 65 29 20 72 65 74 75  72 6e 20 6e 75 6c 6c 3b
0a 20 20 20 20 63 6f 6e  73 74 20 73 6f 75 72 63
65 20 3d 20 61 70 70 2e  73 6f 75 72 63 65 20 3d
3d 3d 20 27 62 75 69 6c  74 69 6e 27 20 7c 7c 20
61 70 70 2e 73 6f 75 72  63 65 20 3d 3d 3d 20 27
73 6b 69 6c 6c 27 20 7c  7c 20 61 70 70 2e 73 6f
75 72 63 65 20 3d 3d 3d  20 27 64 61 74 61 73 72
76 27 20 7c 7c 20 61 70  70 2e 73 6f 75 72 63 65
20 3d 3d 3d 20 27 6d 61  72 6b 65 74 27 20 7c 7c
20 61 70 70 2e 73 6f 75  72 63 65 20 3d 3d 3d 20
27 6c 6f 63 61 6c 27 0a  20 20 20 20 20 20 20 20
3f 20 61 70 70 2e 73 6f  75 72 63 65 0a 20 20 20
20 20 20 20 20 3a 20 75  6e 64 65 66 69 6e 65 64
3b 0a 20 20 20 20 63 6f  6e 73 74 20 6d 69 67 72
61 74 65 64 53 6f 75 72  63 65 20 3d 20 63 75 73
74 6f 6d 20 26 26 20 28  73 6f 75 72 63 65 20 3d
3d 3d 20 75 6e 64 65 66  69 6e 65 64 20 7c 7c 20
28 73 6f 75 72 63 65 20  3d 3d 3d 20 27 6d 61 72
6b 65 74 27 20 26 26 20  53 74 72 69 6e 67 28 61
70 70 2e 69 64 29 2e 73  74 61 72 74 73 57 69 74
68 28 27 6c 6f 63 61 6c  2d 61 70 70 2d 27 29 29
29 20 3f 20 27 6c 6f 63  61 6c 27 20 3a 20 73 6f
75 72 63 65 20 7c 7c 20  27 6c 6f 63 61 6c 27 3b
0a 20 20 20 20 72 65 74  75 72 6e 20 7b 0a 20 20
20 20 20 20 20 20 2e 2e  2e 61 70 70 2c 0a 20 20
20 20 20 20 20 20 69 64  3a 20 53 74 72 69 6e 67
28 61 70 70 2e 69 64 29  2c 0a 20 20 20 20 20 20
20 20 6e 61 6d 65 3a 20  53 74 72 69 6e 67 28 61
70 70 2e 6e 61 6d 65 29  2c 0a 20 20 20 20 20 20
20 20 64 65 73 63 72 69  70 74 69 6f 6e 3a 20 53
74 72 69 6e 67 28 61 70  70 2e 64 65 73 63 72 69
70 74 69 6f 6e 20 7c 7c  20 27 27 29 2c 0a 20 20
20 20 20 20 20 20 63 61  74 65 67 6f 72 79 3a 20
53 74 72 69 6e 67 28 61  70 70 2e 63 61 74 65 67
6f 72 79 20 7c 7c 20 27  5c 75 36 37 32 61 5c 75
35 32 30 36 5c 75 37 63  37 62 27 29 2c 0a 20 20
20 20 20 20 20 20 6b 69  6e 64 3a 20 6e 6f 72 6d
61 6c 69 7a 65 41 70 70  4b 69 6e 64 28 61 70 70
2e 6b 69 6e 64 29 2c 0a  20 20 20 20 20 20 20 20
69 63 6f 6e 3a 20 6e 6f  72 6d 61 6c 69 7a 65 53
6b 69 6c 6c 41 70 70 49  63 6f 6e 28 61 70 70 2e
69 63 6f 6e 29 2c 0a 20  20 20 20 20 20 20 20 61
63 63 65 6e 74 3a 20 53  74 72 69 6e 67 28 61 70
70 2e 61 63 63 65 6e 74  20 7c 7c 20 64 65 66 61
75 6c 74 41 63 63 65 6e  74 46 6f 72 4b 69 6e 64
28 6e 6f 72 6d 61 6c 69  7a 65 41 70 70 4b 69 6e
64 28 61 70 70 2e 6b 69  6e 64 29 29 29 2c 0a 20
20 20 20 20 20 20 20 76  65 72 73 69 6f 6e 3a 20
6e 6f 72 6d 61 6c 69 7a  65 41 70 70 56 65 72 73
69 6f 6e 28 61 70 70 2e  76 65 72 73 69 6f 6e 29
2c 0a 20 20 20 20 20 20  20 20 73 6f 75 72 63 65
3a 20 6d 69 67 72 61 74  65 64 53 6f 75 72 63 65
2c 0a 20 20 20 20 7d 3b  0a 7d 0a 0a 66 75 6e 63
74 69 6f 6e 20 6e 6f 72  6d 61 6c 69 7a 65 41 70
70 56 65 72 73 69 6f 6e  28 76 61 6c 75 65 3a 20
75 6e 6b 6e 6f 77 6e 29  20 7b 0a 20 20 20 20 63
6f 6e 73 74 20 76 65 72  73 69 6f 6e 20 3d 20 4e
75 6d 62 65 72 28 76 61  6c 75 65 29 3b 0a 20 20
20 20 72 65 74 75 72 6e  20 4e 75 6d 62 65 72 2e
69 73 46 69 6e 69 74 65  28 76 65 72 73 69 6f 6e
29 20 26 26 20 76 65 72  73 69 6f 6e 20 3e 20 30
20 3f 20 4d 61 74 68 2e  66 6c 6f 6f 72 28 76 65
72 73 69 6f 6e 29 20 3a  20 31 3b 0a 7d 0a 0a 66
75 6e 63 74 69 6f 6e 20  6e 65 78 74 41 70 70 56
65 72 73 69 6f 6e 28 61  70 70 3a 20 41 70 70 45
6e 74 72 79 29 20 7b 0a  20 20 20 20 72 65 74 75
72 6e 20 6e 6f 72 6d 61  6c 69 7a 65 41 70 70 56
65 72 73 69 6f 6e 28 61  70 70 2e 76 65 72 73 69
6f 6e 29 20 2b 20 31 3b  0a 7d 0a 0a 66 75 6e 63
74 69 6f 6e 20 69 73 45  64 69 74 65 64 49 6e 69
74 69 61 6c 41 70 70 28  61 70 70 3a 20 41 70 70
45 6e 74 72 79 29 20 7b  0a 20 20 20 20 63 6f 6e
73 74 20 62 61 73 65 20  3d 20 69 6e 69 74 69 61
6c 41 70 70 73 2e 66 69  6e 64 28 28 69 74 65 6d
29 20 3d 3e 20 69 74 65  6d 2e 69 64 20 3d 3d 3d
20 61 70 70 2e 69 64 29  3b 0a 20 20 20 20 69 66
20 28 21 62 61 73 65 29  20 72 65 74 75 72 6e 20
66 61 6c 73 65 3b 0a 20  20 20 20 72 65 74 75 72
6e 20 62 61 73 65 2e 6e  61 6d 65 20 21 3d 3d 20
61 70 70 2e 6e 61 6d 65  20 7c 7c 0a 20 20 20 20
20 20 20 20 62 61 73 65  2e 64 65 73 63 72 69 70
74 69 6f 6e 20 21 3d 3d  20 61 70 70 2e 64 65 73
63 72 69 70 74 69 6f 6e  20 7c 7c 0a 20 20 20 20
20 20 20 20 62 61 73 65  2e 63 61 74 65 67 6f 72
79 20 21 3d 3d 20 61 70  70 2e 63 61 74 65 67 6f
72 79 20 7c 7c 0a 20 20  20 20 20 20 20 20 62 61
73 65 2e 6b 69 6e 64 20  21 3d 3d 20 61 70 70 2e
6b 69 6e 64 20 7c 7c 0a  20 20 20 20 20 20 20 20
62 61 73 65 2e 69 63 6f  6e 20 21 3d 3d 20 61 70
70 2e 69 63 6f 6e 20 7c  7c 0a 20 20 20 20 20 20
20 20 62 61 73 65 2e 61  63 63 65 6e 74 20 21 3d
3d 20 61 70 70 2e 61 63  63 65 6e 74 20 7c 7c 0a
20 20 20 20 20 20 20 20  6e 6f 72 6d 61 6c 69 7a
65 41 70 70 56 65 72 73  69 6f 6e 28 62 61 73 65
2e 76 65 72 73 69 6f 6e  29 20 21 3d 3d 20 6e 6f
72 6d 61 6c 69 7a 65 41  70 70 56 65 72 73 69 6f
6e 28 61 70 70 2e 76 65  72 73 69 6f 6e 29 20 7c
7c 0a 20 20 20 20 20 20  20 20 62 61 73 65 2e 73
6f 75 72 63 65 20 21 3d  3d 20 61 70 70 2e 73 6f
75 72 63 65 20 7c 7c 0a  20 20 20 20 20 20 20 20
4a 53 4f 4e 2e 73 74 72  69 6e 67 69 66 79 28 62
61 73 65 2e 6d 61 6e 69  66 65 73 74 20 7c 7c 20
6e 75 6c 6c 29 20 21 3d  3d 20 4a 53 4f 4e 2e 73
74 72 69 6e 67 69 66 79  28 61 70 70 2e 6d 61 6e
69 66 65 73 74 20 7c 7c  20 6e 75 6c 6c 29 3b 0a
7d 0a 0a 66 75 6e 63 74  69 6f 6e 20 70 65 72 73
69 73 74 4c 61 79 6f 75  74 53 74 61 74 65 28 61
70 70 73 3a 20 41 70 70  45 6e 74 72 79 5b 5d 29
20 7b 0a 20 20 20 20 69  66 20 28 74 79 70 65 6f
66 20 77 69 6e 64 6f 77  20 3d 3d 3d 20 27 75 6e
64 65 66 69 6e 65 64 27  29 20 72 65 74 75 72 6e
3b 0a 20 20 20 20 63 6f  6e 73 74 20 76 69 73 69
62 6c 65 49 64 73 20 3d  20 6e 65 77 20 53 65 74
28 61 70 70 73 2e 6d 61  70 28 28 61 70 70 29 20
3d 3e 20 61 70 70 2e 69  64 29 29 3b 0a 20 20 20
20 63 6f 6e 73 74 20 6c  61 79 6f 75 74 3a 20 41
70 70 4c 61 79 6f 75 74  53 74 61 74 65 20 3d 20
7b 0a 20 20 20 20 20 20  20 20 6f 72 64 65 72 65
64 49 64 73 3a 20 61 70  70 73 2e 6d 61 70 28 28
61 70 70 29 20 3d 3e 20  61 70 70 2e 69 64 29 2c
0a 20 20 20 20 20 20 20  20 70 69 6e 6e 65 64 49
64 73 3a 20 61 70 70 73  2e 66 69 6c 74 65 72 28
28 61 70 70 29 20 3d 3e  20 61 70 70 2e 70 69 6e
6e 65 64 29 2e 73 6c 69  63 65 28 30 2c 20 6d 61
78 50 69 6e 6e 65 64 41  70 70 73 29 2e 6d 61 70
28 28 61 70 70 29 20 3d  3e 20 61 70 70 2e 69 64
29 2c 0a 20 20 20 20 20  20 20 20 68 69 64 64 65
6e 49 64 73 3a 20 69 6e  69 74 69 61 6c 41 70 70
73 2e 66 69 6c 74 65 72  28 28 61 70 70 29 20 3d
3e 20 21 76 69 73 69 62  6c 65 49 64 73 2e 68 61
73 28 61 70 70 2e 69 64  29 29 2e 6d 61 70 28 28
61 70 70 29 20 3d 3e 20  61 70 70 2e 69 64 29 2c
0a 20 20 20 20 20 20 20  20 65 64 69 74 65 64 41
70 70 73 3a 20 61 70 70  73 2e 66 69 6c 74 65 72
28 69 73 45 64 69 74 65  64 49 6e 69 74 69 61 6c
41 70 70 29 2c 0a 20 20  20 20 20 20 20 20 63 75
73 74 6f 6d 41 70 70 73  3a 20 61 70 70 73 2e 66
69 6c 74 65 72 28 28 61  70 70 29 20 3d 3e 20 21
69 6e 69 74 69 61 6c 41  70 70 73 2e 73 6f 6d 65
28 28 62 61 73 65 29 20  3d 3e 20 62 61 73 65 2e
69 64 20 3d 3d 3d 20 61  70 70 2e 69 64 29 29 2c
0a 20 20 20 20 20 20 20  20 72 65 63 65 6e 74 55
73 65 64 41 74 42 79 49  64 3a 20 4f 62 6a 65 63
74 2e 66 72 6f 6d 45 6e  74 72 69 65 73 28 61 70
70 73 2e 66 69 6c 74 65  72 28 28 61 70 70 29 20
3d 3e 20 61 70 70 2e 72  65 63 65 6e 74 55 73 65
64 41 74 29 2e 6d 61 70  28 28 61 70 70 29 20 3d
3e 20 5b 61 70 70 2e 69  64 2c 20 61 70 70 2e 72
65 63 65 6e 74 55 73 65  64 41 74 20 61 73 20 73
74 72 69 6e 67 5d 29 29  2c 0a 20 20 20 20 7d 3b
0a 20 20 20 20 77 69 6e  64 6f 77 2e 6c 6f 63 61
6c 53 74 6f 72 61 67 65  2e 73 65 74 49 74 65 6d
28 73 74 6f 72 61 67 65  4b 65 79 2c 20 4a 53 4f
4e 2e 73 74 72 69 6e 67  69 66 79 28 6c 61 79 6f
75 74 29 29 3b 0a 7d 0a  0a 63 6f 6e 73 74 20 65
6d 70 74 79 44 69 73 63  6f 76 65 72 79 3a 20 44
61 74 61 53 72 76 44 69  73 63 6f 76 65 72 79 20
3d 20 7b 0a 20 20 20 20  73 74 61 74 75 73 3a 20
27 69 64 6c 65 27 2c 0a  20 20 20 20 63 61 6e 64
69 64 61 74 65 73 3a 20  5b 5d 2c 0a 20 20 20 20
64 6f 6d 61 69 6e 73 3a  20 30 2c 0a 20 20 20 20
61 63 74 69 6f 6e 73 3a  20 30 2c 0a 20 20 20 20
76 69 65 77 73 3a 20 30  2c 0a 20 20 20 20 72 65
70 6f 72 74 73 3a 20 30  2c 0a 20 20 20 20 64 61
73 68 62 6f 61 72 64 73  3a 20 30 2c 0a 7d 3b 0a
0a 63 6f 6e 73 74 20 65  6d 70 74 79 53 6b 69 6c
6c 44 69 73 63 6f 76 65  72 79 3a 20 53 6b 69 6c
6c 41 70 70 44 69 73 63  6f 76 65 72 79 20 3d 20
7b 0a 20 20 20 20 73 74  61 74 75 73 3a 20 27 69
64 6c 65 27 2c 0a 20 20  20 20 63 61 6e 64 69 64
61 74 65 73 3a 20 5b 5d  2c 0a 7d 3b 0a 0a 61 73
79 6e 63 20 66 75 6e 63  74 69 6f 6e 20 64 69 73
63 6f 76 65 72 44 61 74  61 53 72 76 43 61 70 61
62 69 6c 69 74 69 65 73  28 29 3a 20 50 72 6f 6d
69 73 65 3c 44 61 74 61  53 72 76 44 69 73 63 6f
76 65 72 79 3e 20 7b 0a  20 20 20 20 63 6f 6e 73
74 20 63 6f 6e 66 69 67  20 3d 20 61 77 61 69 74
20 50 72 6f 6d 69 73 65  2e 72 65 73 6f 6c 76 65
28 29 2e 74 68 65 6e 28  28 29 20 3d 3e 20 47 65
74 4d 49 53 44 61 74 61  43 6f 6e 66 69 67 28 29
29 20 61 73 20 4d 49 53  44 61 74 61 43 6f 6e 66
69 67 3b 0a 20 20 20 20  63 6f 6e 73 74 20 65 6e
64 70 6f 69 6e 74 20 3d  20 53 74 72 69 6e 67 28
63 6f 6e 66 69 67 3f 2e  65 6e 64 70 6f 69 6e 74
20 7c 7c 20 27 68 74 74  70 3a 2f 2f 31 32 37 2e
30 2e 30 2e 31 3a 31 38  31 38 30 27 29 2e 72 65
70 6c 61 63 65 28 2f 5c  2f 2b 24 2f 2c 20 27 27
29 3b 0a 20 20 20 20 69  66 20 28 21 63 6f 6e 66
69 67 3f 2e 65 6e 61 62  6c 65 64 29 20 7b 0a 20
20 20 20 20 20 20 20 72  65 74 75 72 6e 20 7b 20
2e 2e 2e 65 6d 70 74 79  44 69 73 63 6f 76 65 72
79 2c 20 73 74 61 74 75  73 3a 20 27 64 69 73 61
62 6c 65 64 27 2c 20 65  6e 64 70 6f 69 6e 74 20
7d 3b 0a 20 20 20 20 7d  0a 20 20 20 20 63 6f 6e
73 74 20 68 65 61 64 65  72 73 3a 20 52 65 63 6f
72 64 3c 73 74 72 69 6e  67 2c 20 73 74 72 69 6e
67 3e 20 3d 20 7b 20 41  63 63 65 70 74 3a 20 27
61 70 70 6c 69 63 61 74  69 6f 6e 2f 6a 73 6f 6e
27 20 7d 3b 0a 20 20 20  20 69 66 20 28 63 6f 6e
66 69 67 2e 74 6f 6b 65  6e 29 20 68 65 61 64 65
72 73 2e 41 75 74 68 6f  72 69 7a 61 74 69 6f 6e
20 3d 20 60 42 65 61 72  65 72 20 24 7b 63 6f 6e
66 69 67 2e 74 6f 6b 65  6e 7d 60 3b 0a 20 20 20
20 63 6f 6e 73 74 20 72  65 73 70 6f 6e 73 65 20
3d 20 61 77 61 69 74 20  66 65 74 63 68 28 60 24
7b 65 6e 64 70 6f 69 6e  74 7d 2f 61 70 69 2f 76
31 2f 64 61 74 61 2f 63  61 70 61 62 69 6c 69 74
69 65 73 60 2c 20 7b 20  68 65 61 64 65 72 73 20
7d 29 3b 0a 20 20 20 20  69 66 20 28 21 72 65 73
70 6f 6e 73 65 2e 6f 6b  29 20 7b 0a 20 20 20 20
20 20 20 20 74 68 72 6f  77 20 6e 65 77 20 45 72
72 6f 72 28 60 47 45 54  20 2f 61 70 69 2f 76 31
2f 64 61 74 61 2f 63 61  70 61 62 69 6c 69 74 69
65 73 20 24 7b 72 65 73  70 6f 6e 73 65 2e 73 74
61 74 75 73 7d 60 29 3b  0a 20 20 20 20 7d 0a 20
20 20 20 63 6f 6e 73 74  20 63 61 70 73 20 3d 20
61 77 61 69 74 20 72 65  73 70 6f 6e 73 65 2e 6a
73 6f 6e 28 29 3b 0a 20  20 20 20 63 6f 6e 73 74
20 63 61 6e 64 69 64 61  74 65 73 20 3d 20 62 75
69 6c 64 44 61 74 61 53  72 76 41 70 70 43 61 6e
64 69 64 61 74 65 73 28  63 61 70 73 29 3b 0a 20
20 20 20 72 65 74 75 72  6e 20 7b 0a 20 20 20 20
20 20 20 20 73 74 61 74  75 73 3a 20 27 72 65 61
64 79 27 2c 0a 20 20 20  20 20 20 20 20 65 6e 64
70 6f 69 6e 74 2c 0a 20  20 20 20 20 20 20 20 73
65 72 76 69 63 65 3a 20  53 74 72 69 6e 67 28 63
61 70 73 3f 2e 73 65 72  76 69 63 65 20 7c 7c 20
27 4d 61 43 6c 61 77 44  61 74 61 53 72 76 27 29
2c 0a 20 20 20 20 20 20  20 20 63 61 6e 64 69 64
61 74 65 73 2c 0a 20 20  20 20 20 20 20 20 64 6f
6d 61 69 6e 73 3a 20 41  72 72 61 79 2e 69 73 41
72 72 61 79 28 63 61 70  73 3f 2e 64 6f 6d 61 69
6e 73 29 20 3f 20 63 61  70 73 2e 64 6f 6d 61 69
6e 73 2e 6c 65 6e 67 74  68 20 3a 20 30 2c 0a 20
20 20 20 20 20 20 20 61  63 74 69 6f 6e 73 3a 20
41 72 72 61 79 2e 69 73  41 72 72 61 79 28 63 61
70 73 3f 2e 62 75 73 69  6e 65 73 73 5f 61 63 74
69 6f 6e 73 29 20 3f 20  63 61 70 73 2e 62 75 73
69 6e 65 73 73 5f 61 63  74 69 6f 6e 73 2e 6c 65
6e 67 74 68 20 3a 20 30  2c 0a 20 20 20 20 20 20
20 20 76 69 65 77 73 3a  20 41 72 72 61 79 2e 69
73 41 72 72 61 79 28 63  61 70 73 3f 2e 62 75 73
69 6e 65 73 73 5f 76 69  65 77 73 29 20 3f 20 63
61 70 73 2e 62 75 73 69  6e 65 73 73 5f 76 69 65
77 73 2e 6c 65 6e 67 74  68 20 3a 20 30 2c 0a 20
20 20 20 20 20 20 20 72  65 70 6f 72 74 73 3a 20
41 72 72 61 79 2e 69 73  41 72 72 61 79 28 63 61
70 73 3f 2e 72 65 70 6f  72 74 73 29 20 3f 20 63
61 70 73 2e 72 65 70 6f  72 74 73 2e 6c 65 6e 67
74 68 20 3a 20 30 2c 0a  20 20 20 20 20 20 20 20
64 61 73 68 62 6f 61 72  64 73 3a 20 41 72 72 61
79 2e 69 73 41 72 72 61  79 28 63 61 70 73 3f 2e
64 61 73 68 62 6f 61 72  64 73 29 20 3f 20 63 61
70 73 2e 64 61 73 68 62  6f 61 72 64 73 2e 6c 65
6e 67 74 68 20 3a 20 30  2c 0a 20 20 20 20 7d 3b
0a 7d 0a 0a 74 79 70 65  20 44 61 74 61 53 72 76
43 61 70 61 62 69 6c 69  74 79 49 74 65 6d 20 3d
20 7b 0a 20 20 20 20 69  64 3f 3a 20 73 74 72 69
6e 67 3b 0a 20 20 20 20  64 6f 6d 61 69 6e 3f 3a
20 73 74 72 69 6e 67 3b  0a 20 20 20 20 74 69 74
6c 65 3f 3a 20 73 74 72  69 6e 67 3b 0a 20 20 20
20 64 65 73 63 72 69 70  74 69 6f 6e 3f 3a 20 73
74 72 69 6e 67 3b 0a 7d  3b 0a 0a 66 75 6e 63 74
69 6f 6e 20 62 75 69 6c  64 44 61 74 61 53 72 76
41 70 70 43 61 6e 64 69  64 61 74 65 73 28 63 61
70 73 3a 20 61 6e 79 29  3a 20 41 70 70 45 6e 74
72 79 5b 5d 20 7b 0a 20  20 20 20 63 6f 6e 73 74
20 64 6f 6d 61 69 6e 73  20 3d 20 41 72 72 61 79
2e 69 73 41 72 72 61 79  28 63 61 70 73 3f 2e 64
6f 6d 61 69 6e 73 29 20  3f 20 63 61 70 73 2e 64
6f 6d 61 69 6e 73 2e 66  69 6c 74 65 72 28 28 64
6f 6d 61 69 6e 3a 20 61  6e 79 29 20 3d 3e 20 74
79 70 65 6f 66 20 64 6f  6d 61 69 6e 20 3d 3d 3d
20 27 73 74 72 69 6e 67  27 20 26 26 20 64 6f 6d
61 69 6e 2e 74 72 69 6d  28 29 29 20 3a 20 5b 5d
3b 0a 20 20 20 20 63 6f  6e 73 74 20 61 63 74 69
6f 6e 73 20 3d 20 41 72  72 61 79 2e 69 73 41 72
72 61 79 28 63 61 70 73  3f 2e 62 75 73 69 6e 65
73 73 5f 61 63 74 69 6f  6e 73 29 20 3f 20 63 61
70 73 2e 62 75 73 69 6e  65 73 73 5f 61 63 74 69
6f 6e 73 20 61 73 20 44  61 74 61 53 72 76 43 61
70 61 62 69 6c 69 74 79  49 74 65 6d 5b 5d 20 3a
20 5b 5d 3b 0a 20 20 20  20 63 6f 6e 73 74 20 76
69 65 77 73 20 3d 20 41  72 72 61 79 2e 69 73 41
72 72 61 79 28 63 61 70  73 3f 2e 62 75 73 69 6e
65 73 73 5f 76 69 65 77  73 29 20 3f 20 63 61 70
73 2e 62 75 73 69 6e 65  73 73 5f 76 69 65 77 73
20 61 73 20 44 61 74 61  53 72 76 43 61 70 61 62
69 6c 69 74 79 49 74 65  6d 5b 5d 20 3a 20 5b 5d
3b 0a 20 20 20 20 63 6f  6e 73 74 20 72 65 70 6f
72 74 73 20 3d 20 41 72  72 61 79 2e 69 73 41 72
72 61 79 28 63 61 70 73  3f 2e 72 65 70 6f 72 74
73 29 20 3f 20 63 61 70  73 2e 72 65 70 6f 72 74
73 20 61 73 20 44 61 74  61 53 72 76 43 61 70 61
62 69 6c 69 74 79 49 74  65 6d 5b 5d 20 3a 20 5b
5d 3b 0a 20 20 20 20 63  6f 6e 73 74 20 64 61 73
68 62 6f 61 72 64 73 20  3d 20 41 72 72 61 79 2e
69 73 41 72 72 61 79 28  63 61 70 73 3f 2e 64 61
73 68 62 6f 61 72 64 73  29 20 3f 20 63 61 70 73
2e 64 61 73 68 62 6f 61  72 64 73 20 61 73 20 44
61 74 61 53 72 76 43 61  70 61 62 69 6c 69 74 79
49 74 65 6d 5b 5d 20 3a  20 5b 5d 3b 0a 20 20 20
20 72 65 74 75 72 6e 20  64 6f 6d 61 69 6e 73 2e
73 6c 69 63 65 28 30 2c  20 31 32 29 2e 6d 61 70
28 28 64 6f 6d 61 69 6e  3a 20 73 74 72 69 6e 67
29 20 3d 3e 20 7b 0a 20  20 20 20 20 20 20 20 63
6f 6e 73 74 20 61 63 74  69 6f 6e 20 3d 20 61 63
74 69 6f 6e 73 2e 66 69  6e 64 28 28 69 74 65 6d
29 20 3d 3e 20 69 74 65  6d 2e 64 6f 6d 61 69 6e
20 3d 3d 3d 20 64 6f 6d  61 69 6e 29 3b 0a 20 20
20 20 20 20 20 20 63 6f  6e 73 74 20 76 69 65 77
20 3d 20 76 69 65 77 73  2e 66 69 6e 64 28 28 69
74 65 6d 29 20 3d 3e 20  69 74 65 6d 2e 64 6f 6d
61 69 6e 20 3d 3d 3d 20  64 6f 6d 61 69 6e 29 3b
0a 20 20 20 20 20 20 20  20 63 6f 6e 73 74 20 72
65 70 6f 72 74 20 3d 20  72 65 70 6f 72 74 73 2e
66 69 6e 64 28 28 69 74  65 6d 29 20 3d 3e 20 69
74 65 6d 2e 64 6f 6d 61  69 6e 20 3d 3d 3d 20 64
6f 6d 61 69 6e 29 3b 0a  20 20 20 20 20 20 20 20
63 6f 6e 73 74 20 64 61  73 68 62 6f 61 72 64 20
3d 20 64 61 73 68 62 6f  61 72 64 73 2e 66 69 6e
64 28 28 69 74 65 6d 29  20 3d 3e 20 69 74 65 6d
2e 64 6f 6d 61 69 6e 20  3d 3d 3d 20 64 6f 6d 61
69 6e 29 3b 0a 20 20 20  20 20 20 20 20 63 6f 6e
73 74 20 74 69 74 6c 65  20 3d 20 64 6f 6d 61 69
6e 54 69 74 6c 65 28 64  6f 6d 61 69 6e 29 3b 0a
20 20 20 20 20 20 20 20  72 65 74 75 72 6e 20 7b
0a 20 20 20 20 20 20 20  20 20 20 20 20 69 64 3a
20 60 64 61 74 61 73 72  76 2d 64 6f 6d 61 69 6e
2d 24 7b 64 6f 6d 61 69  6e 7d 60 2c 0a 20 20 20
20 20 20 20 20 20 20 20  20 6e 61 6d 65 3a 20 74
69 74 6c 65 2c 0a 20 20  20 20 20 20 20 20 20 20
20 20 64 65 73 63 72 69  70 74 69 6f 6e 3a 20 61
63 74 69 6f 6e 3f 2e 64  65 73 63 72 69 70 74 69
6f 6e 20 7c 7c 20 76 69  65 77 3f 2e 64 65 73 63
72 69 70 74 69 6f 6e 20  7c 7c 20 64 61 73 68 62
6f 61 72 64 3f 2e 64 65  73 63 72 69 70 74 69 6f
6e 20 7c 7c 20 60 24 7b  74 69 74 6c 65 7d 20 44
61 74 61 53 72 76 20 64  79 6e 61 6d 69 63 20 61
70 70 6c 69 63 61 74 69  6f 6e 2e 60 2c 0a 20 20
20 20 20 20 20 20 20 20  20 20 63 61 74 65 67 6f
72 79 3a 20 64 6f 6d 61  69 6e 43 61 74 65 67 6f
72 79 28 64 6f 6d 61 69  6e 29 2c 0a 20 20 20 20
20 20 20 20 20 20 20 20  6b 69 6e 64 3a 20 27 65
6e 74 65 72 70 72 69 73  65 5f 6e 6f 72 6d 61 6c
5f 61 70 70 27 2c 0a 20  20 20 20 20 20 20 20 20
20 20 20 69 63 6f 6e 3a  20 64 6f 6d 61 69 6e 49
63 6f 6e 28 64 6f 6d 61  69 6e 29 2c 0a 20 20 20
20 20 20 20 20 20 20 20  20 61 63 63 65 6e 74 3a
20 64 6f 6d 61 69 6e 41  63 63 65 6e 74 28 64 6f
6d 61 69 6e 29 2c 0a 20  20 20 20 20 20 20 20 20
20 20 20 73 6f 75 72 63  65 3a 20 27 64 61 74 61
73 72 76 27 2c 0a 20 20  20 20 20 20 20 20 20 20
20 20 6d 61 6e 69 66 65  73 74 3a 20 6d 61 6b 65
44 61 74 61 53 72 76 4d  61 6e 69 66 65 73 74 28
64 6f 6d 61 69 6e 2c 20  61 63 74 69 6f 6e 3f 2e
69 64 20 7c 7c 20 27 27  2c 20 76 69 65 77 3f 2e
69 64 20 7c 7c 20 27 27  2c 20 72 65 70 6f 72 74
3f 2e 69 64 20 7c 7c 20  27 27 2c 20 64 61 73 68
62 6f 61 72 64 3f 2e 69  64 20 7c 7c 20 27 27 29
2c 0a 20 20 20 20 20 20  20 20 7d 3b 0a 20 20 20
20 7d 29 3b 0a 7d 0a 0a  66 75 6e 63 74 69 6f 6e
20 64 6f 6d 61 69 6e 54  69 74 6c 65 28 64 6f 6d
61 69 6e 3a 20 73 74 72  69 6e 67 29 20 7b 0a 20
20 20 20 63 6f 6e 73 74  20 74 69 74 6c 65 73 3a
20 52 65 63 6f 72 64 3c  73 74 72 69 6e 67 2c 20
73 74 72 69 6e 67 3e 20  3d 20 7b 0a 20 20 20 20
20 20 20 20 73 61 6c 65  73 3a 20 27 43 52 4d 27
2c 0a 20 20 20 20 20 20  20 20 70 72 6f 63 75 72
65 6d 65 6e 74 3a 20 27  5c 75 39 31 63 37 5c 75
38 64 32 64 27 2c 0a 20  20 20 20 20 20 20 20 69
6e 76 65 6e 74 6f 72 79  3a 20 27 5c 75 35 65 39
33 5c 75 35 62 35 38 27  2c 0a 20 20 20 20 20 20
20 20 66 69 6e 61 6e 63  65 3a 20 27 5c 75 38 64
32 32 5c 75 35 32 61 31  27 2c 0a 20 20 20 20 20
20 20 20 68 72 3a 20 27  5c 75 34 65 62 61 5c 75
34 65 38 62 27 2c 0a 20  20 20 20 20 20 20 20 63
6f 6d 70 61 6e 79 3a 20  27 5c 75 35 31 36 63 5c
75 35 33 66 38 5c 75 36  39 38 32 5c 75 38 39 63
38 27 2c 0a 20 20 20 20  20 20 20 20 61 73 73 65
74 73 3a 20 27 5c 75 38  64 34 34 5c 75 34 65 61
37 27 2c 0a 20 20 20 20  7d 3b 0a 20 20 20 20 72
65 74 75 72 6e 20 74 69  74 6c 65 73 5b 64 6f 6d
61 69 6e 5d 20 7c 7c 20  64 6f 6d 61 69 6e 3b 0a
7d 0a 0a 66 75 6e 63 74  69 6f 6e 20 64 6f 6d 61
69 6e 43 61 74 65 67 6f  72 79 28 64 6f 6d 61 69
6e 3a 20 73 74 72 69 6e  67 29 20 7b 0a 20 20 20
20 63 6f 6e 73 74 20 63  61 74 65 67 6f 72 69 65
73 3a 20 52 65 63 6f 72  64 3c 73 74 72 69 6e 67
2c 20 73 74 72 69 6e 67  3e 20 3d 20 7b 0a 20 20
20 20 20 20 20 20 73 61  6c 65 73 3a 20 27 43 52
4d 27 2c 0a 20 20 20 20  20 20 20 20 70 72 6f 63
75 72 65 6d 65 6e 74 3a  20 27 5c 75 38 66 64 62
5c 75 39 35 30 30 5c 75  35 62 35 38 27 2c 0a 20
20 20 20 20 20 20 20 69  6e 76 65 6e 74 6f 72 79
3a 20 27 5c 75 38 66 64  62 5c 75 39 35 30 30 5c
75 35 62 35 38 27 2c 0a  20 20 20 20 20 20 20 20
66 69 6e 61 6e 63 65 3a  20 27 5c 75 38 64 32 32
5c 75 35 32 61 31 27 2c  0a 20 20 20 20 20 20 20
20 68 72 3a 20 27 4f 41  27 2c 0a 20 20 20 20 20
20 20 20 63 6f 6d 70 61  6e 79 3a 20 27 4f 41 27
2c 0a 20 20 20 20 20 20  20 20 61 73 73 65 74 73
3a 20 27 5c 75 38 64 34  34 5c 75 34 65 61 37 27
2c 0a 20 20 20 20 7d 3b  0a 20 20 20 20 72 65 74
75 72 6e 20 63 61 74 65  67 6f 72 69 65 73 5b 64
6f 6d 61 69 6e 5d 20 7c  7c 20 27 44 61 74 61 53
72 76 27 3b 0a 7d 0a 0a  66 75 6e 63 74 69 6f 6e
20 64 6f 6d 61 69 6e 49  63 6f 6e 28 64 6f 6d 61
69 6e 3a 20 73 74 72 69  6e 67 29 3a 20 41 70 70
49 63 6f 6e 4e 61 6d 65  20 7b 0a 20 20 20 20 63
6f 6e 73 74 20 69 63 6f  6e 73 3a 20 52 65 63 6f
72 64 3c 73 74 72 69 6e  67 2c 20 41 70 70 49 63
6f 6e 4e 61 6d 65 3e 20  3d 20 7b 0a 20 20 20 20
20 20 20 20 73 61 6c 65  73 3a 20 27 63 75 73 74
6f 6d 65 72 27 2c 0a 20  20 20 20 20 20 20 20 70
72 6f 63 75 72 65 6d 65  6e 74 3a 20 27 77 61 72
65 68 6f 75 73 65 27 2c  0a 20 20 20 20 20 20 20
20 69 6e 76 65 6e 74 6f  72 79 3a 20 27 69 6e 76
65 6e 74 6f 72 79 27 2c  0a 20 20 20 20 20 20 20
20 66 69 6e 61 6e 63 65  3a 20 27 72 65 63 65 69
70 74 27 2c 0a 20 20 20  20 20 20 20 20 68 72 3a
20 27 63 75 73 74 6f 6d  65 72 27 2c 0a 20 20 20
20 20 20 20 20 63 6f 6d  70 61 6e 79 3a 20 27 73
68 65 65 74 27 2c 0a 20  20 20 20 20 20 20 20 61
73 73 65 74 73 3a 20 27  77 61 72 65 68 6f 75 73
65 27 2c 0a 20 20 20 20  7d 3b 0a 20 20 20 20 72
65 74 75 72 6e 20 69 63  6f 6e 73 5b 64 6f 6d 61
69 6e 5d 20 7c 7c 20 27  73 68 65 65 74 27 3b 0a
7d 0a 0a 66 75 6e 63 74  69 6f 6e 20 64 6f 6d 61
69 6e 41 63 63 65 6e 74  28 64 6f 6d 61 69 6e 3a
20 73 74 72 69 6e 67 29  20 7b 0a 20 20 20 20 63
6f 6e 73 74 20 61 63 63  65 6e 74 73 3a 20 52 65
63 6f 72 64 3c 73 74 72  69 6e 67 2c 20 73 74 72
69 6e 67 3e 20 3d 20 7b  0a 20 20 20 20 20 20 20
20 73 61 6c 65 73 3a 20  27 23 38 61 35 61 34 34
27 2c 0a 20 20 20 20 20  20 20 20 70 72 6f 63 75
72 65 6d 65 6e 74 3a 20  27 23 36 35 37 61 34 32
27 2c 0a 20 20 20 20 20  20 20 20 69 6e 76 65 6e
74 6f 72 79 3a 20 27 23  36 62 37 32 38 30 27 2c
0a 20 20 20 20 20 20 20  20 66 69 6e 61 6e 63 65
3a 20 27 23 32 66 35 66  39 38 27 2c 0a 20 20 20
20 20 20 20 20 68 72 3a  20 27 23 35 62 35 65 61
36 27 2c 0a 20 20 20 20  20 20 20 20 63 6f 6d 70
61 6e 79 3a 20 27 23 34  62 36 35 37 32 27 2c 0a
20 20 20 20 20 20 20 20  61 73 73 65 74 73 3a 20
27 23 32 38 37 30 35 66  27 2c 0a 20 20 20 20 7d
3b 0a 20 20 20 20 72 65  74 75 72 6e 20 61 63 63
65 6e 74 73 5b 64 6f 6d  61 69 6e 5d 20 7c 7c 20
27 23 34 62 36 35 37 32  27 3b 0a 7d 0a 0a 61 73
79 6e 63 20 66 75 6e 63  74 69 6f 6e 20 64 69 73
63 6f 76 65 72 53 6b 69  6c 6c 41 70 70 4d 61 6e
69 66 65 73 74 73 28 29  3a 20 50 72 6f 6d 69 73
65 3c 53 6b 69 6c 6c 41  70 70 44 69 73 63 6f 76
65 72 79 3e 20 7b 0a 20  20 20 20 63 6f 6e 73 74
20 65 6e 74 72 69 65 73  20 3d 20 61 77 61 69 74
20 50 72 6f 6d 69 73 65  2e 72 65 73 6f 6c 76 65
28 29 2e 74 68 65 6e 28  28 29 20 3d 3e 20 4c 69
73 74 53 6b 69 6c 6c 41  70 70 4d 61 6e 69 66 65
73 74 73 28 29 29 20 61  73 20 53 6b 69 6c 6c 41
70 70 4d 61 6e 69 66 65  73 74 45 6e 74 72 79 5b
5d 3b 0a 20 20 20 20 72  65 74 75 72 6e 20 7b 0a
20 20 20 20 20 20 20 20  73 74 61 74 75 73 3a 20
27 72 65 61 64 79 27 2c  0a 20 20 20 20 20 20 20
20 63 61 6e 64 69 64 61  74 65 73 3a 20 28 65 6e
74 72 69 65 73 20 7c 7c  20 5b 5d 29 2e 6d 61 70
28 73 6b 69 6c 6c 4d 61  6e 69 66 65 73 74 54 6f
41 70 70 29 2e 66 69 6c  74 65 72 28 28 61 70 70
29 3a 20 61 70 70 20 69  73 20 41 70 70 45 6e 74
72 79 20 3d 3e 20 21 21  61 70 70 29 2c 0a 20 20
20 20 7d 3b 0a 7d 0a 0a  66 75 6e 63 74 69 6f 6e
20 73 6b 69 6c 6c 4d 61  6e 69 66 65 73 74 54 6f
41 70 70 28 65 6e 74 72  79 3a 20 53 6b 69 6c 6c
41 70 70 4d 61 6e 69 66  65 73 74 45 6e 74 72 79
29 3a 20 41 70 70 45 6e  74 72 79 20 7c 20 6e 75
6c 6c 20 7b 0a 20 20 20  20 63 6f 6e 73 74 20 69
64 20 3d 20 53 74 72 69  6e 67 28 65 6e 74 72 79
3f 2e 69 64 20 7c 7c 20  27 27 29 2e 74 72 69 6d
28 29 3b 0a 20 20 20 20  63 6f 6e 73 74 20 6e 61
6d 65 20 3d 20 53 74 72  69 6e 67 28 65 6e 74 72
79 3f 2e 6e 61 6d 65 20  7c 7c 20 27 27 29 2e 74
72 69 6d 28 29 3b 0a 20  20 20 20 63 6f 6e 73 74
20 73 6b 69 6c 6c 49 44  20 3d 20 53 74 72 69 6e
67 28 65 6e 74 72 79 3f  2e 73 6b 69 6c 6c 5f 69
64 20 7c 7c 20 69 64 29  2e 74 72 69 6d 28 29 3b
0a 20 20 20 20 69 66 20  28 21 69 64 20 7c 7c 20
21 6e 61 6d 65 20 7c 7c  20 21 73 6b 69 6c 6c 49
44 29 20 72 65 74 75 72  6e 20 6e 75 6c 6c 3b 0a
20 20 20 20 63 6f 6e 73  74 20 69 6e 70 75 74 4d
6f 64 65 20 3d 20 65 6e  74 72 79 2e 69 6e 70 75
74 5f 6d 6f 64 65 20 3d  3d 3d 20 27 66 6f 72 6d
27 20 7c 7c 20 65 6e 74  72 79 2e 69 6e 70 75 74
5f 6d 6f 64 65 20 3d 3d  3d 20 27 6d 69 78 65 64
27 20 3f 20 65 6e 74 72  79 2e 69 6e 70 75 74 5f
6d 6f 64 65 20 3a 20 27  66 69 6c 65 27 3b 0a 20
20 20 20 72 65 74 75 72  6e 20 7b 0a 20 20 20 20
20 20 20 20 69 64 3a 20  73 6b 69 6c 6c 50 61 6e
65 6c 41 70 70 49 44 28  73 6b 69 6c 6c 49 44 2c
20 69 64 29 2c 0a 20 20  20 20 20 20 20 20 6e 61
6d 65 2c 0a 20 20 20 20  20 20 20 20 64 65 73 63
72 69 70 74 69 6f 6e 3a  20 53 74 72 69 6e 67 28
65 6e 74 72 79 2e 64 65  73 63 72 69 70 74 69 6f
6e 20 7c 7c 20 27 27 29  2c 0a 20 20 20 20 20 20
20 20 63 61 74 65 67 6f  72 79 3a 20 53 74 72 69
6e 67 28 65 6e 74 72 79  2e 63 61 74 65 67 6f 72
79 20 7c 7c 20 27 53 6b  69 6c 6c 27 29 2c 0a 20
20 20 20 20 20 20 20 6b  69 6e 64 3a 20 27 74 6f
6f 6c 5f 61 70 70 27 2c  0a 20 20 20 20 20 20 20
20 69 63 6f 6e 3a 20 6e  6f 72 6d 61 6c 69 7a 65
53 6b 69 6c 6c 41 70 70  49 63 6f 6e 28 65 6e 74
72 79 2e 69 63 6f 6e 29  2c 0a 20 20 20 20 20 20
20 20 61 63 63 65 6e 74  3a 20 27 23 37 63 33 66
35 38 27 2c 0a 20 20 20  20 20 20 20 20 76 65 72
73 69 6f 6e 3a 20 6e 6f  72 6d 61 6c 69 7a 65 41
70 70 56 65 72 73 69 6f  6e 28 28 65 6e 74 72 79
20 61 73 20 61 6e 79 29  2e 76 65 72 73 69 6f 6e
29 2c 0a 20 20 20 20 20  20 20 20 73 6f 75 72 63
65 3a 20 27 73 6b 69 6c  6c 27 2c 0a 20 20 20 20
20 20 20 20 6d 61 6e 69  66 65 73 74 3a 20 6d 61
6b 65 53 6b 69 6c 6c 4d  61 6e 69 66 65 73 74 28
73 6b 69 6c 6c 49 44 2c  20 69 6e 70 75 74 4d 6f
64 65 2c 20 65 6e 74 72  79 2e 6f 75 74 70 75 74
5f 6d 6f 64 65 73 2c 20  65 6e 74 72 79 2e 66 69
65 6c 64 73 2c 20 21 21  65 6e 74 72 79 2e 6d 75
6c 74 69 70 6c 65 5f 66  69 6c 65 73 2c 20 65 6e
74 72 79 2e 61 70 70 5f  64 65 66 69 6e 69 74 69
6f 6e 5f 66 69 6c 65 20  7c 7c 20 27 6d 61 63 6c
61 77 2e 61 70 70 73 2e  6a 73 6f 6e 27 29 2c 0a
20 20 20 20 7d 3b 0a 7d  0a 0a 66 75 6e 63 74 69
6f 6e 20 73 6b 69 6c 6c  50 61 6e 65 6c 41 70 70
49 44 28 73 6b 69 6c 6c  49 44 3a 20 73 74 72 69
6e 67 2c 20 61 70 70 49  44 3a 20 73 74 72 69 6e
67 29 3a 20 73 74 72 69  6e 67 20 7b 0a 20 20 20
20 72 65 74 75 72 6e 20  60 73 6b 69 6c 6c 2d 61
70 70 2d 24 7b 73 6b 69  6c 6c 49 44 7d 2d 24 7b
61 70 70 49 44 7d 60 3b  0a 7d 0a 0a 66 75 6e 63
74 69 6f 6e 20 6e 6f 72  6d 61 6c 69 7a 65 53 6b
69 6c 6c 41 70 70 46 69  65 6c 64 73 28 66 69 65
6c 64 73 3f 3a 20 53 6b  69 6c 6c 41 70 70 46 69
65 6c 64 5b 5d 29 3a 20  53 6b 69 6c 6c 41 70 70
46 69 65 6c 64 5b 5d 20  7b 0a 20 20 20 20 69 66
20 28 21 41 72 72 61 79  2e 69 73 41 72 72 61 79
28 66 69 65 6c 64 73 29  29 20 72 65 74 75 72 6e
20 5b 5d 3b 0a 20 20 20  20 63 6f 6e 73 74 20 6e
6f 72 6d 61 6c 69 7a 65  64 3a 20 53 6b 69 6c 6c
41 70 70 46 69 65 6c 64  5b 5d 20 3d 20 5b 5d 3b
0a 20 20 20 20 66 6f 72  20 28 63 6f 6e 73 74 20
66 69 65 6c 64 20 6f 66  20 66 69 65 6c 64 73 29
20 7b 0a 20 20 20 20 20  20 20 20 63 6f 6e 73 74
20 6e 61 6d 65 20 3d 20  53 74 72 69 6e 67 28 66
69 65 6c 64 3f 2e 6e 61  6d 65 20 7c 7c 20 27 27
29 2e 74 72 69 6d 28 29  3b 0a 20 20 20 20 20 20
20 20 69 66 20 28 21 6e  61 6d 65 29 20 63 6f 6e
74 69 6e 75 65 3b 0a 20  20 20 20 20 20 20 20 63
6f 6e 73 74 20 74 79 70  65 20 3d 20 66 69 65 6c
64 2e 74 79 70 65 20 3d  3d 3d 20 27 73 65 6c 65
63 74 27 20 7c 7c 20 66  69 65 6c 64 2e 74 79 70
65 20 3d 3d 3d 20 27 62  6f 6f 6c 65 61 6e 27 20
3f 20 66 69 65 6c 64 2e  74 79 70 65 20 3a 20 27
74 65 78 74 27 3b 0a 20  20 20 20 20 20 20 20 63
6f 6e 73 74 20 6f 70 74  69 6f 6e 73 20 3d 20 41
72 72 61 79 2e 69 73 41  72 72 61 79 28 66 69 65
6c 64 2e 6f 70 74 69 6f  6e 73 29 20 3f 20 66 69
65 6c 64 2e 6f 70 74 69  6f 6e 73 2e 6d 61 70 28
28 6f 70 74 69 6f 6e 29  20 3d 3e 20 53 74 72 69
6e 67 28 6f 70 74 69 6f  6e 20 7c 7c 20 27 27 29
2e 74 72 69 6d 28 29 29  2e 66 69 6c 74 65 72 28
42 6f 6f 6c 65 61 6e 29  20 3a 20 5b 5d 3b 0a 20
20 20 20 20 20 20 20 63  6f 6e 73 74 20 66 61 6c
6c 62 61 63 6b 44 65 66  61 75 6c 74 20 3d 20 74
79 70 65 20 3d 3d 3d 20  27 73 65 6c 65 63 74 27
20 26 26 20 21 66 69 65  6c 64 2e 64 65 66 61 75
6c 74 20 26 26 20 6f 70  74 69 6f 6e 73 2e 6c 65
6e 67 74 68 20 3e 20 30  20 3f 20 6f 70 74 69 6f
6e 73 5b 30 5d 20 3a 20  66 69 65 6c 64 2e 64 65
66 61 75 6c 74 3b 0a 20  20 20 20 20 20 20 20 63
6f 6e 73 74 20 64 65 66  61 75 6c 74 54 65 78 74
20 3d 20 74 79 70 65 6f  66 20 66 61 6c 6c 62 61
63 6b 44 65 66 61 75 6c  74 20 3d 3d 3d 20 27 62
6f 6f 6c 65 61 6e 27 20  3f 20 27 27 20 3a 20 53
74 72 69 6e 67 28 66 61  6c 6c 62 61 63 6b 44 65
66 61 75 6c 74 20 7c 7c  20 27 27 29 2e 74 72 69
6d 28 29 3b 0a 20 20 20  20 20 20 20 20 63 6f 6e
73 74 20 73 65 6c 65 63  74 4f 70 74 69 6f 6e 73
20 3d 20 74 79 70 65 20  3d 3d 3d 20 27 73 65 6c
65 63 74 27 20 26 26 20  64 65 66 61 75 6c 74 54
65 78 74 20 3f 20 41 72  72 61 79 2e 66 72 6f 6d
28 6e 65 77 20 53 65 74  28 5b 2e 2e 2e 6f 70 74
69 6f 6e 73 2c 20 64 65  66 61 75 6c 74 54 65 78
74 5d 29 29 20 3a 20 6f  70 74 69 6f 6e 73 3b 0a
20 20 20 20 20 20 20 20  6e 6f 72 6d 61 6c 69 7a
65 64 2e 70 75 73 68 28  7b 0a 20 20 20 20 20 20
20 20 20 20 20 20 6e 61  6d 65 2c 0a 20 20 20 20
20 20 20 20 20 20 20 20  6c 61 62 65 6c 3a 20 53
74 72 69 6e 67 28 66 69  65 6c 64 2e 6c 61 62 65
6c 20 7c 7c 20 6e 61 6d  65 29 2c 0a 20 20 20 20
20 20 20 20 20 20 20 20  74 79 70 65 2c 0a 20 20
20 20 20 20 20 20 20 20  20 20 72 65 71 75 69 72
65 64 3a 20 21 21 66 69  65 6c 64 2e 72 65 71 75
69 72 65 64 2c 0a 20 20  20 20 20 20 20 20 20 20
20 20 64 65 66 61 75 6c  74 3a 20 74 79 70 65 6f
66 20 66 61 6c 6c 62 61  63 6b 44 65 66 61 75 6c
74 20 3d 3d 3d 20 27 62  6f 6f 6c 65 61 6e 27 20
3f 20 66 61 6c 6c 62 61  63 6b 44 65 66 61 75 6c
74 20 3a 20 53 74 72 69  6e 67 28 66 61 6c 6c 62
61 63 6b 44 65 66 61 75  6c 74 20 7c 7c 20 27 27
29 2c 0a 20 20 20 20 20  20 20 20 20 20 20 20 6f
70 74 69 6f 6e 73 3a 20  73 65 6c 65 63 74 4f 70
74 69 6f 6e 73 2c 0a 20  20 20 20 20 20 20 20 7d
29 3b 0a 20 20 20 20 7d  0a 20 20 20 20 72 65 74
75 72 6e 20 6e 6f 72 6d  61 6c 69 7a 65 64 3b 0a
7d 0a 0a 66 75 6e 63 74  69 6f 6e 20 6e 6f 72 6d
61 6c 69 7a 65 4f 75 74  70 75 74 4d 6f 64 65 73
28 6f 75 74 70 75 74 4d  6f 64 65 73 3f 3a 20 73
74 72 69 6e 67 5b 5d 29  20 7b 0a 20 20 20 20 63
6f 6e 73 74 20 6e 6f 72  6d 61 6c 69 7a 65 64 20
3d 20 28 41 72 72 61 79  2e 69 73 41 72 72 61 79
28 6f 75 74 70 75 74 4d  6f 64 65 73 29 20 3f 20
6f 75 74 70 75 74 4d 6f  64 65 73 20 3a 20 5b 5d
29 2e 6d 61 70 28 28 69  74 65 6d 29 20 3d 3e 20
53 74 72 69 6e 67 28 69  74 65 6d 20 7c 7c 20 27
27 29 2e 74 72 69 6d 28  29 2e 74 6f 4c 6f 77 65
72 43 61 73 65 28 29 29  2e 66 69 6c 74 65 72 28
28 69 74 65 6d 29 20 3d  3e 20 61 6c 6c 6f 77 65
64 4f 75 74 70 75 74 4d  6f 64 65 73 2e 69 6e 63
6c 75 64 65 73 28 69 74  65 6d 29 29 3b 0a 20 20
20 20 72 65 74 75 72 6e  20 6e 6f 72 6d 61 6c 69
7a 65 64 2e 6c 65 6e 67  74 68 20 3e 20 30 20 3f
20 41 72 72 61 79 2e 66  72 6f 6d 28 6e 65 77 20
53 65 74 28 6e 6f 72 6d  61 6c 69 7a 65 64 29 29
20 3a 20 5b 27 64 6f 63  78 27 2c 20 27 70 64 66
27 5d 3b 0a 7d 0a 0a 66  75 6e 63 74 69 6f 6e 20
6f 75 74 70 75 74 4d 6f  64 65 4c 61 62 65 6c 28
6d 6f 64 65 3a 20 73 74  72 69 6e 67 29 20 7b 0a
20 20 20 20 63 6f 6e 73  74 20 6c 61 62 65 6c 73
3a 20 52 65 63 6f 72 64  3c 73 74 72 69 6e 67 2c
20 73 74 72 69 6e 67 3e  20 3d 20 7b 0a 20 20 20
20 20 20 20 20 64 6f 63  78 3a 20 27 57 6f 72 64
20 2f 20 44 4f 43 58 27  2c 0a 20 20 20 20 20 20
20 20 78 6c 73 78 3a 20  27 45 78 63 65 6c 20 2f
20 58 4c 53 58 27 2c 0a  20 20 20 20 20 20 20 20
70 64 66 3a 20 27 50 44  46 27 2c 0a 20 20 20 20
20 20 20 20 6a 73 6f 6e  3a 20 27 4a 53 4f 4e 27
2c 0a 20 20 20 20 20 20  20 20 74 78 74 3a 20 27
54 58 54 27 2c 0a 20 20  20 20 7d 3b 0a 20 20 20
20 72 65 74 75 72 6e 20  6c 61 62 65 6c 73 5b 6d
6f 64 65 5d 20 7c 7c 20  6d 6f 64 65 2e 74 6f 55
70 70 65 72 43 61 73 65  28 29 3b 0a 7d 0a 0a 66
75 6e 63 74 69 6f 6e 20  62 75 69 6c 64 53 6b 69
6c 6c 46 69 65 6c 64 50  61 79 6c 6f 61 64 28 66
69 65 6c 64 73 3a 20 53  6b 69 6c 6c 41 70 70 46
69 65 6c 64 5b 5d 2c 20  76 61 6c 75 65 73 3a 20
52 65 63 6f 72 64 3c 73  74 72 69 6e 67 2c 20 73
74 72 69 6e 67 20 7c 20  62 6f 6f 6c 65 61 6e 3e
29 20 7b 0a 20 20 20 20  72 65 74 75 72 6e 20 66
69 65 6c 64 73 2e 72 65  64 75 63 65 3c 52 65 63
6f 72 64 3c 73 74 72 69  6e 67 2c 20 73 74 72 69
6e 67 20 7c 20 62 6f 6f  6c 65 61 6e 3e 3e 28 28
70 61 79 6c 6f 61 64 2c  20 66 69 65 6c 64 29 20
3d 3e 20 7b 0a 20 20 20  20 20 20 20 20 70 61 79
6c 6f 61 64 5b 66 69 65  6c 64 2e 6e 61 6d 65 5d
20 3d 20 76 61 6c 75 65  73 5b 66 69 65 6c 64 2e
6e 61 6d 65 5d 20 3f 3f  20 66 69 65 6c 64 2e 64
65 66 61 75 6c 74 20 3f  3f 20 28 66 69 65 6c 64
2e 74 79 70 65 20 3d 3d  3d 20 27 62 6f 6f 6c 65
61 6e 27 20 3f 20 66 61  6c 73 65 20 3a 20 27 27
29 3b 0a 20 20 20 20 20  20 20 20 72 65 74 75 72
6e 20 70 61 79 6c 6f 61  64 3b 0a 20 20 20 20 7d
2c 20 7b 7d 29 3b 0a 7d  0a 0a 66 75 6e 63 74 69
6f 6e 20 62 75 69 6c 64  54 6f 6f 6c 41 70 70 50
72 6f 6d 70 74 28 61 70  70 3a 20 41 70 70 45 6e
74 72 79 2c 20 70 61 72  61 6d 73 3a 20 73 74 72
69 6e 67 2c 20 66 69 65  6c 64 73 3a 20 52 65 63
6f 72 64 3c 73 74 72 69  6e 67 2c 20 73 74 72 69
6e 67 20 7c 20 62 6f 6f  6c 65 61 6e 3e 2c 20 6f
75 74 70 75 74 4d 6f 64  65 3a 20 73 74 72 69 6e
67 2c 20 66 69 6c 65 4e  61 6d 65 3a 20 73 74 72
69 6e 67 29 20 7b 0a 20  20 20 20 63 6f 6e 73 74
20 66 69 65 6c 64 54 65  78 74 20 3d 20 4f 62 6a
65 63 74 2e 65 6e 74 72  69 65 73 28 66 69 65 6c
64 73 29 2e 6d 61 70 28  28 5b 6b 65 79 2c 20 76
61 6c 75 65 5d 29 20 3d  3e 20 60 24 7b 6b 65 79
7d 3a 20 24 7b 53 74 72  69 6e 67 28 76 61 6c 75
65 29 7d 60 29 2e 6a 6f  69 6e 28 27 5c 6e 27 29
3b 0a 20 20 20 20 72 65  74 75 72 6e 20 5b 0a 20
20 20 20 20 20 20 20 60  52 75 6e 20 4d 61 43 6c
61 77 20 74 6f 6f 6c 20  61 70 70 3a 20 24 7b 61
70 70 2e 6e 61 6d 65 7d  60 2c 0a 20 20 20 20 20
20 20 20 61 70 70 2e 64  65 73 63 72 69 70 74 69
6f 6e 20 3f 20 60 44 65  73 63 72 69 70 74 69 6f
6e 3a 20 24 7b 61 70 70  2e 64 65 73 63 72 69 70
74 69 6f 6e 7d 60 20 3a  20 27 27 2c 0a 20 20 20
20 20 20 20 20 66 69 6c  65 4e 61 6d 65 20 3f 20
60 49 6e 70 75 74 20 66  69 6c 65 3a 20 24 7b 66
69 6c 65 4e 61 6d 65 7d  60 20 3a 20 27 27 2c 0a
20 20 20 20 20 20 20 20  70 61 72 61 6d 73 20 3f
20 60 50 61 72 61 6d 65  74 65 72 73 3a 5c 6e 24
7b 70 61 72 61 6d 73 7d  60 20 3a 20 27 27 2c 0a
20 20 20 20 20 20 20 20  66 69 65 6c 64 54 65 78
74 20 3f 20 60 46 69 65  6c 64 73 3a 5c 6e 24 7b
66 69 65 6c 64 54 65 78  74 7d 60 20 3a 20 27 27
2c 0a 20 20 20 20 20 20  20 20 60 45 78 70 65 63
74 65 64 20 6f 75 74 70  75 74 20 6d 6f 64 65 3a
20 24 7b 6f 75 74 70 75  74 4d 6f 64 65 7d 60 2c
0a 20 20 20 20 5d 2e 66  69 6c 74 65 72 28 42 6f
6f 6c 65 61 6e 29 2e 6a  6f 69 6e 28 27 5c 6e 5c
6e 27 29 3b 0a 7d 0a 0a  61 73 79 6e 63 20 66 75
6e 63 74 69 6f 6e 20 72  65 61 64 53 6d 61 6c 6c
46 69 6c 65 54 65 78 74  28 66 69 6c 65 3a 20 46
69 6c 65 29 20 7b 0a 20  20 20 20 69 66 20 28 66
69 6c 65 2e 73 69 7a 65  20 3e 20 32 35 36 20 2a
20 31 30 32 34 29 20 72  65 74 75 72 6e 20 27 27
3b 0a 20 20 20 20 74 72  79 20 7b 0a 20 20 20 20
20 20 20 20 72 65 74 75  72 6e 20 61 77 61 69 74
20 66 69 6c 65 2e 74 65  78 74 28 29 3b 0a 20 20
20 20 7d 20 63 61 74 63  68 20 7b 0a 20 20 20 20
20 20 20 20 72 65 74 75  72 6e 20 27 27 3b 0a 20
20 20 20 7d 0a 7d 0a 0a  66 75 6e 63 74 69 6f 6e
20 62 75 69 6c 64 53 6b  69 6c 6c 46 69 6c 65 50
61 79 6c 6f 61 64 28 66  69 6c 65 3a 20 46 69 6c
65 20 7c 20 6e 75 6c 6c  29 20 7b 0a 20 20 20 20
69 66 20 28 21 66 69 6c  65 29 20 72 65 74 75 72
6e 20 6e 75 6c 6c 3b 0a  20 20 20 20 72 65 74 75
72 6e 20 7b 0a 20 20 20  20 20 20 20 20 6e 61 6d
65 3a 20 66 69 6c 65 2e  6e 61 6d 65 2c 0a 20 20
20 20 20 20 20 20 73 69  7a 65 3a 20 66 69 6c 65
2e 73 69 7a 65 2c 0a 20  20 20 20 20 20 20 20 74
79 70 65 3a 20 66 69 6c  65 2e 74 79 70 65 20 7c
7c 20 27 61 70 70 6c 69  63 61 74 69 6f 6e 2f 6f
63 74 65 74 2d 73 74 72  65 61 6d 27 2c 0a 20 20
20 20 20 20 20 20 6c 61  73 74 5f 6d 6f 64 69 66
69 65 64 3a 20 66 69 6c  65 2e 6c 61 73 74 4d 6f
64 69 66 69 65 64 2c 0a  20 20 20 20 20 20 20 20
74 72 61 6e 73 66 65 72  3a 20 66 69 6c 65 2e 73
69 7a 65 20 3c 3d 20 32  35 36 20 2a 20 31 30 32
34 20 3f 20 27 69 6e 6c  69 6e 65 5f 74 65 78 74
5f 70 72 65 76 69 65 77  27 20 3a 20 27 6d 65 74
61 64 61 74 61 5f 6f 6e  6c 79 27 2c 0a 20 20 20
20 7d 3b 0a 7d 0a 0a 66  75 6e 63 74 69 6f 6e 20
61 72 72 61 79 42 75 66  66 65 72 54 6f 42 61 73
65 36 34 28 62 75 66 66  65 72 3a 20 41 72 72 61
79 42 75 66 66 65 72 29  20 7b 0a 20 20 20 20 63
6f 6e 73 74 20 62 79 74  65 73 20 3d 20 6e 65 77
20 55 69 6e 74 38 41 72  72 61 79 28 62 75 66 66
65 72 29 3b 0a 20 20 20  20 6c 65 74 20 62 69 6e
61 72 79 20 3d 20 27 27  3b 0a 20 20 20 20 63 6f
6e 73 74 20 63 68 75 6e  6b 53 69 7a 65 20 3d 20
30 78 38 30 30 30 3b 0a  20 20 20 20 66 6f 72 20
28 6c 65 74 20 69 6e 64  65 78 20 3d 20 30 3b 20
69 6e 64 65 78 20 3c 20  62 79 74 65 73 2e 6c 65
6e 67 74 68 3b 20 69 6e  64 65 78 20 2b 3d 20 63
68 75 6e 6b 53 69 7a 65  29 20 7b 0a 20 20 20 20
20 20 20 20 62 69 6e 61  72 79 20 2b 3d 20 53 74
72 69 6e 67 2e 66 72 6f  6d 43 68 61 72 43 6f 64
65 28 2e 2e 2e 62 79 74  65 73 2e 73 75 62 61 72
72 61 79 28 69 6e 64 65  78 2c 20 69 6e 64 65 78
20 2b 20 63 68 75 6e 6b  53 69 7a 65 29 29 3b 0a
20 20 20 20 7d 0a 20 20  20 20 72 65 74 75 72 6e
20 62 74 6f 61 28 62 69  6e 61 72 79 29 3b 0a 7d
0a 0a 61 73 79 6e 63 20  66 75 6e 63 74 69 6f 6e
20 73 74 61 67 65 53 6b  69 6c 6c 41 70 70 49 6e
70 75 74 46 69 6c 65 28  66 69 6c 65 3a 20 46 69
6c 65 20 7c 20 6e 75 6c  6c 29 20 7b 0a 20 20 20
20 69 66 20 28 21 66 69  6c 65 29 20 72 65 74 75
72 6e 20 6e 75 6c 6c 3b  0a 20 20 20 20 63 6f 6e
73 74 20 63 6f 6e 74 65  6e 74 20 3d 20 61 72 72
61 79 42 75 66 66 65 72  54 6f 42 61 73 65 36 34
28 61 77 61 69 74 20 66  69 6c 65 2e 61 72 72 61
79 42 75 66 66 65 72 28  29 29 3b 0a 20 20 20 20
72 65 74 75 72 6e 20 61  77 61 69 74 20 53 74 61
67 65 53 6b 69 6c 6c 41  70 70 49 6e 70 75 74 46
69 6c 65 28 66 69 6c 65  2e 6e 61 6d 65 2c 20 66
69 6c 65 2e 74 79 70 65  20 7c 7c 20 27 61 70 70
6c 69 63 61 74 69 6f 6e  2f 6f 63 74 65 74 2d 73
74 72 65 61 6d 27 2c 20  66 69 6c 65 2e 6c 61 73
74 4d 6f 64 69 66 69 65  64 2c 20 63 6f 6e 74 65
6e 74 29 20 61 73 20 53  6b 69 6c 6c 41 70 70 53
74 61 67 65 64 46 69 6c  65 52 65 66 3b 0a 7d 0a
0a 66 75 6e 63 74 69 6f  6e 20 6e 6f 72 6d 61 6c
69 7a 65 53 6b 69 6c 6c  52 75 6e 4c 69 66 65 63
79 63 6c 65 28 73 74 61  74 75 73 3f 3a 20 73 74
72 69 6e 67 29 3a 20 27  72 75 6e 6e 69 6e 67 27
20 7c 20 27 64 6f 6e 65  27 20 7c 20 27 65 72 72
6f 72 27 20 7c 20 27 63  61 6e 63 65 6c 6c 65 64
27 20 7b 0a 20 20 20 20  63 6f 6e 73 74 20 76 61
6c 75 65 20 3d 20 53 74  72 69 6e 67 28 73 74 61
74 75 73 20 7c 7c 20 27  27 29 2e 74 72 69 6d 28
29 2e 74 6f 4c 6f 77 65  72 43 61 73 65 28 29 3b
0a 20 20 20 20 69 66 20  28 5b 27 73 75 63 63 65
73 73 27 2c 20 27 73 75  63 63 65 65 64 65 64 27
2c 20 27 63 6f 6d 70 6c  65 74 65 64 27 2c 20 27
63 6f 6d 70 6c 65 74 65  27 2c 20 27 64 6f 6e 65
27 5d 2e 69 6e 63 6c 75  64 65 73 28 76 61 6c 75
65 29 29 20 72 65 74 75  72 6e 20 27 64 6f 6e 65
27 3b 0a 20 20 20 20 69  66 20 28 5b 27 66 61 69
6c 65 64 27 2c 20 27 66  61 69 6c 75 72 65 27 2c
20 27 65 72 72 6f 72 27  2c 20 27 74 69 6d 65 6f
75 74 27 5d 2e 69 6e 63  6c 75 64 65 73 28 76 61
6c 75 65 29 29 20 72 65  74 75 72 6e 20 27 65 72
72 6f 72 27 3b 0a 20 20  20 20 69 66 20 28 5b 27
63 61 6e 63 65 6c 6c 65  64 27 2c 20 27 63 61 6e
63 65 6c 65 64 27 5d 2e  69 6e 63 6c 75 64 65 73
28 76 61 6c 75 65 29 29  20 72 65 74 75 72 6e 20
27 63 61 6e 63 65 6c 6c  65 64 27 3b 0a 20 20 20
20 72 65 74 75 72 6e 20  27 72 75 6e 6e 69 6e 67
27 3b 0a 7d 0a 0a 66 75  6e 63 74 69 6f 6e 20 73
6b 69 6c 6c 52 75 6e 45  72 72 6f 72 4d 65 73 73
61 67 65 28 73 74 61 74  75 73 3f 3a 20 53 6b 69
6c 6c 52 75 6e 53 74 61  74 75 73 56 69 65 77 20
7c 20 6e 75 6c 6c 29 20  7b 0a 20 20 20 20 72 65
74 75 72 6e 20 53 74 72  69 6e 67 28 73 74 61 74
75 73 3f 2e 65 72 72 6f  72 20 7c 7c 20 73 74 61
74 75 73 3f 2e 73 75 6d  6d 61 72 79 3f 2e 6c 61
73 74 5f 65 72 72 6f 72  5f 73 6e 69 70 70 65 74
20 7c 7c 20 27 27 29 2e  74 72 69 6d 28 29 3b 0a
7d 0a 0a 66 75 6e 63 74  69 6f 6e 20 73 6b 69 6c
6c 52 75 6e 4f 75 74 70  75 74 53 75 66 66 69 78
28 73 74 61 74 75 73 3f  3a 20 53 6b 69 6c 6c 52
75 6e 53 74 61 74 75 73  56 69 65 77 20 7c 20 6e
75 6c 6c 29 20 7b 0a 20  20 20 20 63 6f 6e 73 74
20 73 6e 69 70 70 65 74  20 3d 20 53 74 72 69 6e
67 28 73 74 61 74 75 73  3f 2e 73 75 6d 6d 61 72
79 3f 2e 6c 61 73 74 5f  6f 75 74 70 75 74 5f 73
6e 69 70 70 65 74 20 7c  7c 20 73 74 61 74 75 73
3f 2e 73 65 73 73 69 6f  6e 5f 70 72 6f 67 72 65
73 73 3f 2e 6c 61 73 74  5f 72 65 73 75 6c 74 20
7c 7c 20 27 27 29 2e 74  72 69 6d 28 29 3b 0a 20
20 20 20 69 66 20 28 21  73 6e 69 70 70 65 74 29
20 72 65 74 75 72 6e 20  27 27 3b 0a 20 20 20 20
72 65 74 75 72 6e 20 60  20 c2 b7 20 24 7b 73 6e
69 70 70 65 74 2e 73 6c  69 63 65 28 30 2c 20 31
32 30 29 7d 60 3b 0a 7d  0a 0a 66 75 6e 63 74 69
6f 6e 20 73 6b 69 6c 6c  52 75 6e 50 72 69 6d 61
72 79 41 72 74 69 66 61  63 74 28 73 74 61 74 75
73 3f 3a 20 53 6b 69 6c  6c 52 75 6e 53 74 61 74
75 73 56 69 65 77 20 7c  20 6e 75 6c 6c 29 3a 20
53 6b 69 6c 6c 52 75 6e  41 72 74 69 66 61 63 74
56 69 65 77 20 7c 20 6e  75 6c 6c 20 7b 0a 20 20
20 20 63 6f 6e 73 74 20  68 61 73 41 72 74 69 66
61 63 74 52 65 66 20 3d  20 28 69 74 65 6d 3f 3a
20 53 6b 69 6c 6c 52 75  6e 41 72 74 69 66 61 63
74 56 69 65 77 29 20 3d  3e 20 21 21 53 74 72 69
6e 67 28 69 74 65 6d 3f  2e 70 61 74 68 20 7c 7c
20 69 74 65 6d 3f 2e 75  72 69 20 7c 7c 20 69 74
65 6d 3f 2e 69 64 20 7c  7c 20 69 74 65 6d 3f 2e
72 65 6d 6f 74 65 5f 75  72 6c 20 7c 7c 20 27 27
29 2e 74 72 69 6d 28 29  3b 0a 20 20 20 20 63 6f
6e 73 74 20 66 72 6f 6d  54 6f 70 20 3d 20 41 72
72 61 79 2e 69 73 41 72  72 61 79 28 73 74 61 74
75 73 3f 2e 61 72 74 69  66 61 63 74 73 29 20 3f
20 73 74 61 74 75 73 3f  2e 61 72 74 69 66 61 63
74 73 3f 2e 66 69 6e 64  28 68 61 73 41 72 74 69
66 61 63 74 52 65 66 29  20 3a 20 75 6e 64 65 66
69 6e 65 64 3b 0a 20 20  20 20 69 66 20 28 66 72
6f 6d 54 6f 70 29 20 72  65 74 75 72 6e 20 66 72
6f 6d 54 6f 70 3b 0a 20  20 20 20 63 6f 6e 73 74
20 66 72 6f 6d 53 75 6d  6d 61 72 79 20 3d 20 41
72 72 61 79 2e 69 73 41  72 72 61 79 28 73 74 61
74 75 73 3f 2e 73 75 6d  6d 61 72 79 3f 2e 61 72
74 69 66 61 63 74 73 29  20 3f 20 73 74 61 74 75
73 3f 2e 73 75 6d 6d 61  72 79 3f 2e 61 72 74 69
66 61 63 74 73 3f 2e 66  69 6e 64 28 68 61 73 41
72 74 69 66 61 63 74 52  65 66 29 20 3a 20 75 6e
64 65 66 69 6e 65 64 3b  0a 20 20 20 20 69 66 20
28 66 72 6f 6d 53 75 6d  6d 61 72 79 29 20 72 65
74 75 72 6e 20 66 72 6f  6d 53 75 6d 6d 61 72 79
3b 0a 20 20 20 20 63 6f  6e 73 74 20 66 72 6f 6d
4f 75 74 70 75 74 20 3d  20 73 6b 69 6c 6c 52 75
6e 4f 75 74 70 75 74 42  6c 6f 63 6b 73 28 73 74
61 74 75 73 29 2e 6d 61  70 28 28 62 6c 6f 63 6b
29 20 3d 3e 20 62 6c 6f  63 6b 2e 61 72 74 69 66
61 63 74 29 2e 66 69 6e  64 28 68 61 73 41 72 74
69 66 61 63 74 52 65 66  29 3b 0a 20 20 20 20 69
66 20 28 66 72 6f 6d 4f  75 74 70 75 74 29 20 72
65 74 75 72 6e 20 66 72  6f 6d 4f 75 74 70 75 74
3b 0a 20 20 20 20 63 6f  6e 73 74 20 61 72 74 69
66 61 63 74 50 61 74 68  20 3d 20 53 74 72 69 6e
67 28 73 74 61 74 75 73  3f 2e 73 75 6d 6d 61 72
79 3f 2e 61 72 74 69 66  61 63 74 5f 70 61 74 68
20 7c 7c 20 27 27 29 2e  74 72 69 6d 28 29 3b 0a
20 20 20 20 69 66 20 28  21 61 72 74 69 66 61 63
74 50 61 74 68 29 20 72  65 74 75 72 6e 20 6e 75
6c 6c 3b 0a 20 20 20 20  72 65 74 75 72 6e 20 7b
20 70 61 74 68 3a 20 61  72 74 69 66 61 63 74 50
61 74 68 2c 20 73 74 61  74 75 73 3a 20 73 74 61
74 75 73 3f 2e 73 75 6d  6d 61 72 79 3f 2e 61 72
74 69 66 61 63 74 5f 73  74 61 74 75 73 20 7d 3b
0a 7d 0a 0a 66 75 6e 63  74 69 6f 6e 20 73 6b 69
6c 6c 52 75 6e 50 72 69  6d 61 72 79 41 72 74 69
66 61 63 74 50 61 74 68  28 73 74 61 74 75 73 3f
3a 20 53 6b 69 6c 6c 52  75 6e 53 74 61 74 75 73
56 69 65 77 20 7c 20 6e  75 6c 6c 29 20 7b 0a 20
20 20 20 72 65 74 75 72  6e 20 53 74 72 69 6e 67
28 73 6b 69 6c 6c 52 75  6e 50 72 69 6d 61 72 79
41 72 74 69 66 61 63 74  28 73 74 61 74 75 73 29
3f 2e 70 61 74 68 20 7c  7c 20 27 27 29 2e 74 72
69 6d 28 29 3b 0a 7d 0a  0a 66 75 6e 63 74 69 6f
6e 20 73 6b 69 6c 6c 52  75 6e 4f 75 74 70 75 74
42 6c 6f 63 6b 73 28 73  74 61 74 75 73 3f 3a 20
53 6b 69 6c 6c 52 75 6e  53 74 61 74 75 73 56 69
65 77 20 7c 20 6e 75 6c  6c 29 3a 20 53 6b 69 6c
6c 52 75 6e 4f 75 74 70  75 74 42 6c 6f 63 6b 56
69 65 77 5b 5d 20 7b 0a  20 20 20 20 63 6f 6e 73
74 20 73 65 65 6e 20 3d  20 6e 65 77 20 53 65 74
3c 73 74 72 69 6e 67 3e  28 29 3b 0a 20 20 20 20
63 6f 6e 73 74 20 62 6c  6f 63 6b 73 3a 20 53 6b
69 6c 6c 52 75 6e 4f 75  74 70 75 74 42 6c 6f 63
6b 56 69 65 77 5b 5d 20  3d 20 5b 5d 3b 0a 20 20
20 20 66 6f 72 20 28 63  6f 6e 73 74 20 62 6c 6f
63 6b 20 6f 66 20 5b 2e  2e 2e 28 73 74 61 74 75
73 3f 2e 6f 75 74 70 75  74 73 20 7c 7c 20 5b 5d
29 2c 20 2e 2e 2e 28 73  74 61 74 75 73 3f 2e 73
75 6d 6d 61 72 79 3f 2e  6f 75 74 70 75 74 5f 62
6c 6f 63 6b 73 20 7c 7c  20 5b 5d 29 5d 29 20 7b
0a 20 20 20 20 20 20 20  20 63 6f 6e 73 74 20 6b
65 79 20 3d 20 53 74 72  69 6e 67 28 62 6c 6f 63
6b 3f 2e 69 64 20 7c 7c  20 60 24 7b 62 6c 6f 63
6b 3f 2e 6b 69 6e 64 20  7c 7c 20 27 27 7d 3a 24
7b 62 6c 6f 63 6b 3f 2e  74 69 74 6c 65 20 7c 7c
20 27 27 7d 3a 24 7b 62  6c 6f 63 6b 3f 2e 74 65
78 74 20 7c 7c 20 27 27  7d 3a 24 7b 62 6c 6f 63
6b 3f 2e 61 72 74 69 66  61 63 74 5f 69 64 20 7c
7c 20 27 27 7d 60 29 2e  74 72 69 6d 28 29 3b 0a
20 20 20 20 20 20 20 20  69 66 20 28 21 6b 65 79
20 7c 7c 20 73 65 65 6e  2e 68 61 73 28 6b 65 79
29 29 20 63 6f 6e 74 69  6e 75 65 3b 0a 20 20 20
20 20 20 20 20 73 65 65  6e 2e 61 64 64 28 6b 65
79 29 3b 0a 20 20 20 20  20 20 20 20 62 6c 6f 63
6b 73 2e 70 75 73 68 28  62 6c 6f 63 6b 29 3b 0a
20 20 20 20 7d 0a 20 20  20 20 72 65 74 75 72 6e
20 62 6c 6f 63 6b 73 3b  0a 7d 0a 0a 66 75 6e 63
74 69 6f 6e 20 73 6b 69  6c 6c 52 75 6e 50 72 6f
67 72 65 73 73 4d 65 73  73 61 67 65 28 73 74 61
74 75 73 3a 20 53 6b 69  6c 6c 52 75 6e 53 74 61
74 75 73 56 69 65 77 20  7c 20 6e 75 6c 6c 2c 20
66 61 6c 6c 62 61 63 6b  3a 20 73 74 72 69 6e 67
2c 20 72 75 6e 49 44 3a  20 73 74 72 69 6e 67 29
20 7b 0a 20 20 20 20 63  6f 6e 73 74 20 70 72 6f
67 72 65 73 73 20 3d 20  53 74 72 69 6e 67 28 73
74 61 74 75 73 3f 2e 73  65 73 73 69 6f 6e 5f 70
72 6f 67 72 65 73 73 3f  2e 70 72 6f 67 72 65 73
73 5f 73 75 6d 6d 61 72  79 20 7c 7c 20 73 74 61
74 75 73 3f 2e 73 65 73  73 69 6f 6e 5f 70 72 6f
67 72 65 73 73 3f 2e 63  75 72 72 65 6e 74 5f 74
61 73 6b 20 7c 7c 20 73  74 61 74 75 73 3f 2e 73
75 6d 6d 61 72 79 3f 2e  63 75 72 72 65 6e 74 5f
73 74 65 70 20 7c 7c 20  27 27 29 2e 74 72 69 6d
28 29 3b 0a 20 20 20 20  63 6f 6e 73 74 20 73 74
61 74 75 73 54 65 78 74  20 3d 20 53 74 72 69 6e
67 28 73 74 61 74 75 73  3f 2e 73 74 61 74 75 73
20 7c 7c 20 27 27 29 2e  74 72 69 6d 28 29 3b 0a
20 20 20 20 72 65 74 75  72 6e 20 5b 66 61 6c 6c
62 61 63 6b 2c 20 72 75  6e 49 44 2c 20 73 74 61
74 75 73 54 65 78 74 2c  20 70 72 6f 67 72 65 73
73 5d 2e 66 69 6c 74 65  72 28 42 6f 6f 6c 65 61
6e 29 2e 6a 6f 69 6e 28  27 20 c2 b7 20 27 29 3b
0a 7d 0a 0a 66 75 6e 63  74 69 6f 6e 20 63 6f 6d
70 61 63 74 53 74 65 70  4c 61 62 65 6c 28 73 74
65 70 3a 20 53 6b 69 6c  6c 52 75 6e 53 74 65 70
56 69 65 77 29 20 7b 0a  20 20 20 20 72 65 74 75
72 6e 20 53 74 72 69 6e  67 28 73 74 65 70 2e 6e
61 6d 65 20 7c 7c 20 73  74 65 70 2e 61 63 74 69
6f 6e 20 7c 7c 20 28 73  74 65 70 2e 69 6e 64 65
78 20 21 3d 3d 20 75 6e  64 65 66 69 6e 65 64 20
3f 20 60 53 74 65 70 20  24 7b 73 74 65 70 2e 69
6e 64 65 78 20 2b 20 31  7d 60 20 3a 20 27 53 74
65 70 27 29 29 2e 74 72  69 6d 28 29 3b 0a 7d 0a
0a 66 75 6e 63 74 69 6f  6e 20 63 6f 6d 70 61 63
74 53 74 65 70 44 65 74  61 69 6c 28 73 74 65 70
3a 20 53 6b 69 6c 6c 52  75 6e 53 74 65 70 56 69
65 77 29 20 7b 0a 20 20  20 20 72 65 74 75 72 6e
20 53 74 72 69 6e 67 28  73 74 65 70 2e 65 72 72
6f 72 20 7c 7c 20 73 74  65 70 2e 6f 75 74 70 75
74 20 7c 7c 20 27 27 29  2e 74 72 69 6d 28 29 2e
73 6c 69 63 65 28 30 2c  20 31 32 30 29 3b 0a 7d
0a 0a 66 75 6e 63 74 69  6f 6e 20 73 6b 69 6c 6c
52 75 6e 4f 75 74 70 75  74 42 6c 6f 63 6b 54 65
78 74 28 62 6c 6f 63 6b  3a 20 53 6b 69 6c 6c 52
75 6e 4f 75 74 70 75 74  42 6c 6f 63 6b 56 69 65
77 29 20 7b 0a 20 20 20  20 72 65 74 75 72 6e 20
53 74 72 69 6e 67 28 62  6c 6f 63 6b 2e 74 65 78
74 20 7c 7c 20 27 27 29  2e 74 72 69 6d 28 29 3b
0a 7d 0a 0a 61 73 79 6e  63 20 66 75 6e 63 74 69
6f 6e 20 6f 70 65 6e 53  6b 69 6c 6c 52 75 6e 41
72 74 69 66 61 63 74 46  72 6f 6d 55 49 28 72 75
6e 49 44 3a 20 73 74 72  69 6e 67 2c 20 61 72 74
69 66 61 63 74 52 65 66  3a 20 73 74 72 69 6e 67
2c 20 61 72 74 69 66 61  63 74 50 61 74 68 3a 20
73 74 72 69 6e 67 2c 20  72 65 6d 6f 74 65 4f 6e
6c 79 3a 20 62 6f 6f 6c  65 61 6e 29 20 7b 0a 20
20 20 20 69 66 20 28 72  75 6e 49 44 20 26 26 20
61 72 74 69 66 61 63 74  52 65 66 29 20 7b 0a 20
20 20 20 20 20 20 20 69  66 20 28 72 65 6d 6f 74
65 4f 6e 6c 79 29 20 7b  0a 20 20 20 20 20 20 20
20 20 20 20 20 61 77 61  69 74 20 44 6f 77 6e 6c
6f 61 64 53 6b 69 6c 6c  52 75 6e 41 72 74 69 66
61 63 74 28 72 75 6e 49  44 2c 20 61 72 74 69 66
61 63 74 52 65 66 29 3b  0a 20 20 20 20 20 20 20
20 7d 0a 20 20 20 20 20  20 20 20 61 77 61 69 74
20 4f 70 65 6e 53 6b 69  6c 6c 52 75 6e 41 72 74
69 66 61 63 74 28 72 75  6e 49 44 2c 20 61 72 74
69 66 61 63 74 52 65 66  29 3b 0a 20 20 20 20 20
20 20 20 72 65 74 75 72  6e 3b 0a 20 20 20 20 7d
0a 20 20 20 20 61 77 61  69 74 20 4f 70 65 6e 46
69 6c 65 4f 72 53 68 6f  77 49 6e 46 6f 6c 64 65
72 28 61 72 74 69 66 61  63 74 50 61 74 68 29 3b
0a 7d 0a 0a 61 73 79 6e  63 20 66 75 6e 63 74 69
6f 6e 20 72 65 76 65 61  6c 53 6b 69 6c 6c 52 75
6e 41 72 74 69 66 61 63  74 46 72 6f 6d 55 49 28
72 75 6e 49 44 3a 20 73  74 72 69 6e 67 2c 20 61
72 74 69 66 61 63 74 52  65 66 3a 20 73 74 72 69
6e 67 2c 20 61 72 74 69  66 61 63 74 50 61 74 68
3a 20 73 74 72 69 6e 67  29 20 7b 0a 20 20 20 20
69 66 20 28 72 75 6e 49  44 20 26 26 20 61 72 74
69 66 61 63 74 52 65 66  29 20 7b 0a 20 20 20 20
20 20 20 20 61 77 61 69  74 20 52 65 76 65 61 6c
53 6b 69 6c 6c 52 75 6e  41 72 74 69 66 61 63 74
28 72 75 6e 49 44 2c 20  61 72 74 69 66 61 63 74
52 65 66 29 3b 0a 20 20  20 20 20 20 20 20 72 65
74 75 72 6e 3b 0a 20 20  20 20 7d 0a 20 20 20 20
61 77 61 69 74 20 53 68  6f 77 49 74 65 6d 49 6e
46 6f 6c 64 65 72 28 61  72 74 69 66 61 63 74 50
61 74 68 29 3b 0a 7d 0a  0a 66 75 6e 63 74 69 6f
6e 20 61 72 74 69 66 61  63 74 53 74 61 74 75 73
4c 61 62 65 6c 28 73 74  61 74 75 73 3a 20 53 6b
69 6c 6c 52 75 6e 53 74  61 74 75 73 56 69 65 77
20 7c 20 6e 75 6c 6c 2c  20 74 65 78 74 3a 20 74
79 70 65 6f 66 20 6c 61  62 65 6c 73 2e 7a 68 29
20 7b 0a 20 20 20 20 63  6f 6e 73 74 20 61 72 74
69 66 61 63 74 50 61 74  68 20 3d 20 73 6b 69 6c
6c 52 75 6e 50 72 69 6d  61 72 79 41 72 74 69 66
61 63 74 50 61 74 68 28  73 74 61 74 75 73 29 3b
0a 20 20 20 20 63 6f 6e  73 74 20 61 72 74 69 66
61 63 74 53 74 61 74 75  73 20 3d 20 53 74 72 69
6e 67 28 73 74 61 74 75  73 3f 2e 73 75 6d 6d 61
72 79 3f 2e 61 72 74 69  66 61 63 74 5f 73 74 61
74 75 73 20 7c 7c 20 27  27 29 2e 74 72 69 6d 28
29 3b 0a 20 20 20 20 69  66 20 28 61 72 74 69 66
61 63 74 50 61 74 68 29  20 72 65 74 75 72 6e 20
74 65 78 74 2e 61 72 74  69 66 61 63 74 52 65 61
64 79 3b 0a 20 20 20 20  69 66 20 28 73 74 61 74
75 73 3f 2e 65 78 70 65  63 74 65 64 5f 61 72 74
69 66 61 63 74 20 7c 7c  20 61 72 74 69 66 61 63
74 53 74 61 74 75 73 20  7c 7c 20 73 74 61 74 75
73 3f 2e 73 75 6d 6d 61  72 79 3f 2e 6e 65 65 64
73 5f 61 72 74 69 66 61  63 74 5f 76 65 72 69 66
69 63 61 74 69 6f 6e 29  20 72 65 74 75 72 6e 20
74 65 78 74 2e 61 72 74  69 66 61 63 74 50 65 6e
64 69 6e 67 3b 0a 20 20  20 20 72 65 74 75 72 6e
20 27 27 3b 0a 7d 0a 0a  66 75 6e 63 74 69 6f 6e
20 6c 6f 61 64 41 70 70  52 75 6e 48 69 73 74 6f
72 79 28 61 70 70 49 44  3a 20 73 74 72 69 6e 67
29 3a 20 41 70 70 52 75  6e 48 69 73 74 6f 72 79
45 6e 74 72 79 5b 5d 20  7b 0a 20 20 20 20 69 66
20 28 74 79 70 65 6f 66  20 77 69 6e 64 6f 77 20
3d 3d 3d 20 27 75 6e 64  65 66 69 6e 65 64 27 20
7c 7c 20 21 61 70 70 49  44 29 20 72 65 74 75 72
6e 20 5b 5d 3b 0a 20 20  20 20 74 72 79 20 7b 0a
20 20 20 20 20 20 20 20  63 6f 6e 73 74 20 70 61
72 73 65 64 20 3d 20 4a  53 4f 4e 2e 70 61 72 73
65 28 77 69 6e 64 6f 77  2e 6c 6f 63 61 6c 53 74
6f 72 61 67 65 2e 67 65  74 49 74 65 6d 28 72 75
6e 48 69 73 74 6f 72 79  53 74 6f 72 61 67 65 4b
65 79 29 20 7c 7c 20 27  7b 7d 27 29 20 61 73 20
52 65 63 6f 72 64 3c 73  74 72 69 6e 67 2c 20 41
70 70 52 75 6e 48 69 73  74 6f 72 79 45 6e 74 72
79 5b 5d 3e 3b 0a 20 20  20 20 20 20 20 20 72 65
74 75 72 6e 20 41 72 72  61 79 2e 69 73 41 72 72
61 79 28 70 61 72 73 65  64 5b 61 70 70 49 44 5d
29 20 3f 20 70 61 72 73  65 64 5b 61 70 70 49 44
5d 2e 73 6c 69 63 65 28  30 2c 20 38 29 20 3a 20
5b 5d 3b 0a 20 20 20 20  7d 20 63 61 74 63 68 20
7b 0a 20 20 20 20 20 20  20 20 72 65 74 75 72 6e
20 5b 5d 3b 0a 20 20 20  20 7d 0a 7d 0a 0a 66 75
6e 63 74 69 6f 6e 20 73  61 76 65 41 70 70 52 75
6e 48 69 73 74 6f 72 79  28 61 70 70 49 44 3a 20
73 74 72 69 6e 67 2c 20  68 69 73 74 6f 72 79 3a
20 41 70 70 52 75 6e 48  69 73 74 6f 72 79 45 6e
74 72 79 5b 5d 29 20 7b  0a 20 20 20 20 69 66 20
28 74 79 70 65 6f 66 20  77 69 6e 64 6f 77 20 3d
3d 3d 20 27 75 6e 64 65  66 69 6e 65 64 27 20 7c
7c 20 21 61 70 70 49 44  29 20 72 65 74 75 72 6e
3b 0a 20 20 20 20 74 72  79 20 7b 0a 20 20 20 20
20 20 20 20 63 6f 6e 73  74 20 70 61 72 73 65 64
20 3d 20 4a 53 4f 4e 2e  70 61 72 73 65 28 77 69
6e 64 6f 77 2e 6c 6f 63  61 6c 53 74 6f 72 61 67
65 2e 67 65 74 49 74 65  6d 28 72 75 6e 48 69 73
74 6f 72 79 53 74 6f 72  61 67 65 4b 65 79 29 20
7c 7c 20 27 7b 7d 27 29  20 61 73 20 52 65 63 6f
72 64 3c 73 74 72 69 6e  67 2c 20 41 70 70 52 75
6e 48 69 73 74 6f 72 79  45 6e 74 72 79 5b 5d 3e
3b 0a 20 20 20 20 20 20  20 20 70 61 72 73 65 64
5b 61 70 70 49 44 5d 20  3d 20 68 69 73 74 6f 72
79 2e 73 6c 69 63 65 28  30 2c 20 38 29 3b 0a 20
20 20 20 20 20 20 20 77  69 6e 64 6f 77 2e 6c 6f
63 61 6c 53 74 6f 72 61  67 65 2e 73 65 74 49 74
65 6d 28 72 75 6e 48 69  73 74 6f 72 79 53 74 6f
72 61 67 65 4b 65 79 2c  20 4a 53 4f 4e 2e 73 74
72 69 6e 67 69 66 79 28  70 61 72 73 65 64 29 29
3b 0a 20 20 20 20 7d 20  63 61 74 63 68 20 7b 0a
20 20 20 20 20 20 20 20  2f 2f 20 48 69 73 74 6f
72 79 20 69 73 20 6e 69  63 65 2d 74 6f 2d 68 61
76 65 3b 20 69 67 6e 6f  72 65 20 73 74 6f 72 61
67 65 20 66 61 69 6c 75  72 65 73 2e 0a 20 20 20
20 7d 0a 7d 0a 0a 66 75  6e 63 74 69 6f 6e 20 63
6c 65 61 72 41 70 70 52  75 6e 48 69 73 74 6f 72
79 28 61 70 70 49 44 3a  20 73 74 72 69 6e 67 29
20 7b 0a 20 20 20 20 69  66 20 28 74 79 70 65 6f
66 20 77 69 6e 64 6f 77  20 3d 3d 3d 20 27 75 6e
64 65 66 69 6e 65 64 27  20 7c 7c 20 21 61 70 70
49 44 29 20 72 65 74 75  72 6e 3b 0a 20 20 20 20
74 72 79 20 7b 0a 20 20  20 20 20 20 20 20 63 6f
6e 73 74 20 70 61 72 73  65 64 20 3d 20 4a 53 4f
4e 2e 70 61 72 73 65 28  77 69 6e 64 6f 77 2e 6c
6f 63 61 6c 53 74 6f 72  61 67 65 2e 67 65 74 49
74 65 6d 28 72 75 6e 48  69 73 74 6f 72 79 53 74
6f 72 61 67 65 4b 65 79  29 20 7c 7c 20 27 7b 7d
27 29 20 61 73 20 52 65  63 6f 72 64 3c 73 74 72
69 6e 67 2c 20 41 70 70  52 75 6e 48 69 73 74 6f
72 79 45 6e 74 72 79 5b  5d 3e 3b 0a 20 20 20 20
20 20 20 20 64 65 6c 65  74 65 20 70 61 72 73 65
64 5b 61 70 70 49 44 5d  3b 0a 20 20 20 20 20 20
20 20 77 69 6e 64 6f 77  2e 6c 6f 63 61 6c 53 74
6f 72 61 67 65 2e 73 65  74 49 74 65 6d 28 72 75
6e 48 69 73 74 6f 72 79  53 74 6f 72 61 67 65 4b
65 79 2c 20 4a 53 4f 4e  2e 73 74 72 69 6e 67 69
66 79 28 70 61 72 73 65  64 29 29 3b 0a 20 20 20
20 7d 20 63 61 74 63 68  20 7b 0a 20 20 20 20 20
20 20 20 2f 2f 20 48 69  73 74 6f 72 79 20 69 73
20 6e 69 63 65 2d 74 6f  2d 68 61 76 65 3b 20 69
67 6e 6f 72 65 20 73 74  6f 72 61 67 65 20 66 61
69 6c 75 72 65 73 2e 0a  20 20 20 20 7d 0a 7d 0a
0a 66 75 6e 63 74 69 6f  6e 20 72 65 61 64 50 75
62 6c 69 73 68 53 75 62  6d 69 73 73 69 6f 6e 73
28 29 3a 20 52 65 63 6f  72 64 3c 73 74 72 69 6e
67 2c 20 41 70 70 50 75  62 6c 69 73 68 53 75 62
6d 69 73 73 69 6f 6e 3e  20 7b 0a 20 20 20 20 69
66 20 28 74 79 70 65 6f  66 20 77 69 6e 64 6f 77
20 3d 3d 3d 20 27 75 6e  64 65 66 69 6e 65 64 27
29 20 72 65 74 75 72 6e  20 7b 7d 3b 0a 20 20 20
20 74 72 79 20 7b 0a 20  20 20 20 20 20 20 20 63
6f 6e 73 74 20 70 61 72  73 65 64 20 3d 20 4a 53
4f 4e 2e 70 61 72 73 65  28 77 69 6e 64 6f 77 2e
6c 6f 63 61 6c 53 74 6f  72 61 67 65 2e 67 65 74
49 74 65 6d 28 70 75 62  6c 69 73 68 53 75 62 6d
69 73 73 69 6f 6e 53 74  6f 72 61 67 65 4b 65 79
29 20 7c 7c 20 27 7b 7d  27 29 20 61 73 20 52 65
63 6f 72 64 3c 73 74 72  69 6e 67 2c 20 41 70 70
50 75 62 6c 69 73 68 53  75 62 6d 69 73 73 69 6f
6e 3e 3b 0a 20 20 20 20  20 20 20 20 72 65 74 75
72 6e 20 70 61 72 73 65  64 20 26 26 20 74 79 70
65 6f 66 20 70 61 72 73  65 64 20 3d 3d 3d 20 27
6f 62 6a 65 63 74 27 20  3f 20 70 61 72 73 65 64
20 3a 20 7b 7d 3b 0a 20  20 20 20 7d 20 63 61 74
63 68 20 7b 0a 20 20 20  20 20 20 20 20 72 65 74
75 72 6e 20 7b 7d 3b 0a  20 20 20 20 7d 0a 7d 0a
0a 66 75 6e 63 74 69 6f  6e 20 77 72 69 74 65 50
75 62 6c 69 73 68 53 75  62 6d 69 73 73 69 6f 6e
73 28 73 75 62 6d 69 73  73 69 6f 6e 73 3a 20 52
65 63 6f 72 64 3c 73 74  72 69 6e 67 2c 20 41 70
70 50 75 62 6c 69 73 68  53 75 62 6d 69 73 73 69
6f 6e 3e 29 20 7b 0a 20  20 20 20 69 66 20 28 74
79 70 65 6f 66 20 77 69  6e 64 6f 77 20 3d 3d 3d
20 27 75 6e 64 65 66 69  6e 65 64 27 29 20 72 65
74 75 72 6e 3b 0a 20 20  20 20 74 72 79 20 7b 0a
20 20 20 20 20 20 20 20  77 69 6e 64 6f 77 2e 6c
6f 63 61 6c 53 74 6f 72  61 67 65 2e 73 65 74 49
74 65 6d 28 70 75 62 6c  69 73 68 53 75 62 6d 69
73 73 69 6f 6e 53 74 6f  72 61 67 65 4b 65 79 2c
20 4a 53 4f 4e 2e 73 74  72 69 6e 67 69 66 79 28
73 75 62 6d 69 73 73 69  6f 6e 73 29 29 3b 0a 20
20 20 20 7d 20 63 61 74  63 68 20 7b 0a 20 20 20
20 20 20 20 20 2f 2f 20  50 75 62 6c 69 73 68 20
73 75 62 6d 69 73 73 69  6f 6e 20 73 74 61 74 65
20 69 73 20 6c 6f 63 61  6c 20 55 58 20 73 74 61
74 65 3b 20 69 67 6e 6f  72 65 20 73 74 6f 72 61
67 65 20 66 61 69 6c 75  72 65 73 2e 0a 20 20 20
20 7d 0a 7d 0a 0a 66 75  6e 63 74 69 6f 6e 20 63
6c 65 61 72 41 70 70 50  75 62 6c 69 73 68 53 75
62 6d 69 73 73 69 6f 6e  28 61 70 70 49 44 3a 20
73 74 72 69 6e 67 29 20  7b 0a 20 20 20 20 69 66
20 28 74 79 70 65 6f 66  20 77 69 6e 64 6f 77 20
3d 3d 3d 20 27 75 6e 64  65 66 69 6e 65 64 27 20
7c 7c 20 21 61 70 70 49  44 29 20 72 65 74 75 72
6e 3b 0a 20 20 20 20 63  6f 6e 73 74 20 73 75 62
6d 69 73 73 69 6f 6e 73  20 3d 20 72 65 61 64 50
75 62 6c 69 73 68 53 75  62 6d 69 73 73 69 6f 6e
73 28 29 3b 0a 20 20 20  20 69 66 20 28 21 73 75
62 6d 69 73 73 69 6f 6e  73 5b 61 70 70 49 44 5d
29 20 72 65 74 75 72 6e  3b 0a 20 20 20 20 64 65
6c 65 74 65 20 73 75 62  6d 69 73 73 69 6f 6e 73
5b 61 70 70 49 44 5d 3b  0a 20 20 20 20 77 72 69
74 65 50 75 62 6c 69 73  68 53 75 62 6d 69 73 73
69 6f 6e 73 28 73 75 62  6d 69 73 73 69 6f 6e 73
29 3b 0a 7d 0a 0a 66 75  6e 63 74 69 6f 6e 20 6d
61 72 6b 41 70 70 50 75  62 6c 69 73 68 53 75 62
6d 69 73 73 69 6f 6e 4d  6f 64 69 66 69 65 64 28
61 70 70 49 44 3a 20 73  74 72 69 6e 67 2c 20 76
65 72 73 69 6f 6e 3f 3a  20 6e 75 6d 62 65 72 29
20 7b 0a 20 20 20 20 69  66 20 28 74 79 70 65 6f
66 20 77 69 6e 64 6f 77  20 3d 3d 3d 20 27 75 6e
64 65 66 69 6e 65 64 27  20 7c 7c 20 21 61 70 70
49 44 29 20 72 65 74 75  72 6e 3b 0a 20 20 20 20
63 6f 6e 73 74 20 73 75  62 6d 69 73 73 69 6f 6e
73 20 3d 20 72 65 61 64  50 75 62 6c 69 73 68 53
75 62 6d 69 73 73 69 6f  6e 73 28 29 3b 0a 20 20
20 20 63 6f 6e 73 74 20  65 78 69 73 74 69 6e 67
20 3d 20 73 75 62 6d 69  73 73 69 6f 6e 73 5b 61
70 70 49 44 5d 3b 0a 20  20 20 20 69 66 20 28 21
65 78 69 73 74 69 6e 67  29 20 72 65 74 75 72 6e
3b 0a 20 20 20 20 77 72  69 74 65 50 75 62 6c 69
73 68 53 75 62 6d 69 73  73 69 6f 6e 73 28 7b 0a
20 20 20 20 20 20 20 20  2e 2e 2e 73 75 62 6d 69
73 73 69 6f 6e 73 2c 0a  20 20 20 20 20 20 20 20
5b 61 70 70 49 44 5d 3a  20 7b 0a 20 20 20 20 20
20 20 20 20 20 20 20 2e  2e 2e 65 78 69 73 74 69
6e 67 2c 0a 20 20 20 20  20 20 20 20 20 20 20 20
6d 6f 64 69 66 69 65 64  41 74 3a 20 6e 65 77 20
44 61 74 65 28 29 2e 74  6f 49 53 4f 53 74 72 69
6e 67 28 29 2c 0a 20 20  20 20 20 20 20 20 20 20
20 20 76 65 72 73 69 6f  6e 3a 20 76 65 72 73 69
6f 6e 20 7c 7c 20 65 78  69 73 74 69 6e 67 2e 76
65 72 73 69 6f 6e 2c 0a  20 20 20 20 20 20 20 20
7d 2c 0a 20 20 20 20 7d  29 3b 0a 7d 0a 0a 66 75
6e 63 74 69 6f 6e 20 70  75 62 6c 69 73 68 53 75
62 6d 69 73 73 69 6f 6e  53 74 61 74 75 73 4c 61
62 65 6c 28 73 75 62 6d  69 73 73 69 6f 6e 3a 20
41 70 70 50 75 62 6c 69  73 68 53 75 62 6d 69 73
73 69 6f 6e 2c 20 74 65  78 74 3a 20 74 79 70 65
6f 66 20 6c 61 62 65 6c  73 2e 7a 68 29 20 7b 0a
20 20 20 20 69 66 20 28  73 75 62 6d 69 73 73 69
6f 6e 2e 6d 6f 64 69 66  69 65 64 41 74 29 20 72
65 74 75 72 6e 20 74 65  78 74 2e 6c 6f 63 61 6c
4d 6f 64 69 66 69 65 64  52 65 76 69 65 77 3b 0a
20 20 20 20 69 66 20 28  73 75 62 6d 69 73 73 69
6f 6e 2e 73 74 61 74 75  73 20 3d 3d 3d 20 27 73
75 62 6d 69 74 74 65 64  27 20 26 26 20 73 75 62
6d 69 73 73 69 6f 6e 2e  63 68 61 6e 6e 65 6c 20
3d 3d 3d 20 27 6c 6f 63  61 6c 27 29 20 72 65 74
75 72 6e 20 74 65 78 74  2e 6c 6f 63 61 6c 52 65
76 69 65 77 50 65 6e 64  69 6e 67 3b 0a 20 20 20
20 73 77 69 74 63 68 20  28 73 75 62 6d 69 73 73
69 6f 6e 2e 73 74 61 74  75 73 29 20 7b 0a 20 20
20 20 20 20 20 20 63 61  73 65 20 27 72 65 76 69
65 77 5f 66 61 69 6c 65  64 27 3a 0a 20 20 20 20
20 20 20 20 20 20 20 20  72 65 74 75 72 6e 20 74
65 78 74 2e 72 65 76 69  65 77 46 61 69 6c 65 64
3b 0a 20 20 20 20 20 20  20 20 63 61 73 65 20 27
61 70 70 72 6f 76 65 64  27 3a 0a 20 20 20 20 20
20 20 20 20 20 20 20 72  65 74 75 72 6e 20 74 65
78 74 2e 72 65 76 69 65  77 41 70 70 72 6f 76 65
64 3b 0a 20 20 20 20 20  20 20 20 63 61 73 65 20
27 70 75 62 6c 69 73 68  65 64 27 3a 0a 20 20 20
20 20 20 20 20 20 20 20  20 72 65 74 75 72 6e 20
74 65 78 74 2e 72 65 76  69 65 77 50 75 62 6c 69
73 68 65 64 3b 0a 20 20  20 20 20 20 20 20 63 61
73 65 20 27 64 65 70 72  65 63 61 74 65 64 27 3a
0a 20 20 20 20 20 20 20  20 20 20 20 20 72 65 74
75 72 6e 20 74 65 78 74  2e 72 65 76 69 65 77 44
65 70 72 65 63 61 74 65  64 3b 0a 20 20 20 20 20
20 20 20 63 61 73 65 20  27 72 65 76 6f 6b 65 64
27 3a 0a 20 20 20 20 20  20 20 20 20 20 20 20 72
65 74 75 72 6e 20 74 65  78 74 2e 72 65 76 69 65
77 52 65 76 6f 6b 65 64  3b 0a 20 20 20 20 20 20
20 20 63 61 73 65 20 27  73 75 62 6d 69 74 74 65
64 27 3a 0a 20 20 20 20  20 20 20 20 64 65 66 61
75 6c 74 3a 0a 20 20 20  20 20 20 20 20 20 20 20
20 72 65 74 75 72 6e 20  74 65 78 74 2e 70 65 6e
64 69 6e 67 52 65 76 69  65 77 3b 0a 20 20 20 20
7d 0a 7d 0a 0a 66 75 6e  63 74 69 6f 6e 20 6e 6f
72 6d 61 6c 69 7a 65 46  72 65 73 68 50 75 62 6c
69 73 68 53 75 62 6d 69  73 73 69 6f 6e 28 73 75
62 6d 69 73 73 69 6f 6e  3a 20 41 70 70 50 75 62
6c 69 73 68 53 75 62 6d  69 73 73 69 6f 6e 29 3a
20 41 70 70 50 75 62 6c  69 73 68 53 75 62 6d 69
73 73 69 6f 6e 20 7b 0a  20 20 20 20 72 65 74 75
72 6e 20 7b 0a 20 20 20  20 20 20 20 20 69 64 3a
20 73 75 62 6d 69 73 73  69 6f 6e 2e 69 64 2c 0a
20 20 20 20 20 20 20 20  61 70 70 49 44 3a 20 73
75 62 6d 69 73 73 69 6f  6e 2e 61 70 70 49 44 2c
0a 20 20 20 20 20 20 20  20 73 75 62 6d 69 74 74
65 64 41 74 3a 20 73 75  62 6d 69 73 73 69 6f 6e
2e 73 75 62 6d 69 74 74  65 64 41 74 2c 0a 20 20
20 20 20 20 20 20 73 74  61 74 75 73 3a 20 73 75
62 6d 69 73 73 69 6f 6e  2e 73 74 61 74 75 73 2c
0a 20 20 20 20 20 20 20  20 63 68 61 6e 6e 65 6c
3a 20 73 75 62 6d 69 73  73 69 6f 6e 2e 63 68 61
6e 6e 65 6c 2c 0a 20 20  20 20 20 20 20 20 72 65
76 69 65 77 65 64 41 74  3a 20 73 75 62 6d 69 73
73 69 6f 6e 2e 72 65 76  69 65 77 65 64 41 74 2c
0a 20 20 20 20 20 20 20  20 70 75 62 6c 69 73 68
65 64 41 74 3a 20 73 75  62 6d 69 73 73 69 6f 6e
2e 70 75 62 6c 69 73 68  65 64 41 74 2c 0a 20 20
20 20 20 20 20 20 72 65  76 69 65 77 65 72 3a 20
73 75 62 6d 69 73 73 69  6f 6e 2e 72 65 76 69 65
77 65 72 2c 0a 20 20 20  20 20 20 20 20 72 69 73
6b 4c 65 76 65 6c 3a 20  73 75 62 6d 69 73 73 69
6f 6e 2e 72 69 73 6b 4c  65 76 65 6c 2c 0a 20 20
20 20 20 20 20 20 61 70  70 72 6f 76 65 64 53 63
6f 70 65 73 3a 20 73 75  62 6d 69 73 73 69 6f 6e
2e 61 70 70 72 6f 76 65  64 53 63 6f 70 65 73 2c
0a 20 20 20 20 20 20 20  20 72 65 76 69 65 77 49
73 73 75 65 73 3a 20 73  75 62 6d 69 73 73 69 6f
6e 2e 72 65 76 69 65 77  49 73 73 75 65 73 2c 0a
20 20 20 20 20 20 20 20  6d 65 73 73 61 67 65 3a
20 73 75 62 6d 69 73 73  69 6f 6e 2e 6d 65 73 73
61 67 65 2c 0a 20 20 20  20 20 20 20 20 76 65 72
73 69 6f 6e 3a 20 73 75  62 6d 69 73 73 69 6f 6e
2e 76 65 72 73 69 6f 6e  2c 0a 20 20 20 20 7d 3b
0a 7d 0a 0a 61 73 79 6e  63 20 66 75 6e 63 74 69
6f 6e 20 73 75 62 6d 69  74 41 70 70 50 61 63 6b
61 67 65 54 6f 45 6e 74  65 72 70 72 69 73 65 4d
61 72 6b 65 74 28 61 70  70 3a 20 41 70 70 45 6e
74 72 79 2c 20 70 61 63  6b 61 67 65 4d 61 6e 69
66 65 73 74 3a 20 52 65  63 6f 72 64 3c 73 74 72
69 6e 67 2c 20 75 6e 6b  6e 6f 77 6e 3e 29 3a 20
50 72 6f 6d 69 73 65 3c  41 70 70 50 75 62 6c 69
73 68 53 75 62 6d 69 73  73 69 6f 6e 20 7c 20 6e
75 6c 6c 3e 20 7b 0a 20  20 20 20 63 6f 6e 73 74
20 62 72 69 64 67 65 20  3d 20 28 67 6c 6f 62 61
6c 54 68 69 73 20 61 73  20 61 6e 79 29 3f 2e 77
69 6e 64 6f 77 3f 2e 67  6f 3f 2e 6d 61 69 6e 3f
2e 41 70 70 3f 2e 53 75  62 6d 69 74 4d 61 63 6c
61 77 41 70 70 50 61 63  6b 61 67 65 3b 0a 20 20
20 20 69 66 20 28 74 79  70 65 6f 66 20 62 72 69
64 67 65 20 21 3d 3d 20  27 66 75 6e 63 74 69 6f
6e 27 29 20 72 65 74 75  72 6e 20 6e 75 6c 6c 3b
0a 20 20 20 20 63 6f 6e  73 74 20 72 65 73 70 6f
6e 73 65 20 3d 20 61 77  61 69 74 20 62 72 69 64
67 65 28 4a 53 4f 4e 2e  73 74 72 69 6e 67 69 66
79 28 70 61 63 6b 61 67  65 4d 61 6e 69 66 65 73
74 29 29 3b 0a 20 20 20  20 63 6f 6e 73 74 20 70
61 79 6c 6f 61 64 20 3d  20 72 65 73 70 6f 6e 73
65 20 26 26 20 74 79 70  65 6f 66 20 72 65 73 70
6f 6e 73 65 20 3d 3d 3d  20 27 6f 62 6a 65 63 74
27 20 3f 20 72 65 73 70  6f 6e 73 65 20 3a 20 7b
7d 3b 0a 20 20 20 20 63  6f 6e 73 74 20 6e 6f 77
20 3d 20 6e 65 77 20 44  61 74 65 28 29 2e 74 6f
49 53 4f 53 74 72 69 6e  67 28 29 3b 0a 20 20 20
20 63 6f 6e 73 74 20 61  70 70 72 6f 76 65 64 53
63 6f 70 65 73 20 3d 20  70 61 72 73 65 53 74 72
69 6e 67 4c 69 73 74 28  70 61 79 6c 6f 61 64 2e
61 70 70 72 6f 76 65 64  5f 73 63 6f 70 65 73 20
7c 7c 20 70 61 79 6c 6f  61 64 2e 61 70 70 72 6f
76 65 64 53 63 6f 70 65  73 29 3b 0a 20 20 20 20
63 6f 6e 73 74 20 72 65  76 69 65 77 49 73 73 75
65 73 20 3d 20 70 61 72  73 65 52 65 76 69 65 77
49 73 73 75 65 73 28 70  61 79 6c 6f 61 64 2e 72
65 76 69 65 77 5f 69 73  73 75 65 73 20 7c 7c 20
70 61 79 6c 6f 61 64 2e  72 65 76 69 65 77 49 73
73 75 65 73 29 3b 0a 20  20 20 20 72 65 74 75 72
6e 20 7b 0a 20 20 20 20  20 20 20 20 69 64 3a 20
53 74 72 69 6e 67 28 70  61 79 6c 6f 61 64 2e 73
75 62 6d 69 73 73 69 6f  6e 5f 69 64 20 7c 7c 20
70 61 79 6c 6f 61 64 2e  73 75 62 6d 69 73 73 69
6f 6e 49 44 20 7c 7c 20  70 61 79 6c 6f 61 64 2e
69 64 20 7c 7c 20 60 6d  61 72 6b 65 74 2d 72 65
76 69 65 77 2d 24 7b 61  70 70 2e 69 64 7d 2d 24
7b 44 61 74 65 2e 6e 6f  77 28 29 2e 74 6f 53 74
72 69 6e 67 28 33 36 29  7d 60 29 2c 0a 20 20 20
20 20 20 20 20 61 70 70  49 44 3a 20 61 70 70 2e
69 64 2c 0a 20 20 20 20  20 20 20 20 73 75 62 6d
69 74 74 65 64 41 74 3a  20 53 74 72 69 6e 67 28
70 61 79 6c 6f 61 64 2e  73 75 62 6d 69 74 74 65
64 5f 61 74 20 7c 7c 20  70 61 79 6c 6f 61 64 2e
73 75 62 6d 69 74 74 65  64 41 74 20 7c 7c 20 6e
6f 77 29 2c 0a 20 20 20  20 20 20 20 20 73 74 61
74 75 73 3a 20 6e 6f 72  6d 61 6c 69 7a 65 50 75
62 6c 69 73 68 53 74 61  74 75 73 28 70 61 79 6c
6f 61 64 2e 73 74 61 74  75 73 29 20 7c 7c 20 27
73 75 62 6d 69 74 74 65  64 27 2c 0a 20 20 20 20
20 20 20 20 63 68 61 6e  6e 65 6c 3a 20 70 61 79
6c 6f 61 64 2e 63 68 61  6e 6e 65 6c 20 3d 3d 3d
20 27 6c 6f 63 61 6c 27  20 3f 20 27 6c 6f 63 61
6c 27 20 3a 20 27 68 75  62 27 2c 0a 20 20 20 20
20 20 20 20 72 65 76 69  65 77 65 64 41 74 3a 20
70 61 79 6c 6f 61 64 2e  72 65 76 69 65 77 65 64
5f 61 74 20 7c 7c 20 70  61 79 6c 6f 61 64 2e 72
65 76 69 65 77 65 64 41  74 2c 0a 20 20 20 20 20
20 20 20 70 75 62 6c 69  73 68 65 64 41 74 3a 20
70 61 79 6c 6f 61 64 2e  70 75 62 6c 69 73 68 65
64 5f 61 74 20 7c 7c 20  70 61 79 6c 6f 61 64 2e
70 75 62 6c 69 73 68 65  64 41 74 2c 0a 20 20 20
20 20 20 20 20 72 65 76  69 65 77 65 72 3a 20 70
61 79 6c 6f 61 64 2e 72  65 76 69 65 77 65 72 2c
0a 20 20 20 20 20 20 20  20 72 69 73 6b 4c 65 76
65 6c 3a 20 6e 6f 72 6d  61 6c 69 7a 65 52 69 73
6b 4c 65 76 65 6c 28 70  61 79 6c 6f 61 64 2e 72
69 73 6b 5f 6c 65 76 65  6c 20 7c 7c 20 70 61 79
6c 6f 61 64 2e 72 69 73  6b 4c 65 76 65 6c 29 2c
0a 20 20 20 20 20 20 20  20 61 70 70 72 6f 76 65
64 53 63 6f 70 65 73 3a  20 61 70 70 72 6f 76 65
64 53 63 6f 70 65 73 2e  6c 65 6e 67 74 68 20 3e
20 30 20 3f 20 61 70 70  72 6f 76 65 64 53 63 6f
70 65 73 20 3a 20 75 6e  64 65 66 69 6e 65 64 2c
0a 20 20 20 20 20 20 20  20 72 65 76 69 65 77 49
73 73 75 65 73 3a 20 72  65 76 69 65 77 49 73 73
75 65 73 2e 6c 65 6e 67  74 68 20 3e 20 30 20 3f
20 72 65 76 69 65 77 49  73 73 75 65 73 20 3a 20
75 6e 64 65 66 69 6e 65  64 2c 0a 20 20 20 20 20
20 20 20 76 65 72 73 69  6f 6e 3a 20 6e 6f 72 6d
61 6c 69 7a 65 41 70 70  56 65 72 73 69 6f 6e 28
70 61 79 6c 6f 61 64 2e  76 65 72 73 69 6f 6e 20
7c 7c 20 70 61 79 6c 6f  61 64 2e 61 70 70 5f 76
65 72 73 69 6f 6e 20 7c  7c 20 70 61 79 6c 6f 61
64 2e 61 70 70 56 65 72  73 69 6f 6e 20 7c 7c 20
61 70 70 2e 76 65 72 73  69 6f 6e 29 2c 0a 20 20
20 20 20 20 20 20 6d 65  73 73 61 67 65 3a 20 70
61 79 6c 6f 61 64 2e 6d  65 73 73 61 67 65 2c 0a
20 20 20 20 7d 3b 0a 7d  0a 0a 66 75 6e 63 74 69
6f 6e 20 70 61 72 73 65  53 74 72 69 6e 67 4c 69
73 74 28 76 61 6c 75 65  3a 20 75 6e 6b 6e 6f 77
6e 29 3a 20 73 74 72 69  6e 67 5b 5d 20 7b 0a 20
20 20 20 69 66 20 28 21  41 72 72 61 79 2e 69 73
41 72 72 61 79 28 76 61  6c 75 65 29 29 20 72 65
74 75 72 6e 20 5b 5d 3b  0a 20 20 20 20 72 65 74
75 72 6e 20 41 72 72 61  79 2e 66 72 6f 6d 28 6e
65 77 20 53 65 74 28 76  61 6c 75 65 2e 6d 61 70
28 28 69 74 65 6d 29 20  3d 3e 20 53 74 72 69 6e
67 28 69 74 65 6d 20 7c  7c 20 27 27 29 2e 74 72
69 6d 28 29 29 2e 66 69  6c 74 65 72 28 42 6f 6f
6c 65 61 6e 29 29 29 3b  0a 7d 0a 0a 66 75 6e 63
74 69 6f 6e 20 6e 6f 72  6d 61 6c 69 7a 65 52 69
73 6b 4c 65 76 65 6c 28  76 61 6c 75 65 3a 20 75
6e 6b 6e 6f 77 6e 29 3a  20 73 74 72 69 6e 67 20
7b 0a 20 20 20 20 63 6f  6e 73 74 20 72 69 73 6b
20 3d 20 53 74 72 69 6e  67 28 76 61 6c 75 65 20
7c 7c 20 27 27 29 2e 74  72 69 6d 28 29 3b 0a 20
20 20 20 72 65 74 75 72  6e 20 5b 27 6c 6f 77 27
2c 20 27 6d 65 64 69 75  6d 27 2c 20 27 68 69 67
68 27 2c 20 27 63 72 69  74 69 63 61 6c 27 5d 2e
69 6e 63 6c 75 64 65 73  28 72 69 73 6b 29 20 3f
20 72 69 73 6b 20 3a 20  27 27 3b 0a 7d 0a 0a 66
75 6e 63 74 69 6f 6e 20  70 61 72 73 65 52 65 76
69 65 77 49 73 73 75 65  73 28 76 61 6c 75 65 3a
20 75 6e 6b 6e 6f 77 6e  29 3a 20 41 70 70 52 65
76 69 65 77 49 73 73 75  65 5b 5d 20 7b 0a 20 20
20 20 69 66 20 28 21 41  72 72 61 79 2e 69 73 41
72 72 61 79 28 76 61 6c  75 65 29 29 20 72 65 74
75 72 6e 20 5b 5d 3b 0a  20 20 20 20 72 65 74 75
72 6e 20 76 61 6c 75 65  2e 6d 61 70 28 28 69 74
65 6d 29 20 3d 3e 20 7b  0a 20 20 20 20 20 20 20
20 63 6f 6e 73 74 20 69  73 73 75 65 20 3d 20 69
74 65 6d 20 26 26 20 74  79 70 65 6f 66 20 69 74
65 6d 20 3d 3d 3d 20 27  6f 62 6a 65 63 74 27 20
3f 20 69 74 65 6d 20 61  73 20 52 65 63 6f 72 64
3c 73 74 72 69 6e 67 2c  20 75 6e 6b 6e 6f 77 6e
3e 20 3a 20 7b 7d 3b 0a  20 20 20 20 20 20 20 20
72 65 74 75 72 6e 20 7b  0a 20 20 20 20 20 20 20
20 20 20 20 20 70 61 74  68 3a 20 53 74 72 69 6e
67 28 69 73 73 75 65 2e  70 61 74 68 20 7c 7c 20
27 27 29 2e 74 72 69 6d  28 29 20 7c 7c 20 75 6e
64 65 66 69 6e 65 64 2c  0a 20 20 20 20 20 20 20
20 20 20 20 20 73 65 76  65 72 69 74 79 3a 20 53
74 72 69 6e 67 28 69 73  73 75 65 2e 73 65 76 65
72 69 74 79 20 7c 7c 20  27 27 29 2e 74 72 69 6d
28 29 20 7c 7c 20 75 6e  64 65 66 69 6e 65 64 2c
0a 20 20 20 20 20 20 20  20 20 20 20 20 6d 65 73
73 61 67 65 3a 20 53 74  72 69 6e 67 28 69 73 73
75 65 2e 6d 65 73 73 61  67 65 20 7c 7c 20 27 27
29 2e 74 72 69 6d 28 29  2c 0a 20 20 20 20 20 20
20 20 20 20 20 20 73 75  67 67 65 73 74 69 6f 6e
3a 20 53 74 72 69 6e 67  28 69 73 73 75 65 2e 73
75 67 67 65 73 74 69 6f  6e 20 7c 7c 20 27 27 29
2e 74 72 69 6d 28 29 20  7c 7c 20 75 6e 64 65 66
69 6e 65 64 2c 0a 20 20  20 20 20 20 20 20 7d 3b
0a 20 20 20 20 7d 29 2e  66 69 6c 74 65 72 28 28
69 73 73 75 65 29 20 3d  3e 20 69 73 73 75 65 2e
6d 65 73 73 61 67 65 29  3b 0a 7d 0a 0a 66 75 6e
63 74 69 6f 6e 20 72 65  76 69 65 77 49 73 73 75
65 53 75 6d 6d 61 72 79  28 69 73 73 75 65 3a 20
41 70 70 52 65 76 69 65  77 49 73 73 75 65 29 20
7b 0a 20 20 20 20 72 65  74 75 72 6e 20 5b 69 73
73 75 65 2e 73 65 76 65  72 69 74 79 2c 20 69 73
73 75 65 2e 70 61 74 68  2c 20 69 73 73 75 65 2e
6d 65 73 73 61 67 65 2c  20 69 73 73 75 65 2e 73
75 67 67 65 73 74 69 6f  6e 5d 0a 20 20 20 20 20
20 20 20 2e 6d 61 70 28  28 76 61 6c 75 65 29 20
3d 3e 20 53 74 72 69 6e  67 28 76 61 6c 75 65 20
7c 7c 20 27 27 29 2e 74  72 69 6d 28 29 29 0a 20
20 20 20 20 20 20 20 2e  66 69 6c 74 65 72 28 42
6f 6f 6c 65 61 6e 29 0a  20 20 20 20 20 20 20 20
2e 6a 6f 69 6e 28 27 20  c2 b7 20 27 29 3b 0a 7d
0a 0a 66 75 6e 63 74 69  6f 6e 20 72 65 76 69 65
77 49 73 73 75 65 73 53  75 6d 6d 61 72 79 28 69
73 73 75 65 73 3a 20 41  70 70 52 65 76 69 65 77
49 73 73 75 65 5b 5d 2c  20 74 65 78 74 3a 20 74
79 70 65 6f 66 20 6c 61  62 65 6c 73 2e 7a 68 29
20 7b 0a 20 20 20 20 63  6f 6e 73 74 20 76 69 73
69 62 6c 65 20 3d 20 69  73 73 75 65 73 2e 73 6c
69 63 65 28 30 2c 20 33  29 2e 6d 61 70 28 72 65
76 69 65 77 49 73 73 75  65 53 75 6d 6d 61 72 79
29 2e 66 69 6c 74 65 72  28 42 6f 6f 6c 65 61 6e
29 3b 0a 20 20 20 20 63  6f 6e 73 74 20 72 65 6d
61 69 6e 69 6e 67 20 3d  20 69 73 73 75 65 73 2e
6c 65 6e 67 74 68 20 2d  20 76 69 73 69 62 6c 65
2e 6c 65 6e 67 74 68 3b  0a 20 20 20 20 72 65 74
75 72 6e 20 5b 0a 20 20  20 20 20 20 20 20 2e 2e
2e 76 69 73 69 62 6c 65  2c 0a 20 20 20 20 20 20
20 20 72 65 6d 61 69 6e  69 6e 67 20 3e 20 30 20
3f 20 60 24 7b 74 65 78  74 2e 72 65 76 69 65 77
49 73 73 75 65 73 4d 6f  72 65 7d 20 24 7b 72 65
6d 61 69 6e 69 6e 67 7d  20 24 7b 74 65 78 74 2e
72 65 76 69 65 77 49 73  73 75 65 73 4d 6f 72 65
55 6e 69 74 7d 60 20 3a  20 27 27 2c 0a 20 20 20
20 5d 2e 66 69 6c 74 65  72 28 42 6f 6f 6c 65 61
6e 29 2e 6a 6f 69 6e 28  27 ef bc 3f 29 3b 0a 7d
0a 0a 66 75 6e 63 74 69  6f 6e 20 70 61 63 6b 61
67 65 41 70 70 4e 61 6d  65 73 46 72 6f 6d 52 65
63 6f 72 64 28 72 65 63  6f 72 64 3a 20 52 65 63
6f 72 64 3c 73 74 72 69  6e 67 2c 20 75 6e 6b 6e
6f 77 6e 3e 20 7c 20 6e  75 6c 6c 29 3a 20 73 74
72 69 6e 67 5b 5d 20 7b  0a 20 20 20 20 63 6f 6e
73 74 20 70 6b 67 20 3d  20 72 65 63 6f 72 64 3f
2e 70 61 63 6b 61 67 65  20 7c 7c 20 72 65 63 6f
72 64 3f 2e 50 61 63 6b  61 67 65 3b 0a 20 20 20
20 63 6f 6e 73 74 20 61  70 70 73 20 3d 20 70 6b
67 20 26 26 20 74 79 70  65 6f 66 20 70 6b 67 20
3d 3d 3d 20 27 6f 62 6a  65 63 74 27 20 26 26 20
21 41 72 72 61 79 2e 69  73 41 72 72 61 79 28 70
6b 67 29 20 3f 20 28 70  6b 67 20 61 73 20 52 65
63 6f 72 64 3c 73 74 72  69 6e 67 2c 20 75 6e 6b
6e 6f 77 6e 3e 29 2e 61  70 70 73 20 3a 20 5b 5d
3b 0a 20 20 20 20 69 66  20 28 21 41 72 72 61 79
2e 69 73 41 72 72 61 79  28 61 70 70 73 29 29 20
72 65 74 75 72 6e 20 5b  5d 3b 0a 20 20 20 20 72
65 74 75 72 6e 20 61 70  70 73 2e 6d 61 70 28 28
69 74 65 6d 29 20 3d 3e  20 7b 0a 20 20 20 20 20
20 20 20 63 6f 6e 73 74  20 77 72 61 70 70 65 72
20 3d 20 69 74 65 6d 20  26 26 20 74 79 70 65 6f
66 20 69 74 65 6d 20 3d  3d 3d 20 27 6f 62 6a 65
63 74 27 20 3f 20 69 74  65 6d 20 61 73 20 52 65
63 6f 72 64 3c 73 74 72  69 6e 67 2c 20 75 6e 6b
6e 6f 77 6e 3e 20 3a 20  7b 7d 3b 0a 20 20 20 20
20 20 20 20 63 6f 6e 73  74 20 61 70 70 20 3d 20
77 72 61 70 70 65 72 2e  61 70 70 20 26 26 20 74
79 70 65 6f 66 20 77 72  61 70 70 65 72 2e 61 70
70 20 3d 3d 3d 20 27 6f  62 6a 65 63 74 27 20 3f
20 77 72 61 70 70 65 72  2e 61 70 70 20 61 73 20
52 65 63 6f 72 64 3c 73  74 72 69 6e 67 2c 20 75
6e 6b 6e 6f 77 6e 3e 20  3a 20 7b 7d 3b 0a 20 20
20 20 20 20 20 20 72 65  74 75 72 6e 20 53 74 72
69 6e 67 28 61 70 70 2e  6e 61 6d 65 20 7c 7c 20
61 70 70 2e 69 64 20 7c  7c 20 27 27 29 2e 74 72
69 6d 28 29 3b 0a 20 20  20 20 7d 29 2e 66 69 6c
74 65 72 28 42 6f 6f 6c  65 61 6e 29 3b 0a 7d 0a
0a 66 75 6e 63 74 69 6f  6e 20 65 76 65 6e 74 53
75 6d 6d 61 72 69 65 73  46 72 6f 6d 52 65 63 6f
72 64 28 72 65 63 6f 72  64 3a 20 52 65 63 6f 72
64 3c 73 74 72 69 6e 67  2c 20 75 6e 6b 6e 6f 77
6e 3e 20 7c 20 6e 75 6c  6c 29 3a 20 73 74 72 69
6e 67 5b 5d 20 7b 0a 20  20 20 20 63 6f 6e 73 74
20 65 76 65 6e 74 73 20  3d 20 72 65 63 6f 72 64
3f 2e 65 76 65 6e 74 73  20 7c 7c 20 72 65 63 6f
72 64 3f 2e 45 76 65 6e  74 73 3b 0a 20 20 20 20
69 66 20 28 21 41 72 72  61 79 2e 69 73 41 72 72
61 79 28 65 76 65 6e 74  73 29 29 20 72 65 74 75
72 6e 20 5b 5d 3b 0a 20  20 20 20 72 65 74 75 72
6e 20 65 76 65 6e 74 73  2e 73 6c 69 63 65 28 30
2c 20 33 29 2e 6d 61 70  28 28 69 74 65 6d 29 20
3d 3e 20 7b 0a 20 20 20  20 20 20 20 20 63 6f 6e
73 74 20 65 76 65 6e 74  20 3d 20 69 74 65 6d 20
26 26 20 74 79 70 65 6f  66 20 69 74 65 6d 20 3d
3d 3d 20 27 6f 62 6a 65  63 74 27 20 3f 20 69 74
65 6d 20 61 73 20 52 65  63 6f 72 64 3c 73 74 72
69 6e 67 2c 20 75 6e 6b  6e 6f 77 6e 3e 20 3a 20
7b 7d 3b 0a 20 20 20 20  20 20 20 20 72 65 74 75
72 6e 20 5b 65 76 65 6e  74 2e 61 74 2c 20 65 76
65 6e 74 2e 73 74 61 74  75 73 2c 20 65 76 65 6e
74 2e 63 68 61 6e 6e 65  6c 2c 20 65 76 65 6e 74
2e 73 75 62 6d 69 73 73  69 6f 6e 5f 69 64 20 7c
7c 20 65 76 65 6e 74 2e  73 75 62 6d 69 73 73 69
6f 6e 49 44 5d 0a 20 20  20 20 20 20 20 20 20 20
20 20 2e 6d 61 70 28 28  76 61 6c 75 65 29 20 3d
3e 20 53 74 72 69 6e 67  28 76 61 6c 75 65 20 7c
7c 20 27 27 29 2e 74 72  69 6d 28 29 29 0a 20 20
20 20 20 20 20 20 20 20  20 20 2e 66 69 6c 74 65
72 28 42 6f 6f 6c 65 61  6e 29 0a 20 20 20 20 20
20 20 20 20 20 20 20 2e  6a 6f 69 6e 28 27 20 c2
b7 20 27 29 3b 0a 20 20  20 20 7d 29 2e 66 69 6c
74 65 72 28 42 6f 6f 6c  65 61 6e 29 3b 0a 7d 0a
0a 61 73 79 6e 63 20 66  75 6e 63 74 69 6f 6e 20
6c 69 73 74 4d 61 63 6c  61 77 41 70 70 50 61 63
6b 61 67 65 53 75 62 6d  69 73 73 69 6f 6e 73 28
6c 69 6d 69 74 20 3d 20  38 29 3a 20 50 72 6f 6d
69 73 65 3c 41 70 70 50  61 63 6b 61 67 65 53 75
62 6d 69 73 73 69 6f 6e  53 75 6d 6d 61 72 79 5b
5d 20 7c 20 6e 75 6c 6c  3e 20 7b 0a 20 20 20 20
63 6f 6e 73 74 20 62 72  69 64 67 65 20 3d 20 28
67 6c 6f 62 61 6c 54 68  69 73 20 61 73 20 61 6e
79 29 3f 2e 77 69 6e 64  6f 77 3f 2e 67 6f 3f 2e
6d 61 69 6e 3f 2e 41 70  70 3f 2e 4c 69 73 74 4d
61 63 6c 61 77 41 70 70  50 61 63 6b 61 67 65 53
75 62 6d 69 73 73 69 6f  6e 73 3b 0a 20 20 20 20
69 66 20 28 74 79 70 65  6f 66 20 62 72 69 64 67
65 20 21 3d 3d 20 27 66  75 6e 63 74 69 6f 6e 27
29 20 72 65 74 75 72 6e  20 6e 75 6c 6c 3b 0a 20
20 20 20 63 6f 6e 73 74  20 72 65 73 70 6f 6e 73
65 20 3d 20 61 77 61 69  74 20 62 72 69 64 67 65
28 6c 69 6d 69 74 29 3b  0a 20 20 20 20 69 66 20
28 21 41 72 72 61 79 2e  69 73 41 72 72 61 79 28
72 65 73 70 6f 6e 73 65  29 29 20 72 65 74 75 72
6e 20 5b 5d 3b 0a 20 20  20 20 72 65 74 75 72 6e
20 72 65 73 70 6f 6e 73  65 2e 6d 61 70 28 28 69
74 65 6d 29 20 3d 3e 20  28 7b 0a 20 20 20 20 20
20 20 20 73 75 62 6d 69  73 73 69 6f 6e 49 44 3a
20 53 74 72 69 6e 67 28  69 74 65 6d 3f 2e 73 75
62 6d 69 73 73 69 6f 6e  5f 69 64 20 7c 7c 20 69
74 65 6d 3f 2e 73 75 62  6d 69 73 73 69 6f 6e 49
44 20 7c 7c 20 27 27 29  2c 0a 20 20 20 20 20 20
20 20 73 75 62 6d 69 74  74 65 64 41 74 3a 20 53
74 72 69 6e 67 28 69 74  65 6d 3f 2e 73 75 62 6d
69 74 74 65 64 5f 61 74  20 7c 7c 20 69 74 65 6d
3f 2e 73 75 62 6d 69 74  74 65 64 41 74 20 7c 7c
20 27 27 29 2c 0a 20 20  20 20 20 20 20 20 73 74
61 74 75 73 3a 20 53 74  72 69 6e 67 28 69 74 65
6d 3f 2e 73 74 61 74 75  73 20 7c 7c 20 27 27 29
2c 0a 20 20 20 20 20 20  20 20 63 68 61 6e 6e 65
6c 3a 20 53 74 72 69 6e  67 28 69 74 65 6d 3f 2e
63 68 61 6e 6e 65 6c 20  7c 7c 20 27 27 29 2c 0a
20 20 20 20 20 20 20 20  61 70 70 49 44 73 3a 20
41 72 72 61 79 2e 69 73  41 72 72 61 79 28 69 74
65 6d 3f 2e 61 70 70 5f  69 64 73 29 0a 20 20 20
20 20 20 20 20 20 20 20  20 3f 20 69 74 65 6d 2e
61 70 70 5f 69 64 73 2e  6d 61 70 28 28 76 61 6c
75 65 3a 20 75 6e 6b 6e  6f 77 6e 29 20 3d 3e 20
53 74 72 69 6e 67 28 76  61 6c 75 65 29 29 2e 66
69 6c 74 65 72 28 42 6f  6f 6c 65 61 6e 29 0a 20
20 20 20 20 20 20 20 20  20 20 20 3a 20 41 72 72
61 79 2e 69 73 41 72 72  61 79 28 69 74 65 6d 3f
2e 61 70 70 49 44 73 29  0a 20 20 20 20 20 20 20
20 20 20 20 20 20 20 20  20 3f 20 69 74 65 6d 2e
61 70 70 49 44 73 2e 6d  61 70 28 28 76 61 6c 75
65 3a 20 75 6e 6b 6e 6f  77 6e 29 20 3d 3e 20 53
74 72 69 6e 67 28 76 61  6c 75 65 29 29 2e 66 69
6c 74 65 72 28 42 6f 6f  6c 65 61 6e 29 0a 20 20
20 20 20 20 20 20 20 20  20 20 20 20 20 20 3a 20
5b 5d 2c 0a 20 20 20 20  20 20 20 20 61 70 70 4e
61 6d 65 73 3a 20 41 72  72 61 79 2e 69 73 41 72
72 61 79 28 69 74 65 6d  3f 2e 61 70 70 5f 6e 61
6d 65 73 29 0a 20 20 20  20 20 20 20 20 20 20 20
20 3f 20 69 74 65 6d 2e  61 70 70 5f 6e 61 6d 65
73 2e 6d 61 70 28 28 76  61 6c 75 65 3a 20 75 6e
6b 6e 6f 77 6e 29 20 3d  3e 20 53 74 72 69 6e 67
28 76 61 6c 75 65 29 29  2e 66 69 6c 74 65 72 28
42 6f 6f 6c 65 61 6e 29  0a 20 20 20 20 20 20 20
20 20 20 20 20 3a 20 41  72 72 61 79 2e 69 73 41
72 72 61 79 28 69 74 65  6d 3f 2e 61 70 70 4e 61
6d 65 73 29 0a 20 20 20  20 20 20 20 20 20 20 20
20 20 20 20 20 3f 20 69  74 65 6d 2e 61 70 70 4e
61 6d 65 73 2e 6d 61 70  28 28 76 61 6c 75 65 3a
20 75 6e 6b 6e 6f 77 6e  29 20 3d 3e 20 53 74 72
69 6e 67 28 76 61 6c 75  65 29 29 2e 66 69 6c 74
65 72 28 42 6f 6f 6c 65  61 6e 29 0a 20 20 20 20
20 20 20 20 20 20 20 20  20 20 20 20 3a 20 5b 5d
2c 0a 20 20 20 20 20 20  20 20 70 61 63 6b 61 67
65 53 48 41 3a 20 53 74  72 69 6e 67 28 69 74 65
6d 3f 2e 70 61 63 6b 61  67 65 5f 73 68 61 32 35
36 20 7c 7c 20 69 74 65  6d 3f 2e 70 61 63 6b 61
67 65 53 48 41 20 7c 7c  20 27 27 29 2c 0a 20 20
20 20 20 20 20 20 70 61  63 6b 61 67 65 42 79 74
65 73 3a 20 4e 75 6d 62  65 72 28 69 74 65 6d 3f
2e 70 61 63 6b 61 67 65  5f 62 79 74 65 73 20 7c
7c 20 69 74 65 6d 3f 2e  70 61 63 6b 61 67 65 42
79 74 65 73 20 7c 7c 20  30 29 20 7c 7c 20 30 2c
0a 20 20 20 20 20 20 20  20 72 65 76 69 65 77 65
64 41 74 3a 20 53 74 72  69 6e 67 28 69 74 65 6d
3f 2e 72 65 76 69 65 77  65 64 5f 61 74 20 7c 7c
20 69 74 65 6d 3f 2e 72  65 76 69 65 77 65 64 41
74 20 7c 7c 20 27 27 29  2c 0a 20 20 20 20 20 20
20 20 70 75 62 6c 69 73  68 65 64 41 74 3a 20 53
74 72 69 6e 67 28 69 74  65 6d 3f 2e 70 75 62 6c
69 73 68 65 64 5f 61 74  20 7c 7c 20 69 74 65 6d
3f 2e 70 75 62 6c 69 73  68 65 64 41 74 20 7c 7c
20 27 27 29 2c 0a 20 20  20 20 20 20 20 20 72 65
76 69 65 77 65 72 3a 20  53 74 72 69 6e 67 28 69
74 65 6d 3f 2e 72 65 76  69 65 77 65 72 20 7c 7c
20 27 27 29 2c 0a 20 20  20 20 20 20 20 20 72 69
73 6b 4c 65 76 65 6c 3a  20 6e 6f 72 6d 61 6c 69
7a 65 52 69 73 6b 4c 65  76 65 6c 28 69 74 65 6d
3f 2e 72 69 73 6b 5f 6c  65 76 65 6c 20 7c 7c 20
69 74 65 6d 3f 2e 72 69  73 6b 4c 65 76 65 6c 29
2c 0a 20 20 20 20 20 20  20 20 61 70 70 72 6f 76
65 64 53 63 6f 70 65 73  3a 20 70 61 72 73 65 53
74 72 69 6e 67 4c 69 73  74 28 69 74 65 6d 3f 2e
61 70 70 72 6f 76 65 64  5f 73 63 6f 70 65 73 20
7c 7c 20 69 74 65 6d 3f  2e 61 70 70 72 6f 76 65
64 53 63 6f 70 65 73 29  2c 0a 20 20 20 20 20 20
20 20 72 65 76 69 65 77  49 73 73 75 65 73 3a 20
70 61 72 73 65 52 65 76  69 65 77 49 73 73 75 65
73 28 69 74 65 6d 3f 2e  72 65 76 69 65 77 5f 69
73 73 75 65 73 20 7c 7c  20 69 74 65 6d 3f 2e 72
65 76 69 65 77 49 73 73  75 65 73 29 2c 0a 20 20
20 20 20 20 20 20 65 76  65 6e 74 43 6f 75 6e 74
3a 20 4e 75 6d 62 65 72  28 69 74 65 6d 3f 2e 65
76 65 6e 74 5f 63 6f 75  6e 74 20 7c 7c 20 69 74
65 6d 3f 2e 65 76 65 6e  74 43 6f 75 6e 74 20 7c
7c 20 30 29 20 7c 7c 20  30 2c 0a 20 20 20 20 20
20 20 20 6c 61 73 74 45  76 65 6e 74 41 74 3a 20
53 74 72 69 6e 67 28 69  74 65 6d 3f 2e 6c 61 73
74 5f 65 76 65 6e 74 5f  61 74 20 7c 7c 20 69 74
65 6d 3f 2e 6c 61 73 74  45 76 65 6e 74 41 74 20
7c 7c 20 27 27 29 2c 0a  20 20 20 20 20 20 20 20
6d 65 73 73 61 67 65 3a  20 53 74 72 69 6e 67 28
69 74 65 6d 3f 2e 6d 65  73 73 61 67 65 20 7c 7c
20 27 27 29 2c 0a 20 20  20 20 7d 29 29 2e 66 69
6c 74 65 72 28 28 69 74  65 6d 29 20 3d 3e 20 69
74 65 6d 2e 73 75 62 6d  69 73 73 69 6f 6e 49 44
29 3b 0a 7d 0a 0a 66 75  6e 63 74 69 6f 6e 20 68
61 73 4d 61 63 6c 61 77  41 70 70 50 61 63 6b 61
67 65 53 75 62 6d 69 73  73 69 6f 6e 44 65 74 61
69 6c 42 72 69 64 67 65  28 29 20 7b 0a 20 20 20
20 72 65 74 75 72 6e 20  74 79 70 65 6f 66 20 28
67 6c 6f 62 61 6c 54 68  69 73 20 61 73 20 61 6e
79 29 3f 2e 77 69 6e 64  6f 77 3f 2e 67 6f 3f 2e
6d 61 69 6e 3f 2e 41 70  70 3f 2e 47 65 74 4d 61
63 6c 61 77 41 70 70 50  61 63 6b 61 67 65 53 75
62 6d 69 73 73 69 6f 6e  20 3d 3d 3d 20 27 66 75
6e 63 74 69 6f 6e 27 3b  0a 7d 0a 0a 61 73 79 6e
63 20 66 75 6e 63 74 69  6f 6e 20 67 65 74 4d 61
63 6c 61 77 41 70 70 50  61 63 6b 61 67 65 53 75
62 6d 69 73 73 69 6f 6e  50 61 63 6b 61 67 65 28
73 75 62 6d 69 73 73 69  6f 6e 49 44 3a 20 73 74
72 69 6e 67 29 3a 20 50  72 6f 6d 69 73 65 3c 52
65 63 6f 72 64 3c 73 74  72 69 6e 67 2c 20 75 6e
6b 6e 6f 77 6e 3e 20 7c  20 6e 75 6c 6c 3e 20 7b
0a 20 20 20 20 63 6f 6e  73 74 20 72 65 73 70 6f
6e 73 65 20 3d 20 61 77  61 69 74 20 67 65 74 4d
61 63 6c 61 77 41 70 70  50 61 63 6b 61 67 65 53
75 62 6d 69 73 73 69 6f  6e 52 65 63 6f 72 64 28
73 75 62 6d 69 73 73 69  6f 6e 49 44 29 3b 0a 20
20 20 20 69 66 20 28 21  72 65 73 70 6f 6e 73 65
29 20 72 65 74 75 72 6e  20 6e 75 6c 6c 3b 0a 20
20 20 20 63 6f 6e 73 74  20 70 6b 67 20 3d 20 72
65 73 70 6f 6e 73 65 2e  70 61 63 6b 61 67 65 20
7c 7c 20 72 65 73 70 6f  6e 73 65 2e 50 61 63 6b
61 67 65 3b 0a 20 20 20  20 72 65 74 75 72 6e 20
70 6b 67 20 26 26 20 74  79 70 65 6f 66 20 70 6b
67 20 3d 3d 3d 20 27 6f  62 6a 65 63 74 27 20 26
26 20 21 41 72 72 61 79  2e 69 73 41 72 72 61 79
28 70 6b 67 29 20 3f 20  70 6b 67 20 61 73 20 52
65 63 6f 72 64 3c 73 74  72 69 6e 67 2c 20 75 6e
6b 6e 6f 77 6e 3e 20 3a  20 6e 75 6c 6c 3b 0a 7d
0a 0a 61 73 79 6e 63 20  66 75 6e 63 74 69 6f 6e
20 67 65 74 4d 61 63 6c  61 77 41 70 70 50 61 63
6b 61 67 65 53 75 62 6d  69 73 73 69 6f 6e 52 65
63 6f 72 64 28 73 75 62  6d 69 73 73 69 6f 6e 49
44 3a 20 73 74 72 69 6e  67 29 3a 20 50 72 6f 6d
69 73 65 3c 52 65 63 6f  72 64 3c 73 74 72 69 6e
67 2c 20 75 6e 6b 6e 6f  77 6e 3e 20 7c 20 6e 75
6c 6c 3e 20 7b 0a 20 20  20 20 63 6f 6e 73 74 20
62 72 69 64 67 65 20 3d  20 28 67 6c 6f 62 61 6c
54 68 69 73 20 61 73 20  61 6e 79 29 3f 2e 77 69
6e 64 6f 77 3f 2e 67 6f  3f 2e 6d 61 69 6e 3f 2e
41 70 70 3f 2e 47 65 74  4d 61 63 6c 61 77 41 70
70 50 61 63 6b 61 67 65  53 75 62 6d 69 73 73 69
6f 6e 3b 0a 20 20 20 20  69 66 20 28 74 79 70 65
6f 66 20 62 72 69 64 67  65 20 21 3d 3d 20 27 66
75 6e 63 74 69 6f 6e 27  20 7c 7c 20 21 73 75 62
6d 69 73 73 69 6f 6e 49  44 29 20 72 65 74 75 72
6e 20 6e 75 6c 6c 3b 0a  20 20 20 20 63 6f 6e 73
74 20 72 65 73 70 6f 6e  73 65 20 3d 20 61 77 61
69 74 20 62 72 69 64 67  65 28 73 75 62 6d 69 73
73 69 6f 6e 49 44 29 3b  0a 20 20 20 20 69 66 20
28 21 72 65 73 70 6f 6e  73 65 20 7c 7c 20 74 79
70 65 6f 66 20 72 65 73  70 6f 6e 73 65 20 21 3d
3d 20 27 6f 62 6a 65 63  74 27 29 20 72 65 74 75
72 6e 20 6e 75 6c 6c 3b  0a 20 20 20 20 72 65 74
75 72 6e 20 72 65 73 70  6f 6e 73 65 20 61 73 20
52 65 63 6f 72 64 3c 73  74 72 69 6e 67 2c 20 75
6e 6b 6e 6f 77 6e 3e 3b  0a 7d 0a 0a 61 73 79 6e
63 20 66 75 6e 63 74 69  6f 6e 20 77 69 74 68 64
72 61 77 4d 61 63 6c 61  77 41 70 70 50 61 63 6b
61 67 65 53 75 62 6d 69  73 73 69 6f 6e 28 73 75
62 6d 69 73 73 69 6f 6e  49 44 3a 20 73 74 72 69
6e 67 29 3a 20 50 72 6f  6d 69 73 65 3c 62 6f 6f
6c 65 61 6e 20 7c 20 6e  75 6c 6c 3e 20 7b 0a 20
20 20 20 63 6f 6e 73 74  20 62 72 69 64 67 65 20
3d 20 28 67 6c 6f 62 61  6c 54 68 69 73 20 61 73
20 61 6e 79 29 3f 2e 77  69 6e 64 6f 77 3f 2e 67
6f 3f 2e 6d 61 69 6e 3f  2e 41 70 70 3f 2e 57 69
74 68 64 72 61 77 4d 61  63 6c 61 77 41 70 70 50
61 63 6b 61 67 65 53 75  62 6d 69 73 73 69 6f 6e
3b 0a 20 20 20 20 69 66  20 28 74 79 70 65 6f 66
20 62 72 69 64 67 65 20  21 3d 3d 20 27 66 75 6e
63 74 69 6f 6e 27 20 7c  7c 20 21 73 75 62 6d 69
73 73 69 6f 6e 49 44 29  20 72 65 74 75 72 6e 20
6e 75 6c 6c 3b 0a 20 20  20 20 72 65 74 75 72 6e
20 21 21 28 61 77 61 69  74 20 62 72 69 64 67 65
28 73 75 62 6d 69 73 73  69 6f 6e 49 44 29 29 3b
0a 7d 0a 0a 66 75 6e 63  74 69 6f 6e 20 6e 6f 72
6d 61 6c 69 7a 65 50 75  62 6c 69 73 68 53 74 61
74 75 73 28 76 61 6c 75  65 3a 20 75 6e 6b 6e 6f
77 6e 29 3a 20 41 70 70  50 75 62 6c 69 73 68 53
74 61 74 75 73 20 7c 20  27 27 20 7b 0a 20 20 20
20 63 6f 6e 73 74 20 73  74 61 74 75 73 20 3d 20
53 74 72 69 6e 67 28 76  61 6c 75 65 20 7c 7c 20
27 27 29 2e 74 72 69 6d  28 29 3b 0a 20 20 20 20
72 65 74 75 72 6e 20 73  74 61 74 75 73 20 3d 3d
3d 20 27 73 75 62 6d 69  74 74 65 64 27 20 7c 7c
20 73 74 61 74 75 73 20  3d 3d 3d 20 27 72 65 76
69 65 77 5f 66 61 69 6c  65 64 27 20 7c 7c 20 73
74 61 74 75 73 20 3d 3d  3d 20 27 61 70 70 72 6f
76 65 64 27 20 7c 7c 20  73 74 61 74 75 73 20 3d
3d 3d 20 27 70 75 62 6c  69 73 68 65 64 27 20 7c
7c 20 73 74 61 74 75 73  20 3d 3d 3d 20 27 64 65
70 72 65 63 61 74 65 64  27 20 7c 7c 20 73 74 61
74 75 73 20 3d 3d 3d 20  27 72 65 76 6f 6b 65 64
27 0a 20 20 20 20 20 20  20 20 3f 20 73 74 61 74
75 73 0a 20 20 20 20 20  20 20 20 3a 20 27 27 3b
0a 7d 0a 0a 66 75 6e 63  74 69 6f 6e 20 66 6f 72
6d 61 74 50 61 63 6b 61  67 65 42 79 74 65 73 28
62 79 74 65 73 3a 20 6e  75 6d 62 65 72 29 20 7b
0a 20 20 20 20 69 66 20  28 21 4e 75 6d 62 65 72
2e 69 73 46 69 6e 69 74  65 28 62 79 74 65 73 29
20 7c 7c 20 62 79 74 65  73 20 3c 3d 20 30 29 20
72 65 74 75 72 6e 20 27  27 3b 0a 20 20 20 20 69
66 20 28 62 79 74 65 73  20 3c 20 31 30 32 34 29
20 72 65 74 75 72 6e 20  60 24 7b 62 79 74 65 73
7d 20 42 60 3b 0a 20 20  20 20 69 66 20 28 62 79
74 65 73 20 3c 20 31 30  32 34 20 2a 20 31 30 32
34 29 20 72 65 74 75 72  6e 20 60 24 7b 28 62 79
74 65 73 20 2f 20 31 30  32 34 29 2e 74 6f 46 69
78 65 64 28 31 29 7d 20  4b 42 60 3b 0a 20 20 20
20 72 65 74 75 72 6e 20  60 24 7b 28 62 79 74 65
73 20 2f 20 31 30 32 34  20 2f 20 31 30 32 34 29
2e 74 6f 46 69 78 65 64  28 31 29 7d 20 4d 42 60
3b 0a 7d 0a 0a 66 75 6e  63 74 69 6f 6e 20 6d 65
72 67 65 50 75 62 6c 69  73 68 53 75 62 6d 69 73
73 69 6f 6e 73 46 72 6f  6d 51 75 65 75 65 28 63
75 72 72 65 6e 74 3a 20  52 65 63 6f 72 64 3c 73
74 72 69 6e 67 2c 20 41  70 70 50 75 62 6c 69 73
68 53 75 62 6d 69 73 73  69 6f 6e 3e 2c 20 73 75
6d 6d 61 72 69 65 73 3a  20 41 70 70 50 61 63 6b
61 67 65 53 75 62 6d 69  73 73 69 6f 6e 53 75 6d
6d 61 72 79 5b 5d 2c 20  61 70 70 49 64 73 3a 20
53 65 74 3c 73 74 72 69  6e 67 3e 29 20 7b 0a 20
20 20 20 6c 65 74 20 63  68 61 6e 67 65 64 20 3d
20 66 61 6c 73 65 3b 0a  20 20 20 20 63 6f 6e 73
74 20 6e 65 78 74 20 3d  20 7b 20 2e 2e 2e 63 75
72 72 65 6e 74 20 7d 3b  0a 20 20 20 20 73 75 6d
6d 61 72 69 65 73 2e 66  6f 72 45 61 63 68 28 28
73 75 6d 6d 61 72 79 29  20 3d 3e 20 7b 0a 20 20
20 20 20 20 20 20 63 6f  6e 73 74 20 73 74 61 74
75 73 20 3d 20 6e 6f 72  6d 61 6c 69 7a 65 50 75
62 6c 69 73 68 53 74 61  74 75 73 28 73 75 6d 6d
61 72 79 2e 73 74 61 74  75 73 29 3b 0a 20 20 20
20 20 20 20 20 69 66 20  28 21 73 74 61 74 75 73
29 20 72 65 74 75 72 6e  3b 0a 20 20 20 20 20 20
20 20 73 75 6d 6d 61 72  79 2e 61 70 70 49 44 73
2e 66 6f 72 45 61 63 68  28 28 61 70 70 49 44 29
20 3d 3e 20 7b 0a 20 20  20 20 20 20 20 20 20 20
20 20 69 66 20 28 21 61  70 70 49 64 73 2e 68 61
73 28 61 70 70 49 44 29  29 20 72 65 74 75 72 6e
3b 0a 20 20 20 20 20 20  20 20 20 20 20 20 63 6f
6e 73 74 20 65 78 69 73  74 69 6e 67 20 3d 20 6e
65 78 74 5b 61 70 70 49  44 5d 3b 0a 20 20 20 20
20 20 20 20 20 20 20 20  63 6f 6e 73 74 20 6d 65
72 67 65 64 3a 20 41 70  70 50 75 62 6c 69 73 68
53 75 62 6d 69 73 73 69  6f 6e 20 3d 20 7b 0a 20
20 20 20 20 20 20 20 20  20 20 20 20 20 20 20 69
64 3a 20 73 75 6d 6d 61  72 79 2e 73 75 62 6d 69
73 73 69 6f 6e 49 44 2c  0a 20 20 20 20 20 20 20
20 20 20 20 20 20 20 20  20 61 70 70 49 44 2c 0a
20 20 20 20 20 20 20 20  20 20 20 20 20 20 20 20
73 75 62 6d 69 74 74 65  64 41 74 3a 20 73 75 6d
6d 61 72 79 2e 73 75 62  6d 69 74 74 65 64 41 74
20 7c 7c 20 65 78 69 73  74 69 6e 67 3f 2e 73 75
62 6d 69 74 74 65 64 41  74 20 7c 7c 20 6e 65 77
20 44 61 74 65 28 29 2e  74 6f 49 53 4f 53 74 72
69 6e 67 28 29 2c 0a 20  20 20 20 20 20 20 20 20
20 20 20 20 20 20 20 73  74 61 74 75 73 2c 0a 20
20 20 20 20 20 20 20 20  20 20 20 20 20 20 20 63
68 61 6e 6e 65 6c 3a 20  73 75 6d 6d 61 72 79 2e
63 68 61 6e 6e 65 6c 20  3d 3d 3d 20 27 68 75 62
27 20 3f 20 27 68 75 62  27 20 3a 20 27 6c 6f 63
61 6c 27 2c 0a 20 20 20  20 20 20 20 20 20 20 20
20 20 20 20 20 6d 65 73  73 61 67 65 3a 20 73 75
6d 6d 61 72 79 2e 6d 65  73 73 61 67 65 20 7c 7c
20 65 78 69 73 74 69 6e  67 3f 2e 6d 65 73 73 61
67 65 2c 0a 20 20 20 20  20 20 20 20 20 20 20 20
72 65 76 69 65 77 65 64  41 74 3a 20 73 75 6d 6d
61 72 79 2e 72 65 76 69  65 77 65 64 41 74 20 7c
7c 20 65 78 69 73 74 69  6e 67 3f 2e 72 65 76 69
65 77 65 64 41 74 2c 0a  20 20 20 20 20 20 20 20
20 20 20 20 20 20 20 20  70 75 62 6c 69 73 68 65
64 41 74 3a 20 73 75 6d  6d 61 72 79 2e 70 75 62
6c 69 73 68 65 64 41 74  20 7c 7c 20 65 78 69 73
74 69 6e 67 3f 2e 70 75  62 6c 69 73 68 65 64 41
74 2c 0a 20 20 20 20 20  20 20 20 20 20 20 20 20
20 20 20 72 65 76 69 65  77 65 72 3a 20 73 75 6d
6d 61 72 79 2e 72 65 76  69 65 77 65 72 20 7c 7c
20 65 78 69 73 74 69 6e  67 3f 2e 72 65 76 69 65
77 65 72 2c 0a 20 20 20  20 20 20 20 20 20 20 20
20 20 20 20 20 72 69 73  6b 4c 65 76 65 6c 3a 20
73 75 6d 6d 61 72 79 2e  72 69 73 6b 4c 65 76 65
6c 20 7c 7c 20 65 78 69  73 74 69 6e 67 3f 2e 72
69 73 6b 4c 65 76 65 6c  2c 0a 20 20 20 20 20 20
20 20 20 20 20 20 20 20  20 20 61 70 70 72 6f 76
65 64 53 63 6f 70 65 73  3a 20 73 75 6d 6d 61 72
79 2e 61 70 70 72 6f 76  65 64 53 63 6f 70 65 73
2e 6c 65 6e 67 74 68 20  3e 20 30 20 3f 20 73 75
6d 6d 61 72 79 2e 61 70  70 72 6f 76 65 64 53 63
6f 70 65 73 20 3a 20 65  78 69 73 74 69 6e 67 3f
2e 61 70 70 72 6f 76 65  64 53 63 6f 70 65 73 2c
0a 20 20 20 20 20 20 20  20 20 20 20 20 20 20 20
20 72 65 76 69 65 77 49  73 73 75 65 73 3a 20 73
75 6d 6d 61 72 79 2e 72  65 76 69 65 77 49 73 73
75 65 73 2e 6c 65 6e 67  74 68 20 3e 20 30 20 3f
20 73 75 6d 6d 61 72 79  2e 72 65 76 69 65 77 49
73 73 75 65 73 20 3a 20  65 78 69 73 74 69 6e 67
3f 2e 72 65 76 69 65 77  49 73 73 75 65 73 2c 0a
20 20 20 20 20 20 20 20  20 20 20 20 20 20 20 20
6d 6f 64 69 66 69 65 64  41 74 3a 20 65 78 69 73
74 69 6e 67 3f 2e 6d 6f  64 69 66 69 65 64 41 74
2c 0a 20 20 20 20 20 20  20 20 20 20 20 20 20 20
20 20 76 65 72 73 69 6f  6e 3a 20 65 78 69 73 74
69 6e 67 3f 2e 76 65 72  73 69 6f 6e 2c 0a 20 20
20 20 20 20 20 20 20 20  20 20 7d 3b 0a 20 20 20
20 20 20 20 20 20 20 20  20 69 66 20 28 4a 53 4f
4e 2e 73 74 72 69 6e 67  69 66 79 28 65 78 69 73
74 69 6e 67 20 7c 7c 20  6e 75 6c 6c 29 20 21 3d
3d 20 4a 53 4f 4e 2e 73  74 72 69 6e 67 69 66 79
28 6d 65 72 67 65 64 29  29 20 7b 0a 20 20 20 20
20 20 20 20 20 20 20 20  20 20 20 20 6e 65 78 74
5b 61 70 70 49 44 5d 20  3d 20 6d 65 72 67 65 64
3b 0a 20 20 20 20 20 20  20 20 20 20 20 20 20 20
20 20 63 68 61 6e 67 65  64 20 3d 20 74 72 75 65
3b 0a 20 20 20 20 20 20  20 20 20 20 20 20 7d 0a
20 20 20 20 20 20 20 20  7d 29 3b 0a 20 20 20 20
7d 29 3b 0a 20 20 20 20  72 65 74 75 72 6e 20 63
68 61 6e 67 65 64 20 3f  20 6e 65 78 74 20 3a 20
63 75 72 72 65 6e 74 3b  0a 7d 0a 0a 66 75 6e 63
74 69 6f 6e 20 6c 61 74  65 73 74 41 70 70 52 75
6e 45 76 69 64 65 6e 63  65 28 61 70 70 3a 20 41
70 70 45 6e 74 72 79 29  3a 20 41 70 70 52 75 6e
48 69 73 74 6f 72 79 45  6e 74 72 79 20 7c 20 6e
75 6c 6c 20 7b 0a 20 20  20 20 63 6f 6e 73 74 20
65 78 70 65 63 74 65 64  48 61 73 68 20 3d 20 61
70 70 44 65 66 69 6e 69  74 69 6f 6e 46 69 6e 67
65 72 70 72 69 6e 74 28  61 70 70 29 3b 0a 20 20
20 20 72 65 74 75 72 6e  20 6c 6f 61 64 41 70 70
52 75 6e 48 69 73 74 6f  72 79 28 61 70 70 2e 69
64 29 2e 66 69 6e 64 28  28 69 74 65 6d 29 20 3d
3e 20 69 74 65 6d 2e 73  74 61 74 75 73 20 3d 3d
3d 20 27 64 6f 6e 65 27  20 26 26 20 69 74 65 6d
2e 64 65 66 69 6e 69 74  69 6f 6e 48 61 73 68 20
3d 3d 3d 20 65 78 70 65  63 74 65 64 48 61 73 68
29 20 7c 7c 20 6e 75 6c  6c 3b 0a 7d 0a 0a 66 75
6e 63 74 69 6f 6e 20 61  70 70 47 6f 76 65 72 6e
61 6e 63 65 46 6f 72 4d  61 6e 69 66 65 73 74 28
61 70 70 3a 20 41 70 70  45 6e 74 72 79 2c 20 73
75 62 6d 69 73 73 69 6f  6e 3f 3a 20 41 70 70 50
75 62 6c 69 73 68 53 75  62 6d 69 73 73 69 6f 6e
29 20 7b 0a 20 20 20 20  63 6f 6e 73 74 20 65 76
69 64 65 6e 63 65 20 3d  20 6c 61 74 65 73 74 41
70 70 52 75 6e 45 76 69  64 65 6e 63 65 28 61 70
70 29 3b 0a 20 20 20 20  63 6f 6e 73 74 20 6c 6f
63 61 6c 45 76 69 64 65  6e 63 65 41 74 20 3d 20
65 76 69 64 65 6e 63 65  3f 2e 61 74 20 7c 7c 20
61 70 70 2e 72 65 63 65  6e 74 55 73 65 64 41 74
20 7c 7c 20 27 27 3b 0a  20 20 20 20 72 65 74 75
72 6e 20 7b 0a 20 20 20  20 20 20 20 20 73 74 61
74 75 73 3a 20 73 75 62  6d 69 73 73 69 6f 6e 3f
2e 73 74 61 74 75 73 20  7c 7c 20 28 6c 6f 63 61
6c 45 76 69 64 65 6e 63  65 41 74 20 3f 20 27 6c
6f 63 61 6c 5f 74 65 73  74 65 64 27 20 3a 20 27
64 72 61 66 74 27 29 2c  0a 20 20 20 20 20 20 20
20 72 69 73 6b 4c 65 76  65 6c 3a 20 73 75 62 6d
69 73 73 69 6f 6e 3f 2e  72 69 73 6b 4c 65 76 65
6c 20 7c 7c 20 28 69 73  45 6e 74 65 72 70 72 69
73 65 41 70 70 4b 69 6e  64 28 61 70 70 2e 6b 69
6e 64 29 20 3f 20 27 6d  65 64 69 75 6d 27 20 3a
20 27 6c 6f 77 27 29 2c  0a 20 20 20 20 20 20 20
20 72 65 71 75 69 72 65  64 53 63 6f 70 65 73 3a
20 61 70 70 52 65 71 75  69 72 65 64 53 63 6f 70
65 73 28 61 70 70 29 2c  0a 20 20 20 20 20 20 20
20 74 65 73 74 45 76 69  64 65 6e 63 65 3a 20 7b
0a 20 20 20 20 20 20 20  20 20 20 20 20 72 75 6e
49 64 3a 20 65 76 69 64  65 6e 63 65 3f 2e 72 75
6e 49 44 2c 0a 20 20 20  20 20 20 20 20 20 20 20
20 64 65 66 69 6e 69 74  69 6f 6e 48 61 73 68 3a
20 65 76 69 64 65 6e 63  65 3f 2e 64 65 66 69 6e
69 74 69 6f 6e 48 61 73  68 2c 0a 20 20 20 20 20
20 20 20 20 20 20 20 61  72 74 69 66 61 63 74 50
72 65 73 65 6e 74 3a 20  21 21 28 65 76 69 64 65
6e 63 65 3f 2e 61 72 74  69 66 61 63 74 55 52 49
20 7c 7c 20 65 76 69 64  65 6e 63 65 3f 2e 61 72
74 69 66 61 63 74 4e 61  6d 65 20 7c 7c 20 65 76
69 64 65 6e 63 65 3f 2e  61 72 74 69 66 61 63 74
50 61 74 68 29 2c 0a 20  20 20 20 20 20 20 20 20
20 20 20 61 72 74 69 66  61 63 74 4e 61 6d 65 3a
20 65 76 69 64 65 6e 63  65 3f 2e 61 72 74 69 66
61 63 74 4e 61 6d 65 20  7c 7c 20 28 65 76 69 64
65 6e 63 65 3f 2e 61 72  74 69 66 61 63 74 50 61
74 68 20 3f 20 65 76 69  64 65 6e 63 65 2e 61 72
74 69 66 61 63 74 50 61  74 68 2e 73 70 6c 69 74
28 2f 5b 5c 5c 2f 5d 2f  29 2e 70 6f 70 28 29 20
3a 20 75 6e 64 65 66 69  6e 65 64 29 2c 0a 20 20
20 20 20 20 20 20 20 20  20 20 76 65 72 69 66 69
65 64 41 74 3a 20 6c 6f  63 61 6c 45 76 69 64 65
6e 63 65 41 74 20 7c 7c  20 75 6e 64 65 66 69 6e
65 64 2c 0a 20 20 20 20  20 20 20 20 7d 2c 0a 20
20 20 20 20 20 20 20 73  75 62 6d 69 73 73 69 6f
6e 3a 20 73 75 62 6d 69  73 73 69 6f 6e 20 3f 20
7b 0a 20 20 20 20 20 20  20 20 20 20 20 20 69 64
3a 20 73 75 62 6d 69 73  73 69 6f 6e 2e 69 64 2c
0a 20 20 20 20 20 20 20  20 20 20 20 20 73 74 61
74 75 73 3a 20 73 75 62  6d 69 73 73 69 6f 6e 2e
73 74 61 74 75 73 2c 0a  20 20 20 20 20 20 20 20
20 20 20 20 63 68 61 6e  6e 65 6c 3a 20 73 75 62
6d 69 73 73 69 6f 6e 2e  63 68 61 6e 6e 65 6c 2c
0a 20 20 20 20 20 20 20  20 20 20 20 20 73 75 62
6d 69 74 74 65 64 41 74  3a 20 73 75 62 6d 69 73
73 69 6f 6e 2e 73 75 62  6d 69 74 74 65 64 41 74
2c 0a 20 20 20 20 20 20  20 20 20 20 20 20 72 65
76 69 65 77 65 64 41 74  3a 20 73 75 62 6d 69 73
73 69 6f 6e 2e 72 65 76  69 65 77 65 64 41 74 2c
0a 20 20 20 20 20 20 20  20 20 20 20 20 70 75 62
6c 69 73 68 65 64 41 74  3a 20 73 75 62 6d 69 73
73 69 6f 6e 2e 70 75 62  6c 69 73 68 65 64 41 74
2c 0a 20 20 20 20 20 20  20 20 20 20 20 20 72 65
76 69 65 77 65 72 3a 20  73 75 62 6d 69 73 73 69
6f 6e 2e 72 65 76 69 65  77 65 72 2c 0a 20 20 20
20 20 20 20 20 20 20 20  20 72 69 73 6b 4c 65 76
65 6c 3a 20 73 75 62 6d  69 73 73 69 6f 6e 2e 72
69 73 6b 4c 65 76 65 6c  2c 0a 20 20 20 20 20 20
20 20 20 20 20 20 61 70  70 72 6f 76 65 64 53 63
6f 70 65 73 3a 20 73 75  62 6d 69 73 73 69 6f 6e
2e 61 70 70 72 6f 76 65  64 53 63 6f 70 65 73 2c
0a 20 20 20 20 20 20 20  20 20 20 20 20 72 65 76
69 65 77 49 73 73 75 65  73 3a 20 73 75 62 6d 69
73 73 69 6f 6e 2e 72 65  76 69 65 77 49 73 73 75
65 73 2c 0a 20 20 20 20  20 20 20 20 20 20 20 20
6d 6f 64 69 66 69 65 64  41 74 3a 20 73 75 62 6d
69 73 73 69 6f 6e 2e 6d  6f 64 69 66 69 65 64 41
74 2c 0a 20 20 20 20 20  20 20 20 20 20 20 20 76
65 72 73 69 6f 6e 3a 20  73 75 62 6d 69 73 73 69
6f 6e 2e 76 65 72 73 69  6f 6e 20 7c 7c 20 6e 6f
72 6d 61 6c 69 7a 65 41  70 70 56 65 72 73 69 6f
6e 28 61 70 70 2e 76 65  72 73 69 6f 6e 29 2c 0a
20 20 20 20 20 20 20 20  20 20 20 20 6d 65 73 73
61 67 65 3a 20 73 75 62  6d 69 73 73 69 6f 6e 2e
6d 65 73 73 61 67 65 2c  0a 20 20 20 20 20 20 20
20 7d 20 3a 20 75 6e 64  65 66 69 6e 65 64 2c 0a
20 20 20 20 7d 3b 0a 7d  0a 0a 66 75 6e 63 74 69
6f 6e 20 61 70 70 52 65  71 75 69 72 65 64 53 63
6f 70 65 73 28 61 70 70  3a 20 41 70 70 45 6e 74
72 79 29 3a 20 73 74 72  69 6e 67 5b 5d 20 7b 0a
20 20 20 20 63 6f 6e 73  74 20 73 63 6f 70 65 73
20 3d 20 69 73 45 6e 74  65 72 70 72 69 73 65 41
70 70 4b 69 6e 64 28 61  70 70 2e 6b 69 6e 64 29
0a 20 20 20 20 20 20 20  20 3f 20 5b 61 70 70 2e
6d 61 6e 69 66 65 73 74  3f 2e 64 61 74 61 73 72
76 3f 2e 70 72 65 66 65  72 72 65 64 41 63 74 69
6f 6e 2c 20 61 70 70 2e  6d 61 6e 69 66 65 73 74
3f 2e 64 61 74 61 73 72  76 3f 2e 70 72 65 66 65
72 72 65 64 56 69 65 77  2c 20 61 70 70 2e 6d 61
6e 69 66 65 73 74 3f 2e  64 61 74 61 73 72 76 3f
2e 70 72 65 66 65 72 72  65 64 52 65 70 6f 72 74
2c 20 61 70 70 2e 6d 61  6e 69 66 65 73 74 3f 2e
64 61 74 61 73 72 76 3f  2e 70 72 65 66 65 72 72
65 64 44 61 73 68 62 6f  61 72 64 5d 0a 20 20 20
20 20 20 20 20 3a 20 61  70 70 2e 6b 69 6e 64 20
3d 3d 3d 20 27 74 6f 6f  6c 5f 61 70 70 27 0a 20
20 20 20 20 20 20 20 20  20 20 20 3f 20 5b 61 70
70 2e 6d 61 6e 69 66 65  73 74 3f 2e 73 6b 69 6c
6c 3f 2e 69 64 5d 0a 20  20 20 20 20 20 20 20 20
20 20 20 3a 20 5b 5d 3b  0a 20 20 20 20 72 65 74
75 72 6e 20 41 72 72 61  79 2e 66 72 6f 6d 28 6e
65 77 20 53 65 74 28 73  63 6f 70 65 73 2e 6d 61
70 28 28 73 63 6f 70 65  29 20 3d 3e 20 53 74 72
69 6e 67 28 73 63 6f 70  65 20 7c 7c 20 27 27 29
2e 74 72 69 6d 28 29 29  2e 66 69 6c 74 65 72 28
42 6f 6f 6c 65 61 6e 29  29 29 3b 0a 7d 0a 0a 66
75 6e 63 74 69 6f 6e 20  68 69 67 68 52 69 73 6b
53 63 6f 70 65 73 28 73  63 6f 70 65 73 3a 20 73
74 72 69 6e 67 5b 5d 29  20 7b 0a 20 20 20 20 72
65 74 75 72 6e 20 73 63  6f 70 65 73 2e 66 69 6c
74 65 72 28 28 73 63 6f  70 65 29 20 3d 3e 20 2f
66 69 6e 61 6e 63 65 7c  70 61 79 6d 65 6e 74 7c
61 64 6d 69 6e 7c 61 75  64 69 74 7c 61 70 70 72
6f 76 65 7c 64 65 6c 65  74 65 7c 77 72 69 74 65
7c 75 70 73 65 72 74 7c  63 6f 6d 6d 69 74 2f 69
2e 74 65 73 74 28 73 63  6f 70 65 29 29 3b 0a 7d
0a 0a 66 75 6e 63 74 69  6f 6e 20 66 6f 72 6d 61
74 52 75 6e 48 69 73 74  6f 72 79 54 69 6d 65 28
69 73 6f 3a 20 73 74 72  69 6e 67 29 20 7b 0a 20
20 20 20 63 6f 6e 73 74  20 64 61 74 65 20 3d 20
6e 65 77 20 44 61 74 65  28 69 73 6f 29 3b 0a 20
20 20 20 69 66 20 28 4e  75 6d 62 65 72 2e 69 73
4e 61 4e 28 64 61 74 65  2e 67 65 74 54 69 6d 65
28 29 29 29 20 72 65 74  75 72 6e 20 69 73 6f 3b
0a 20 20 20 20 72 65 74  75 72 6e 20 64 61 74 65
2e 74 6f 4c 6f 63 61 6c  65 53 74 72 69 6e 67 28
29 3b 0a 7d 0a 0a 66 75  6e 63 74 69 6f 6e 20 66
6f 72 6d 61 74 52 65 63  65 6e 74 55 73 65 64 41
74 28 76 61 6c 75 65 3f  3a 20 73 74 72 69 6e 67
29 20 7b 0a 20 20 20 20  63 6f 6e 73 74 20 74 69
6d 65 73 74 61 6d 70 20  3d 20 4e 75 6d 62 65 72
28 53 74 72 69 6e 67 28  76 61 6c 75 65 20 7c 7c
20 27 27 29 2e 73 6c 69  63 65 28 30 2c 20 31 33
29 29 3b 0a 20 20 20 20  69 66 20 28 21 4e 75 6d
62 65 72 2e 69 73 46 69  6e 69 74 65 28 74 69 6d
65 73 74 61 6d 70 29 20  7c 7c 20 74 69 6d 65 73
74 61 6d 70 20 3c 3d 20  30 29 20 72 65 74 75 72
6e 20 27 27 3b 0a 20 20  20 20 72 65 74 75 72 6e
20 6e 65 77 20 44 61 74  65 28 74 69 6d 65 73 74
61 6d 70 29 2e 74 6f 4c  6f 63 61 6c 65 53 74 72
69 6e 67 28 29 3b 0a 7d  0a 0a 66 75 6e 63 74 69
6f 6e 20 62 75 69 6c 64  41 70 70 54 69 6c 65 54
6f 6f 6c 74 69 70 28 61  70 70 3a 20 41 70 70 45
6e 74 72 79 2c 20 74 65  78 74 3a 20 74 79 70 65
6f 66 20 6c 61 62 65 6c  73 2e 7a 68 2c 20 73 74
61 74 75 73 4c 61 62 65  6c 3a 20 73 74 72 69 6e
67 2c 20 6c 61 6e 67 3f  3a 20 73 74 72 69 6e 67
29 20 7b 0a 20 20 20 20  63 6f 6e 73 74 20 72 65
63 65 6e 74 20 3d 20 66  6f 72 6d 61 74 52 65 63
65 6e 74 55 73 65 64 41  74 28 61 70 70 2e 72 65
63 65 6e 74 55 73 65 64  41 74 29 3b 0a 20 20 20
20 72 65 74 75 72 6e 20  5b 0a 20 20 20 20 20 20
20 20 61 70 70 2e 6e 61  6d 65 2c 0a 20 20 20 20
20 20 20 20 61 70 70 2e  64 65 73 63 72 69 70 74
69 6f 6e 2c 0a 20 20 20  20 20 20 20 20 60 24 7b
61 70 70 4b 69 6e 64 73  5b 61 70 70 2e 6b 69 6e
64 5d 5b 69 73 5a 68 28  6c 61 6e 67 29 20 3f 20
27 7a 68 27 20 3a 20 27  65 6e 27 5d 7d 20 c2 b7
20 24 7b 73 6f 75 72 63  65 4c 61 62 65 6c 73 5b
61 70 70 2e 73 6f 75 72  63 65 5d 5b 69 73 5a 68
28 6c 61 6e 67 29 20 3f  20 27 7a 68 27 20 3a 20
27 65 6e 27 5d 7d 60 2c  0a 20 20 20 20 20 20 20
20 60 24 7b 74 65 78 74  2e 61 70 70 53 74 61 74
75 73 7d 3a 20 24 7b 73  74 61 74 75 73 4c 61 62
65 6c 7d 60 2c 0a 20 20  20 20 20 20 20 20 60 24
7b 74 65 78 74 2e 72 65  63 65 6e 74 55 73 65 64
7d 3a 20 24 7b 72 65 63  65 6e 74 20 7c 7c 20 74
65 78 74 2e 6e 65 76 65  72 55 73 65 64 7d 60 2c
0a 20 20 20 20 5d 2e 66  69 6c 74 65 72 28 42 6f
6f 6c 65 61 6e 29 2e 6a  6f 69 6e 28 27 5c 6e 27
29 3b 0a 7d 0a 0a 66 75  6e 63 74 69 6f 6e 20 62
75 69 6c 64 41 70 70 54  69 6c 65 41 72 69 61 4c
61 62 65 6c 28 61 70 70  3a 20 41 70 70 45 6e 74
72 79 2c 20 74 65 78 74  3a 20 74 79 70 65 6f 66
20 6c 61 62 65 6c 73 2e  7a 68 2c 20 73 74 61 74
75 73 4c 61 62 65 6c 3a  20 73 74 72 69 6e 67 2c
20 6c 61 6e 67 3f 3a 20  73 74 72 69 6e 67 29 20
7b 0a 20 20 20 20 63 6f  6e 73 74 20 6c 6f 63 61
6c 65 20 3d 20 69 73 5a  68 28 6c 61 6e 67 29 20
3f 20 27 7a 68 27 20 3a  20 27 65 6e 27 3b 0a 20
20 20 20 72 65 74 75 72  6e 20 60 24 7b 61 70 70
2e 6e 61 6d 65 7d 2c 20  24 7b 61 70 70 4b 69 6e
64 73 5b 61 70 70 2e 6b  69 6e 64 5d 5b 6c 6f 63
61 6c 65 5d 7d 2c 20 24  7b 73 6f 75 72 63 65 4c
61 62 65 6c 73 5b 61 70  70 2e 73 6f 75 72 63 65
5d 5b 6c 6f 63 61 6c 65  5d 7d 2c 20 24 7b 74 65
78 74 2e 61 70 70 53 74  61 74 75 73 7d 3a 20 24
7b 73 74 61 74 75 73 4c  61 62 65 6c 7d 60 3b 0a
7d 0a 0a 66 75 6e 63 74  69 6f 6e 20 62 75 69 6c
64 41 70 70 53 65 61 72  63 68 54 65 78 74 28 61
70 70 3a 20 41 70 70 45  6e 74 72 79 2c 20 6c 61
6e 67 3f 3a 20 73 74 72  69 6e 67 29 20 7b 0a 20
20 20 20 63 6f 6e 73 74  20 6d 61 6e 69 66 65 73
74 20 3d 20 61 70 70 2e  6d 61 6e 69 66 65 73 74
3b 0a 20 20 20 20 72 65  74 75 72 6e 20 5b 0a 20
20 20 20 20 20 20 20 61  70 70 2e 69 64 2c 0a 20
20 20 20 20 20 20 20 61  70 70 2e 6e 61 6d 65 2c
0a 20 20 20 20 20 20 20  20 61 70 70 2e 64 65 73
63 72 69 70 74 69 6f 6e  2c 0a 20 20 20 20 20 20
20 20 61 70 70 2e 63 61  74 65 67 6f 72 79 2c 0a
20 20 20 20 20 20 20 20  61 70 70 4b 69 6e 64 73
5b 61 70 70 2e 6b 69 6e  64 5d 5b 69 73 5a 68 28
6c 61 6e 67 29 20 3f 20  27 7a 68 27 20 3a 20 27
65 6e 27 5d 2c 0a 20 20  20 20 20 20 20 20 61 70
70 2e 6b 69 6e 64 2c 0a  20 20 20 20 20 20 20 20
73 6f 75 72 63 65 4c 61  62 65 6c 73 5b 61 70 70
2e 73 6f 75 72 63 65 5d  5b 69 73 5a 68 28 6c 61
6e 67 29 20 3f 20 27 7a  68 27 20 3a 20 27 65 6e
27 5d 2c 0a 20 20 20 20  20 20 20 20 61 70 70 2e
73 6f 75 72 63 65 2c 0a  20 20 20 20 20 20 20 20
6d 61 6e 69 66 65 73 74  3f 2e 6c 61 75 6e 63 68
4d 6f 64 65 2c 0a 20 20  20 20 20 20 20 20 6d 61
6e 69 66 65 73 74 3f 2e  69 6e 73 74 61 6c 6c 55
6e 69 74 2c 0a 20 20 20  20 20 20 20 20 6d 61 6e
69 66 65 73 74 3f 2e 64  61 74 61 73 72 76 3f 2e
64 6f 6d 61 69 6e 2c 0a  20 20 20 20 20 20 20 20
6d 61 6e 69 66 65 73 74  3f 2e 64 61 74 61 73 72
76 3f 2e 70 72 65 66 65  72 72 65 64 41 63 74 69
6f 6e 2c 0a 20 20 20 20  20 20 20 20 6d 61 6e 69
66 65 73 74 3f 2e 64 61  74 61 73 72 76 3f 2e 70
72 65 66 65 72 72 65 64  56 69 65 77 2c 0a 20 20
20 20 20 20 20 20 6d 61  6e 69 66 65 73 74 3f 2e
64 61 74 61 73 72 76 3f  2e 70 72 65 66 65 72 72
65 64 52 65 70 6f 72 74  2c 0a 20 20 20 20 20 20
20 20 6d 61 6e 69 66 65  73 74 3f 2e 64 61 74 61
73 72 76 3f 2e 70 72 65  66 65 72 72 65 64 44 61
73 68 62 6f 61 72 64 2c  0a 20 20 20 20 20 20 20
20 6d 61 6e 69 66 65 73  74 3f 2e 73 6b 69 6c 6c
3f 2e 69 64 2c 0a 20 20  20 20 20 20 20 20 6d 61
6e 69 66 65 73 74 3f 2e  73 6b 69 6c 6c 3f 2e 69
6e 70 75 74 4d 6f 64 65  2c 0a 20 20 20 20 20 20
20 20 2e 2e 2e 28 6d 61  6e 69 66 65 73 74 3f 2e
73 6b 69 6c 6c 3f 2e 6f  75 74 70 75 74 4d 6f 64
65 73 20 7c 7c 20 5b 5d  29 2c 0a 20 20 20 20 20
20 20 20 2e 2e 2e 28 6d  61 6e 69 66 65 73 74 3f
2e 73 6b 69 6c 6c 3f 2e  66 69 65 6c 64 73 20 7c
7c 20 5b 5d 29 2e 66 6c  61 74 4d 61 70 28 28 66
69 65 6c 64 29 20 3d 3e  20 5b 66 69 65 6c 64 2e
6e 61 6d 65 2c 20 66 69  65 6c 64 2e 6c 61 62 65
6c 2c 20 66 69 65 6c 64  2e 74 79 70 65 2c 20 2e
2e 2e 28 66 69 65 6c 64  2e 6f 70 74 69 6f 6e 73
20 7c 7c 20 5b 5d 29 5d  29 2c 0a 20 20 20 20 5d
2e 66 69 6c 74 65 72 28  42 6f 6f 6c 65 61 6e 29
2e 6a 6f 69 6e 28 27 20  27 29 2e 74 6f 4c 6f 77
65 72 43 61 73 65 28 29  3b 0a 7d 0a 0a 66 75 6e
63 74 69 6f 6e 20 6d 61  6b 65 4c 6f 63 61 6c 41
70 70 49 64 28 6e 61 6d  65 3a 20 73 74 72 69 6e
67 29 20 7b 0a 20 20 20  20 63 6f 6e 73 74 20 73
6c 75 67 20 3d 20 6e 61  6d 65 2e 74 6f 4c 6f 77
65 72 43 61 73 65 28 29  2e 72 65 70 6c 61 63 65
28 2f 5b 5e 61 2d 7a 30  2d 39 5d 2b 2f 67 69 2c
20 27 2d 27 29 2e 72 65  70 6c 61 63 65 28 2f 5e
2d 2b 7c 2d 2b 24 2f 67  2c 20 27 27 29 2e 73 6c
69 63 65 28 30 2c 20 32  38 29 3b 0a 20 20 20 20
6c 6f 63 61 6c 41 70 70  49 64 53 65 71 75 65 6e
63 65 20 2b 3d 20 31 3b  0a 20 20 20 20 72 65 74
75 72 6e 20 60 6c 6f 63  61 6c 2d 61 70 70 2d 24
7b 44 61 74 65 2e 6e 6f  77 28 29 2e 74 6f 53 74
72 69 6e 67 28 33 36 29  7d 2d 24 7b 6c 6f 63 61
6c 41 70 70 49 64 53 65  71 75 65 6e 63 65 2e 74
6f 53 74 72 69 6e 67 28  33 36 29 7d 2d 24 7b 73
6c 75 67 20 7c 7c 20 27  61 70 70 27 7d 60 3b 0a
7d 0a 0a 66 75 6e 63 74  69 6f 6e 20 6d 61 6b 65
53 6b 69 6c 6c 41 70 70  44 65 66 69 6e 69 74 69
6f 6e 49 64 28 6e 61 6d  65 3a 20 73 74 72 69 6e
67 29 20 7b 0a 20 20 20  20 63 6f 6e 73 74 20 73
6c 75 67 20 3d 20 6e 61  6d 65 2e 74 6f 4c 6f 77
65 72 43 61 73 65 28 29  2e 72 65 70 6c 61 63 65
28 2f 5b 5e 61 2d 7a 30  2d 39 5d 2b 2f 67 69 2c
20 27 2d 27 29 2e 72 65  70 6c 61 63 65 28 2f 5e
2d 2b 7c 2d 2b 24 2f 67  2c 20 27 27 29 2e 73 6c
69 63 65 28 30 2c 20 34  38 29 3b 0a 20 20 20 20
72 65 74 75 72 6e 20 60  61 70 70 2d 24 7b 73 6c
75 67 20 7c 7c 20 27 74  6f 6f 6c 2d 61 70 70 27
7d 60 3b 0a 7d 0a 0a 66  75 6e 63 74 69 6f 6e 20
6d 61 6b 65 44 75 70 6c  69 63 61 74 65 41 70 70
4e 61 6d 65 28 73 6f 75  72 63 65 4e 61 6d 65 3a
20 73 74 72 69 6e 67 2c  20 73 75 66 66 69 78 3a
20 73 74 72 69 6e 67 2c  20 65 78 69 73 74 69 6e
67 4e 61 6d 65 73 3a 20  53 65 74 3c 73 74 72 69
6e 67 3e 29 20 7b 0a 20  20 20 20 63 6f 6e 73 74
20 62 61 73 65 4e 61 6d  65 20 3d 20 60 24 7b 73
6f 75 72 63 65 4e 61 6d  65 7d 20 24 7b 73 75 66
66 69 78 7d 60 3b 0a 20  20 20 20 69 66 20 28 21
65 78 69 73 74 69 6e 67  4e 61 6d 65 73 2e 68 61
73 28 62 61 73 65 4e 61  6d 65 29 29 20 72 65 74
75 72 6e 20 62 61 73 65  4e 61 6d 65 3b 0a 20 20
20 20 66 6f 72 20 28 6c  65 74 20 69 6e 64 65 78
20 3d 20 32 3b 20 69 6e  64 65 78 20 3c 20 31 30
30 30 3b 20 69 6e 64 65  78 20 2b 3d 20 31 29 20
7b 0a 20 20 20 20 20 20  20 20 63 6f 6e 73 74 20
63 61 6e 64 69 64 61 74  65 20 3d 20 60 24 7b 62
61 73 65 4e 61 6d 65 7d  20 24 7b 69 6e 64 65 78
7d 60 3b 0a 20 20 20 20  20 20 20 20 69 66 20 28
21 65 78 69 73 74 69 6e  67 4e 61 6d 65 73 2e 68
61 73 28 63 61 6e 64 69  64 61 74 65 29 29 20 72
65 74 75 72 6e 20 63 61  6e 64 69 64 61 74 65 3b
0a 20 20 20 20 7d 0a 20  20 20 20 72 65 74 75 72
6e 20 60 24 7b 62 61 73  65 4e 61 6d 65 7d 20 24
7b 44 61 74 65 2e 6e 6f  77 28 29 2e 74 6f 53 74
72 69 6e 67 28 33 36 29  7d 60 3b 0a 7d 0a 0a 66
75 6e 63 74 69 6f 6e 20  61 70 70 57 69 74 68 41
76 61 69 6c 61 62 6c 65  50 69 6e 28 61 70 70 3a
20 41 70 70 45 6e 74 72  79 2c 20 63 75 72 72 65
6e 74 41 70 70 73 3a 20  41 70 70 45 6e 74 72 79
5b 5d 29 20 7b 0a 20 20  20 20 69 66 20 28 21 61
70 70 2e 70 69 6e 6e 65  64 29 20 72 65 74 75 72
6e 20 61 70 70 3b 0a 20  20 20 20 69 66 20 28 63
75 72 72 65 6e 74 41 70  70 73 2e 66 69 6c 74 65
72 28 28 69 74 65 6d 29  20 3d 3e 20 69 74 65 6d
2e 70 69 6e 6e 65 64 29  2e 6c 65 6e 67 74 68 20
3c 20 6d 61 78 50 69 6e  6e 65 64 41 70 70 73 29
20 72 65 74 75 72 6e 20  61 70 70 3b 0a 20 20 20
20 72 65 74 75 72 6e 20  7b 20 2e 2e 2e 61 70 70
2c 20 70 69 6e 6e 65 64  3a 20 66 61 6c 73 65 20
7d 3b 0a 7d 0a 0a 66 75  6e 63 74 69 6f 6e 20 63
6f 75 6e 74 41 70 70 73  42 79 43 61 74 65 67 6f
72 79 28 61 70 70 73 3a  20 41 70 70 45 6e 74 72
79 5b 5d 29 20 7b 0a 20  20 20 20 63 6f 6e 73 74
20 63 6f 75 6e 74 73 20  3d 20 6e 65 77 20 4d 61
70 3c 73 74 72 69 6e 67  2c 20 6e 75 6d 62 65 72
3e 28 29 3b 0a 20 20 20  20 61 70 70 73 2e 66 6f
72 45 61 63 68 28 28 61  70 70 29 20 3d 3e 20 63
6f 75 6e 74 73 2e 73 65  74 28 61 70 70 2e 63 61
74 65 67 6f 72 79 2c 20  28 63 6f 75 6e 74 73 2e
67 65 74 28 61 70 70 2e  63 61 74 65 67 6f 72 79
29 20 7c 7c 20 30 29 20  2b 20 31 29 29 3b 0a 20
20 20 20 72 65 74 75 72  6e 20 63 6f 75 6e 74 73
3b 0a 7d 0a 0a 66 75 6e  63 74 69 6f 6e 20 63 61
74 65 67 6f 72 79 4f 70  74 69 6f 6e 4c 61 62 65
6c 28 63 61 74 65 67 6f  72 79 3a 20 73 74 72 69
6e 67 2c 20 63 6f 75 6e  74 73 3a 20 4d 61 70 3c
73 74 72 69 6e 67 2c 20  6e 75 6d 62 65 72 3e 29
20 7b 0a 20 20 20 20 72  65 74 75 72 6e 20 60 24
7b 63 61 74 65 67 6f 72  79 7d 20 28 24 7b 63 6f
75 6e 74 73 2e 67 65 74  28 63 61 74 65 67 6f 72
79 29 20 7c 7c 20 30 7d  29 60 3b 0a 7d 0a 0a 66
75 6e 63 74 69 6f 6e 20  66 69 6c 74 65 72 53 75
6d 6d 61 72 79 54 65 78  74 28 7b 20 71 75 65 72
79 2c 20 63 61 74 65 67  6f 72 79 2c 20 63 6f 75
6e 74 2c 20 6c 61 6e 67  2c 20 61 6c 6c 4c 61 62
65 6c 20 7d 3a 20 7b 20  71 75 65 72 79 3a 20 73
74 72 69 6e 67 3b 20 63  61 74 65 67 6f 72 79 3a
20 73 74 72 69 6e 67 3b  20 63 6f 75 6e 74 3a 20
6e 75 6d 62 65 72 3b 20  6c 61 6e 67 3f 3a 20 73
74 72 69 6e 67 3b 20 61  6c 6c 4c 61 62 65 6c 3a
20 73 74 72 69 6e 67 20  7d 29 20 7b 0a 20 20 20
20 63 6f 6e 73 74 20 74  72 69 6d 6d 65 64 51 75
65 72 79 20 3d 20 71 75  65 72 79 2e 74 72 69 6d
28 29 3b 0a 20 20 20 20  63 6f 6e 73 74 20 7a 68
20 3d 20 69 73 5a 68 28  6c 61 6e 67 29 3b 0a 20
20 20 20 63 6f 6e 73 74  20 63 61 74 65 67 6f 72
79 54 65 78 74 20 3d 20  63 61 74 65 67 6f 72 79
20 3d 3d 3d 20 27 61 6c  6c 27 20 3f 20 61 6c 6c
4c 61 62 65 6c 20 3a 20  63 61 74 65 67 6f 72 79
3b 0a 20 20 20 20 69 66  20 28 74 72 69 6d 6d 65
64 51 75 65 72 79 20 26  26 20 63 61 74 65 67 6f
72 79 20 21 3d 3d 20 27  61 6c 6c 27 29 20 7b 0a
20 20 20 20 20 20 20 20  72 65 74 75 72 6e 20 7a
68 20 3f 20 60 e6 90 9c  e7 b4 a2 e2 80 3f 7b 74
72 69 6d 6d 65 64 51 75  65 72 79 7d e2 80 3f c2
b7 20 24 7b 63 61 74 65  67 6f 72 79 54 65 78 74
7d 20 c2 b7 20 24 7b 63  6f 75 6e 74 7d 20 e4 b8
aa e5 8c b9 e9 85 8d 60  20 3a 20 60 53 65 61 72
63 68 20 22 24 7b 74 72  69 6d 6d 65 64 51 75 65
72 79 7d 22 20 c2 b7 20  24 7b 63 61 74 65 67 6f
72 79 54 65 78 74 7d 20  c2 b7 20 24 7b 63 6f 75
6e 74 7d 20 6d 61 74 63  68 65 73 60 3b 0a 20 20
20 20 7d 0a 20 20 20 20  69 66 20 28 74 72 69 6d
6d 65 64 51 75 65 72 79  29 20 7b 0a 20 20 20 20
20 20 20 20 72 65 74 75  72 6e 20 7a 68 20 3f 20
60 e6 90 9c e7 b4 a2 e2  80 3f 7b 74 72 69 6d 6d
65 64 51 75 65 72 79 7d  e2 80 3f c2 b7 20 24 7b
63 6f 75 6e 74 7d 20 e4  b8 aa e5 8c b9 e9 85 8d
60 20 3a 20 60 53 65 61  72 63 68 20 22 24 7b 74
72 69 6d 6d 65 64 51 75  65 72 79 7d 22 20 c2 b7
20 24 7b 63 6f 75 6e 74  7d 20 6d 61 74 63 68 65
73 60 3b 0a 20 20 20 20  7d 0a 20 20 20 20 69 66
20 28 63 61 74 65 67 6f  72 79 20 21 3d 3d 20 27
61 6c 6c 27 29 20 7b 0a  20 20 20 20 20 20 20 20
72 65 74 75 72 6e 20 7a  68 20 3f 20 60 24 7b 63
61 74 65 67 6f 72 79 54  65 78 74 7d 20 c2 b7 20
24 7b 63 6f 75 6e 74 7d  20 e4 b8 aa e5 ba 94 e7
94 a8 60 20 3a 20 60 24  7b 63 61 74 65 67 6f 72
79 54 65 78 74 7d 20 c2  b7 20 24 7b 63 6f 75 6e
74 7d 20 61 70 70 73 60  3b 0a 20 20 20 20 7d 0a
20 20 20 20 72 65 74 75  72 6e 20 27 27 3b 0a 7d
0a 0a 66 75 6e 63 74 69  6f 6e 20 6e 6f 72 6d 61
6c 69 7a 65 53 6b 69 6c  6c 41 70 70 49 63 6f 6e
28 69 63 6f 6e 3f 3a 20  73 74 72 69 6e 67 29 3a
20 41 70 70 49 63 6f 6e  4e 61 6d 65 20 7b 0a 20
20 20 20 63 6f 6e 73 74  20 6e 6f 72 6d 61 6c 69
7a 65 64 20 3d 20 53 74  72 69 6e 67 28 69 63 6f
6e 20 7c 7c 20 27 27 29  2e 74 72 69 6d 28 29 20
61 73 20 41 70 70 49 63  6f 6e 4e 61 6d 65 3b 0a
20 20 20 20 72 65 74 75  72 6e 20 61 70 70 49 63
6f 6e 4e 61 6d 65 73 2e  69 6e 63 6c 75 64 65 73
28 6e 6f 72 6d 61 6c 69  7a 65 64 29 20 3f 20 6e
6f 72 6d 61 6c 69 7a 65  64 20 3a 20 27 63 6f 6e
74 72 61 63 74 27 3b 0a  7d 0a 0a 63 6f 6e 73 74
20 49 63 6f 6e 20 3d 20  28 7b 20 6e 61 6d 65 20
7d 3a 20 7b 20 6e 61 6d  65 3a 20 41 70 70 49 63
6f 6e 4e 61 6d 65 20 7d  29 20 3d 3e 20 7b 0a 20
20 20 20 63 6f 6e 73 74  20 63 6f 6d 6d 6f 6e 20
3d 20 7b 20 66 69 6c 6c  3a 20 27 6e 6f 6e 65 27
2c 20 73 74 72 6f 6b 65  3a 20 27 63 75 72 72 65
6e 74 43 6f 6c 6f 72 27  2c 20 73 74 72 6f 6b 65
57 69 64 74 68 3a 20 31  2e 38 2c 20 73 74 72 6f
6b 65 4c 69 6e 65 63 61  70 3a 20 27 72 6f 75 6e
64 27 20 61 73 20 63 6f  6e 73 74 2c 20 73 74 72
6f 6b 65 4c 69 6e 65 6a  6f 69 6e 3a 20 27 72 6f
75 6e 64 27 20 61 73 20  63 6f 6e 73 74 20 7d 3b
0a 20 20 20 20 73 77 69  74 63 68 20 28 6e 61 6d
65 29 20 7b 0a 20 20 20  20 20 20 20 20 63 61 73
65 20 27 72 65 63 65 69  70 74 27 3a 0a 20 20 20
20 20 20 20 20 20 20 20  20 72 65 74 75 72 6e 20
3c 73 76 67 20 76 69 65  77 42 6f 78 3d 22 30 20
30 20 32 34 20 32 34 22  20 7b 2e 2e 2e 63 6f 6d
6d 6f 6e 7d 3e 3c 70 61  74 68 20 64 3d 22 4d 37
20 33 68 31 30 76 31 38  6c 2d 32 2d 31 2e 32 2d
32 20 31 2e 32 2d 32 2d  31 2e 32 2d 32 20 31 2e
32 2d 32 2d 31 2e 32 56  33 7a 22 20 2f 3e 3c 70
61 74 68 20 64 3d 22 4d  39 20 38 68 36 4d 39 20
31 32 68 36 4d 39 20 31  36 68 34 22 20 2f 3e 3c
2f 73 76 67 3e 3b 0a 20  20 20 20 20 20 20 20 63
61 73 65 20 27 77 61 6c  6c 65 74 27 3a 0a 20 20
20 20 20 20 20 20 20 20  20 20 72 65 74 75 72 6e
20 3c 73 76 67 20 76 69  65 77 42 6f 78 3d 22 30
20 30 20 32 34 20 32 34  22 20 7b 2e 2e 2e 63 6f
6d 6d 6f 6e 7d 3e 3c 70  61 74 68 20 64 3d 22 4d
35 20 37 68 31 33 61 32  20 32 20 30 20 30 20 31
20 32 20 32 76 39 61 32  20 32 20 30 20 30 20 31
2d 32 20 32 48 35 61 32  20 32 20 30 20 30 20 31
2d 32 2d 32 56 36 61 32  20 32 20 30 20 30 20 31
20 32 2d 32 68 31 31 22  20 2f 3e 3c 70 61 74 68
20 64 3d 22 4d 31 36 20  31 33 68 34 76 34 68 2d
34 61 32 20 32 20 30 20  30 20 31 20 30 2d 34 7a
22 20 2f 3e 3c 2f 73 76  67 3e 3b 0a 20 20 20 20
20 20 20 20 63 61 73 65  20 27 69 6e 76 6f 69 63
65 27 3a 0a 20 20 20 20  20 20 20 20 20 20 20 20
72 65 74 75 72 6e 20 3c  73 76 67 20 76 69 65 77
42 6f 78 3d 22 30 20 30  20 32 34 20 32 34 22 20
7b 2e 2e 2e 63 6f 6d 6d  6f 6e 7d 3e 3c 70 61 74
68 20 64 3d 22 4d 36 20  33 68 31 32 76 31 38 6c
2d 32 2d 31 2d 32 20 31  2d 32 2d 31 2d 32 20 31
2d 32 2d 31 2d 32 20 31  7a 22 20 2f 3e 3c 70 61
74 68 20 64 3d 22 4d 39  20 38 68 36 4d 39 20 31
32 68 36 4d 39 20 31 36  68 33 22 20 2f 3e 3c 70
61 74 68 20 64 3d 22 4d  31 35 20 31 36 68 2e 30
31 22 20 2f 3e 3c 2f 73  76 67 3e 3b 0a 20 20 20
20 20 20 20 20 63 61 73  65 20 27 77 61 72 65 68
6f 75 73 65 27 3a 0a 20  20 20 20 20 20 20 20 20
20 20 20 72 65 74 75 72  6e 20 3c 73 76 67 20 76
69 65 77 42 6f 78 3d 22  30 20 30 20 32 34 20 32
34 22 20 7b 2e 2e 2e 63  6f 6d 6d 6f 6e 7d 3e 3c
70 61 74 68 20 64 3d 22  4d 33 20 31 30 6c 39 2d
35 20 39 20 35 22 20 2f  3e 3c 70 61 74 68 20 64
3d 22 4d 35 20 31 30 76  39 68 31 34 76 2d 39 22
20 2f 3e 3c 70 61 74 68  20 64 3d 22 4d 38 20 31
39 76 2d 36 68 38 76 36  4d 38 20 31 33 68 38 22
20 2f 3e 3c 2f 73 76 67  3e 3b 0a 20 20 20 20 20
20 20 20 63 61 73 65 20  27 69 6e 76 65 6e 74 6f
72 79 27 3a 0a 20 20 20  20 20 20 20 20 20 20 20
20 72 65 74 75 72 6e 20  3c 73 76 67 20 76 69 65
77 42 6f 78 3d 22 30 20  30 20 32 34 20 32 34 22
20 7b 2e 2e 2e 63 6f 6d  6d 6f 6e 7d 3e 3c 70 61
74 68 20 64 3d 22 4d 34  20 37 6c 38 2d 34 20 38
20 34 2d 38 20 34 2d 38  2d 34 7a 22 20 2f 3e 3c
70 61 74 68 20 64 3d 22  4d 34 20 37 76 31 30 6c
38 20 34 20 38 2d 34 56  37 22 20 2f 3e 3c 70 61
74 68 20 64 3d 22 4d 31  32 20 31 31 76 31 30 22
20 2f 3e 3c 2f 73 76 67  3e 3b 0a 20 20 20 20 20
20 20 20 63 61 73 65 20  27 63 75 73 74 6f 6d 65
72 27 3a 0a 20 20 20 20  20 20 20 20 20 20 20 20
72 65 74 75 72 6e 20 3c  73 76 67 20 76 69 65 77
42 6f 78 3d 22 30 20 30  20 32 34 20 32 34 22 20
7b 2e 2e 2e 63 6f 6d 6d  6f 6e 7d 3e 3c 63 69 72
63 6c 65 20 63 78 3d 22  31 32 22 20 63 79 3d 22
38 22 20 72 3d 22 33 22  20 2f 3e 3c 70 61 74 68
20 64 3d 22 4d 35 20 32  30 63 31 2e 34 2d 33 2e
34 20 34 2d 35 20 37 2d  35 73 35 2e 36 20 31 2e
36 20 37 20 35 22 20 2f  3e 3c 2f 73 76 67 3e 3b
0a 20 20 20 20 20 20 20  20 63 61 73 65 20 27 75
73 65 72 73 27 3a 0a 20  20 20 20 20 20 20 20 20
20 20 20 72 65 74 75 72  6e 20 3c 73 76 67 20 76
69 65 77 42 6f 78 3d 22  30 20 30 20 32 34 20 32
34 22 20 7b 2e 2e 2e 63  6f 6d 6d 6f 6e 7d 3e 3c
63 69 72 63 6c 65 20 63  78 3d 22 39 22 20 63 79
3d 22 38 22 20 72 3d 22  33 22 20 2f 3e 3c 70 61
74 68 20 64 3d 22 4d 33  2e 35 20 32 30 63 31 2d
33 2e 32 20 33 2d 35 20  35 2e 35 2d 35 73 34 2e
35 20 31 2e 38 20 35 2e  35 20 35 22 20 2f 3e 3c
63 69 72 63 6c 65 20 63  78 3d 22 31 37 22 20 63
79 3d 22 39 22 20 72 3d  22 32 22 20 2f 3e 3c 70
61 74 68 20 64 3d 22 4d  31 35 2e 35 20 31 35 2e
35 63 32 2e 32 2e 34 20  33 2e 38 20 31 2e 39 20
35 20 34 2e 35 22 20 2f  3e 3c 2f 73 76 67 3e 3b
0a 20 20 20 20 20 20 20  20 63 61 73 65 20 27 63
6f 6e 74 72 61 63 74 27  3a 0a 20 20 20 20 20 20
20 20 20 20 20 20 72 65  74 75 72 6e 20 3c 73 76
67 20 76 69 65 77 42 6f  78 3d 22 30 20 30 20 32
34 20 32 34 22 20 7b 2e  2e 2e 63 6f 6d 6d 6f 6e
7d 3e 3c 70 61 74 68 20  64 3d 22 4d 37 20 33 68
37 6c 33 20 33 76 31 35  48 37 7a 22 20 2f 3e 3c
70 61 74 68 20 64 3d 22  4d 31 34 20 33 76 34 68
34 4d 39 20 31 31 68 36  4d 39 20 31 35 68 36 4d
39 20 31 39 68 33 22 20  2f 3e 3c 2f 73 76 67 3e
3b 0a 20 20 20 20 20 20  20 20 63 61 73 65 20 27
70 64 66 27 3a 0a 20 20  20 20 20 20 20 20 20 20
20 20 72 65 74 75 72 6e  20 3c 73 76 67 20 76 69
65 77 42 6f 78 3d 22 30  20 30 20 32 34 20 32 34
22 20 7b 2e 2e 2e 63 6f  6d 6d 6f 6e 7d 3e 3c 70
61 74 68 20 64 3d 22 4d  36 20 33 68 39 6c 33 20
33 76 31 35 48 36 7a 22  20 2f 3e 3c 70 61 74 68
20 64 3d 22 4d 31 35 20  33 76 34 68 34 22 20 2f
3e 3c 70 61 74 68 20 64  3d 22 4d 38 20 31 36 68
38 22 20 2f 3e 3c 70 61  74 68 20 64 3d 22 4d 38
20 31 32 68 32 2e 35 61  31 2e 35 20 31 2e 35 20
30 20 30 20 31 20 30 20  33 48 38 76 2d 33 7a 22
20 2f 3e 3c 2f 73 76 67  3e 3b 0a 20 20 20 20 20
20 20 20 63 61 73 65 20  27 73 68 69 65 6c 64 27
3a 0a 20 20 20 20 20 20  20 20 20 20 20 20 72 65
74 75 72 6e 20 3c 73 76  67 20 76 69 65 77 42 6f
78 3d 22 30 20 30 20 32  34 20 32 34 22 20 7b 2e
2e 2e 63 6f 6d 6d 6f 6e  7d 3e 3c 70 61 74 68 20
64 3d 22 4d 31 32 20 33  6c 37 20 33 76 35 63 30
20 34 2e 35 2d 32 2e 37  20 38 2d 37 20 31 30 2d
34 2e 33 2d 32 2d 37 2d  35 2e 35 2d 37 2d 31 30
56 36 7a 22 20 2f 3e 3c  70 61 74 68 20 64 3d 22
4d 39 20 31 32 6c 32 20  32 20 34 2d 35 22 20 2f
3e 3c 2f 73 76 67 3e 3b  0a 20 20 20 20 20 20 20
20 63 61 73 65 20 27 73  68 65 65 74 27 3a 0a 20
20 20 20 20 20 20 20 20  20 20 20 72 65 74 75 72
6e 20 3c 73 76 67 20 76  69 65 77 42 6f 78 3d 22
30 20 30 20 32 34 20 32  34 22 20 7b 2e 2e 2e 63
6f 6d 6d 6f 6e 7d 3e 3c  70 61 74 68 20 64 3d 22
4d 35 20 34 68 31 34 76  31 36 48 35 7a 22 20 2f
3e 3c 70 61 74 68 20 64  3d 22 4d 35 20 39 68 31
34 4d 35 20 31 34 68 31  34 4d 31 30 20 34 76 31
36 4d 31 35 20 34 76 31  36 22 20 2f 3e 3c 2f 73
76 67 3e 3b 0a 20 20 20  20 20 20 20 20 63 61 73
65 20 27 63 68 61 72 74  27 3a 0a 20 20 20 20 20
20 20 20 20 20 20 20 72  65 74 75 72 6e 20 3c 73
76 67 20 76 69 65 77 42  6f 78 3d 22 30 20 30 20
32 34 20 32 34 22 20 7b  2e 2e 2e 63 6f 6d 6d 6f
6e 7d 3e 3c 70 61 74 68  20 64 3d 22 4d 34 20 31
39 68 31 36 22 20 2f 3e  3c 70 61 74 68 20 64 3d
22 4d 37 20 31 36 56 39  4d 31 32 20 31 36 56 35
4d 31 37 20 31 36 76 2d  34 22 20 2f 3e 3c 70 61
74 68 20 64 3d 22 4d 36  20 38 6c 35 2d 34 20 34
20 35 20 33 2d 33 22 20  2f 3e 3c 2f 73 76 67 3e
3b 0a 20 20 20 20 20 20  20 20 63 61 73 65 20 27
64 61 73 68 62 6f 61 72  64 27 3a 0a 20 20 20 20
20 20 20 20 20 20 20 20  72 65 74 75 72 6e 20 3c
73 76 67 20 76 69 65 77  42 6f 78 3d 22 30 20 30
20 32 34 20 32 34 22 20  7b 2e 2e 2e 63 6f 6d 6d
6f 6e 7d 3e 3c 70 61 74  68 20 64 3d 22 4d 34 20
35 68 37 76 36 48 34 7a  4d 31 33 20 35 68 37 76
34 68 2d 37 7a 4d 31 33  20 31 31 68 37 76 38 68
2d 37 7a 4d 34 20 31 33  68 37 76 36 48 34 7a 22
20 2f 3e 3c 2f 73 76 67  3e 3b 0a 20 20 20 20 20
20 20 20 63 61 73 65 20  27 64 61 74 61 62 61 73
65 27 3a 0a 20 20 20 20  20 20 20 20 20 20 20 20
72 65 74 75 72 6e 20 3c  73 76 67 20 76 69 65 77
42 6f 78 3d 22 30 20 30  20 32 34 20 32 34 22 20
7b 2e 2e 2e 63 6f 6d 6d  6f 6e 7d 3e 3c 65 6c 6c
69 70 73 65 20 63 78 3d  22 31 32 22 20 63 79 3d
22 36 22 20 72 78 3d 22  37 22 20 72 79 3d 22 33
22 20 2f 3e 3c 70 61 74  68 20 64 3d 22 4d 35 20
36 76 36 63 30 20 31 2e  37 20 33 2e 31 20 33 20
37 20 33 73 37 2d 31 2e  33 20 37 2d 33 56 36 22
20 2f 3e 3c 70 61 74 68  20 64 3d 22 4d 35 20 31
32 76 36 63 30 20 31 2e  37 20 33 2e 31 20 33 20
37 20 33 73 37 2d 31 2e  33 20 37 2d 33 76 2d 36
22 20 2f 3e 3c 2f 73 76  67 3e 3b 0a 20 20 20 20
20 20 20 20 63 61 73 65  20 27 65 72 61 73 65 72
27 3a 0a 20 20 20 20 20  20 20 20 20 20 20 20 72
65 74 75 72 6e 20 3c 73  76 67 20 76 69 65 77 42
6f 78 3d 22 30 20 30 20  32 34 20 32 34 22 20 7b
2e 2e 2e 63 6f 6d 6d 6f  6e 7d 3e 3c 70 61 74 68
20 64 3d 22 4d 34 20 31  36 6c 38 2d 38 20 36 20
36 2d 35 20 35 48 37 7a  22 20 2f 3e 3c 70 61 74
68 20 64 3d 22 4d 31 32  20 38 6c 2d 32 2d 32 61
32 20 32 20 30 20 30 20  31 20 32 2e 38 2d 32 2e
38 6c 36 20 36 61 32 20  32 20 30 20 30 20 31 20
30 20 32 2e 38 4c 31 38  20 31 34 22 20 2f 3e 3c
70 61 74 68 20 64 3d 22  4d 31 33 20 31 39 68 37
22 20 2f 3e 3c 2f 73 76  67 3e 3b 0a 20 20 20 20
20 20 20 20 63 61 73 65  20 27 74 72 75 63 6b 27
3a 0a 20 20 20 20 20 20  20 20 20 20 20 20 72 65
74 75 72 6e 20 3c 73 76  67 20 76 69 65 77 42 6f
78 3d 22 30 20 30 20 32  34 20 32 34 22 20 7b 2e
2e 2e 63 6f 6d 6d 6f 6e  7d 3e 3c 70 61 74 68 20
64 3d 22 4d 33 20 36 68  31 31 76 31 30 48 33 7a
22 20 2f 3e 3c 70 61 74  68 20 64 3d 22 4d 31 34
20 31 30 68 34 6c 33 20  33 76 33 68 2d 37 7a 22
20 2f 3e 3c 63 69 72 63  6c 65 20 63 78 3d 22 37
22 20 63 79 3d 22 31 38  22 20 72 3d 22 32 22 20
2f 3e 3c 63 69 72 63 6c  65 20 63 78 3d 22 31 37
22 20 63 79 3d 22 31 38  22 20 72 3d 22 32 22 20
2f 3e 3c 2f 73 76 67 3e  3b 0a 20 20 20 20 20 20
20 20 63 61 73 65 20 27  63 61 6c 65 6e 64 61 72
27 3a 0a 20 20 20 20 20  20 20 20 20 20 20 20 72
65 74 75 72 6e 20 3c 73  76 67 20 76 69 65 77 42
6f 78 3d 22 30 20 30 20  32 34 20 32 34 22 20 7b
2e 2e 2e 63 6f 6d 6d 6f  6e 7d 3e 3c 70 61 74 68
20 64 3d 22 4d 35 20 35  68 31 34 76 31 35 48 35
7a 22 20 2f 3e 3c 70 61  74 68 20 64 3d 22 4d 38
20 33 76 34 4d 31 36 20  33 76 34 4d 35 20 31 30
68 31 34 22 20 2f 3e 3c  70 61 74 68 20 64 3d 22
4d 39 20 31 35 6c 32 20  32 20 34 2d 35 22 20 2f
3e 3c 2f 73 76 67 3e 3b  0a 20 20 20 20 20 20 20
20 63 61 73 65 20 27 77  65 62 27 3a 0a 20 20 20
20 20 20 20 20 20 20 20  20 72 65 74 75 72 6e 20
3c 73 76 67 20 76 69 65  77 42 6f 78 3d 22 30 20
30 20 32 34 20 32 34 22  20 7b 2e 2e 2e 63 6f 6d
6d 6f 6e 7d 3e 3c 63 69  72 63 6c 65 20 63 78 3d
22 31 32 22 20 63 79 3d  22 31 32 22 20 72 3d 22
38 22 20 2f 3e 3c 70 61  74 68 20 64 3d 22 4d 34
20 31 32 68 31 36 4d 31  32 20 34 63 32 20 32 2e
32 20 33 20 34 2e 38 20  33 20 38 73 2d 31 20 35
2e 38 2d 33 20 38 4d 31  32 20 34 63 2d 32 20 32
2e 32 2d 33 20 34 2e 38  2d 33 20 38 73 31 20 35
2e 38 20 33 20 38 22 20  2f 3e 3c 2f 73 76 67 3e
3b 0a 20 20 20 20 20 20  20 20 63 61 73 65 20 27
73 79 6e 63 27 3a 0a 20  20 20 20 20 20 20 20 20
20 20 20 72 65 74 75 72  6e 20 3c 73 76 67 20 76
69 65 77 42 6f 78 3d 22  30 20 30 20 32 34 20 32
34 22 20 7b 2e 2e 2e 63  6f 6d 6d 6f 6e 7d 3e 3c
70 61 74 68 20 64 3d 22  4d 32 30 20 37 76 35 68
2d 35 22 20 2f 3e 3c 70  61 74 68 20 64 3d 22 4d
34 20 31 37 76 2d 35 68  35 22 20 2f 3e 3c 70 61
74 68 20 64 3d 22 4d 31  38 2e 32 20 39 41 37 20
37 20 30 20 30 20 30 20  36 2e 31 20 37 2e 32 4d
35 2e 38 20 31 35 41 37  20 37 20 30 20 30 20 30
20 31 37 2e 39 20 31 36  2e 38 22 20 2f 3e 3c 2f
73 76 67 3e 3b 0a 20 20  20 20 20 20 20 20 63 61
73 65 20 27 62 6f 74 27  3a 0a 20 20 20 20 20 20
20 20 20 20 20 20 72 65  74 75 72 6e 20 3c 73 76
67 20 76 69 65 77 42 6f  78 3d 22 30 20 30 20 32
34 20 32 34 22 20 7b 2e  2e 2e 63 6f 6d 6d 6f 6e
7d 3e 3c 70 61 74 68 20  64 3d 22 4d 31 32 20 34
76 33 22 20 2f 3e 3c 72  65 63 74 20 78 3d 22 35
22 20 79 3d 22 37 22 20  77 69 64 74 68 3d 22 31
34 22 20 68 65 69 67 68  74 3d 22 31 31 22 20 72
78 3d 22 33 22 20 2f 3e  3c 70 61 74 68 20 64 3d
22 4d 39 20 31 32 68 2e  30 31 4d 31 35 20 31 32
68 2e 30 31 4d 39 20 31  36 68 36 22 20 2f 3e 3c
70 61 74 68 20 64 3d 22  4d 34 20 31 32 48 32 4d
32 32 20 31 32 68 2d 32  22 20 2f 3e 3c 2f 73 76
67 3e 3b 0a 20 20 20 20  20 20 20 20 64 65 66 61
75 6c 74 3a 0a 20 20 20  20 20 20 20 20 20 20 20
20 72 65 74 75 72 6e 20  6e 75 6c 6c 3b 0a 20 20
20 20 7d 0a 7d 3b 0a 0a  63 6f 6e 73 74 20 69 73
5a 68 20 3d 20 28 6c 61  6e 67 3f 3a 20 73 74 72
69 6e 67 29 20 3d 3e 20  21 6c 61 6e 67 20 7c 7c
20 6c 61 6e 67 2e 73 74  61 72 74 73 57 69 74 68
28 27 7a 68 27 29 3b 0a  0a 65 78 70 6f 72 74 20
63 6f 6e 73 74 20 41 70  70 73 50 61 67 65 20 3d
20 28 7b 20 6c 61 6e 67  20 7d 3a 20 41 70 70 73
50 61 67 65 50 72 6f 70  73 29 20 3d 3e 20 7b 0a
20 20 20 20 63 6f 6e 73  74 20 74 65 78 74 20 3d
20 69 73 5a 68 28 6c 61  6e 67 29 20 3f 20 6c 61
62 65 6c 73 2e 7a 68 20  3a 20 6c 61 62 65 6c 73
2e 65 6e 3b 0a 20 20 20  20 63 6f 6e 73 74 20 5b
61 70 70 73 2c 20 73 65  74 41 70 70 73 5d 20 3d
20 75 73 65 53 74 61 74  65 28 28 29 20 3d 3e 20
61 70 70 6c 79 4c 61 79  6f 75 74 53 74 61 74 65
28 69 6e 69 74 69 61 6c  41 70 70 73 2c 20 72 65
61 64 4c 61 79 6f 75 74  53 74 61 74 65 28 29 29
29 3b 0a 20 20 20 20 63  6f 6e 73 74 20 5b 71 75
65 72 79 2c 20 73 65 74  51 75 65 72 79 5d 20 3d
20 75 73 65 53 74 61 74  65 28 27 27 29 3b 0a 20
20 20 20 63 6f 6e 73 74  20 5b 63 61 74 65 67 6f
72 79 2c 20 73 65 74 43  61 74 65 67 6f 72 79 5d
20 3d 20 75 73 65 53 74  61 74 65 28 27 61 6c 6c
27 29 3b 0a 20 20 20 20  63 6f 6e 73 74 20 5b 6f
70 65 6e 54 61 62 73 2c  20 73 65 74 4f 70 65 6e
54 61 62 73 5d 20 3d 20  75 73 65 53 74 61 74 65
3c 73 74 72 69 6e 67 5b  5d 3e 28 5b 5d 29 3b 0a
20 20 20 20 63 6f 6e 73  74 20 5b 61 63 74 69 76
65 54 61 62 49 64 2c 20  73 65 74 41 63 74 69 76
65 54 61 62 49 64 5d 20  3d 20 75 73 65 53 74 61
74 65 28 27 27 29 3b 0a  20 20 20 20 63 6f 6e 73
74 20 5b 73 74 75 64 69  6f 4f 70 65 6e 2c 20 73
65 74 53 74 75 64 69 6f  4f 70 65 6e 5d 20 3d 20
75 73 65 53 74 61 74 65  28 66 61 6c 73 65 29 3b
0a 20 20 20 20 63 6f 6e  73 74 20 5b 73 74 75 64
69 6f 54 61 62 2c 20 73  65 74 53 74 75 64 69 6f
54 61 62 5d 20 3d 20 75  73 65 53 74 61 74 65 3c
53 74 75 64 69 6f 54 61  62 3e 28 27 63 72 65 61
74 65 27 29 3b 0a 20 20  20 20 63 6f 6e 73 74 20
5b 73 74 75 64 69 6f 45  64 69 74 41 70 70 49 64
2c 20 73 65 74 53 74 75  64 69 6f 45 64 69 74 41
70 70 49 64 5d 20 3d 20  75 73 65 53 74 61 74 65
28 27 27 29 3b 0a 20 20  20 20 63 6f 6e 73 74 20
5b 74 69 6c 65 4d 65 6e  75 2c 20 73 65 74 54 69
6c 65 4d 65 6e 75 5d 20  3d 20 75 73 65 53 74 61
74 65 3c 7b 20 61 70 70  49 64 3a 20 73 74 72 69
6e 67 3b 20 78 3a 20 6e  75 6d 62 65 72 3b 20 79
3a 20 6e 75 6d 62 65 72  20 7d 20 7c 20 6e 75 6c
6c 3e 28 6e 75 6c 6c 29  3b 0a 20 20 20 20 63 6f
6e 73 74 20 5b 64 61 74  61 73 72 76 44 69 73 63
6f 76 65 72 79 2c 20 73  65 74 44 61 74 61 53 72
76 44 69 73 63 6f 76 65  72 79 5d 20 3d 20 75 73
65 53 74 61 74 65 3c 44  61 74 61 53 72 76 44 69
73 63 6f 76 65 72 79 3e  28 65 6d 70 74 79 44 69
73 63 6f 76 65 72 79 29  3b 0a 20 20 20 20 63 6f
6e 73 74 20 5b 73 6b 69  6c 6c 44 69 73 63 6f 76
65 72 79 2c 20 73 65 74  53 6b 69 6c 6c 44 69 73
63 6f 76 65 72 79 5d 20  3d 20 75 73 65 53 74 61
74 65 3c 53 6b 69 6c 6c  41 70 70 44 69 73 63 6f
76 65 72 79 3e 28 65 6d  70 74 79 53 6b 69 6c 6c
44 69 73 63 6f 76 65 72  79 29 3b 0a 0a 20 20 20
20 75 73 65 45 66 66 65  63 74 28 28 29 20 3d 3e
20 7b 0a 20 20 20 20 20  20 20 20 70 65 72 73 69
73 74 4c 61 79 6f 75 74  53 74 61 74 65 28 61 70
70 73 29 3b 0a 20 20 20  20 7d 2c 20 5b 61 70 70
73 5d 29 3b 0a 0a 20 20  20 20 75 73 65 45 66 66
65 63 74 28 28 29 20 3d  3e 20 7b 0a 20 20 20 20
20 20 20 20 69 66 20 28  21 74 69 6c 65 4d 65 6e
75 29 20 72 65 74 75 72  6e 3b 0a 20 20 20 20 20
20 20 20 63 6f 6e 73 74  20 63 6c 6f 73 65 20 3d
20 28 29 20 3d 3e 20 73  65 74 54 69 6c 65 4d 65
6e 75 28 6e 75 6c 6c 29  3b 0a 20 20 20 20 20 20
20 20 63 6f 6e 73 74 20  63 6c 6f 73 65 4f 6e 45
73 63 61 70 65 20 3d 20  28 65 76 65 6e 74 3a 20
67 6c 6f 62 61 6c 54 68  69 73 2e 4b 65 79 62 6f
61 72 64 45 76 65 6e 74  29 20 3d 3e 20 7b 0a 20
20 20 20 20 20 20 20 20  20 20 20 69 66 20 28 65
76 65 6e 74 2e 6b 65 79  20 3d 3d 3d 20 27 45 73
63 61 70 65 27 29 20 63  6c 6f 73 65 28 29 3b 0a
20 20 20 20 20 20 20 20  7d 3b 0a 20 20 20 20 20
20 20 20 64 6f 63 75 6d  65 6e 74 2e 61 64 64 45
76 65 6e 74 4c 69 73 74  65 6e 65 72 28 27 63 6c
69 63 6b 27 2c 20 63 6c  6f 73 65 29 3b 0a 20 20
20 20 20 20 20 20 64 6f  63 75 6d 65 6e 74 2e 61
64 64 45 76 65 6e 74 4c  69 73 74 65 6e 65 72 28
27 6b 65 79 64 6f 77 6e  27 2c 20 63 6c 6f 73 65
4f 6e 45 73 63 61 70 65  29 3b 0a 20 20 20 20 20
20 20 20 77 69 6e 64 6f  77 2e 61 64 64 45 76 65
6e 74 4c 69 73 74 65 6e  65 72 28 27 62 6c 75 72
27 2c 20 63 6c 6f 73 65  29 3b 0a 20 20 20 20 20
20 20 20 77 69 6e 64 6f  77 2e 61 64 64 45 76 65
6e 74 4c 69 73 74 65 6e  65 72 28 27 72 65 73 69
7a 65 27 2c 20 63 6c 6f  73 65 29 3b 0a 20 20 20
20 20 20 20 20 77 69 6e  64 6f 77 2e 61 64 64 45
76 65 6e 74 4c 69 73 74  65 6e 65 72 28 27 73 63
72 6f 6c 6c 27 2c 20 63  6c 6f 73 65 2c 20 74 72
75 65 29 3b 0a 20 20 20  20 20 20 20 20 72 65 74
75 72 6e 20 28 29 20 3d  3e 20 7b 0a 20 20 20 20
20 20 20 20 20 20 20 20  64 6f 63 75 6d 65 6e 74
2e 72 65 6d 6f 76 65 45  76 65 6e 74 4c 69 73 74
65 6e 65 72 28 27 63 6c  69 63 6b 27 2c 20 63 6c
6f 73 65 29 3b 0a 20 20  20 20 20 20 20 20 20 20
20 20 64 6f 63 75 6d 65  6e 74 2e 72 65 6d 6f 76
65 45 76 65 6e 74 4c 69  73 74 65 6e 65 72 28 27
6b 65 79 64 6f 77 6e 27  2c 20 63 6c 6f 73 65 4f
6e 45 73 63 61 70 65 29  3b 0a 20 20 20 20 20 20
20 20 20 20 20 20 77 69  6e 64 6f 77 2e 72 65 6d
6f 76 65 45 76 65 6e 74  4c 69 73 74 65 6e 65 72
28 27 62 6c 75 72 27 2c  20 63 6c 6f 73 65 29 3b
0a 20 20 20 20 20 20 20  20 20 20 20 20 77 69 6e
64 6f 77 2e 72 65 6d 6f  76 65 45 76 65 6e 74 4c
69 73 74 65 6e 65 72 28  27 72 65 73 69 7a 65 27
2c 20 63 6c 6f 73 65 29  3b 0a 20 20 20 20 20 20
20 20 20 20 20 20 77 69  6e 64 6f 77 2e 72 65 6d
6f 76 65 45 76 65 6e 74  4c 69 73 74 65 6e 65 72
28 27 73 63 72 6f 6c 6c  27 2c 20 63 6c 6f 73 65
2c 20 74 72 75 65 29 3b  0a 20 20 20 20 20 20 20
20 7d 3b 0a 20 20 20 20  7d 2c 20 5b 74 69 6c 65
4d 65 6e 75 5d 29 3b 0a  0a 20 20 20 20 75 73 65
45 66 66 65 63 74 28 28  29 20 3d 3e 20 7b 0a 20
20 20 20 20 20 20 20 6c  65 74 20 6d 6f 75 6e 74
65 64 20 3d 20 74 72 75  65 3b 0a 20 20 20 20 20
20 20 20 73 65 74 44 61  74 61 53 72 76 44 69 73
63 6f 76 65 72 79 28 7b  20 2e 2e 2e 65 6d 70 74
79 44 69 73 63 6f 76 65  72 79 2c 20 73 74 61 74
75 73 3a 20 27 6c 6f 61  64 69 6e 67 27 20 7d 29
3b 0a 20 20 20 20 20 20  20 20 64 69 73 63 6f 76
65 72 44 61 74 61 53 72  76 43 61 70 61 62 69 6c
69 74 69 65 73 28 29 0a  20 20 20 20 20 20 20 20
20 20 20 20 2e 74 68 65  6e 28 28 6e 65 78 74 29
20 3d 3e 20 7b 0a 20 20  20 20 20 20 20 20 20 20
20 20 20 20 20 20 69 66  20 28 6d 6f 75 6e 74 65
64 29 20 73 65 74 44 61  74 61 53 72 76 44 69 73
63 6f 76 65 72 79 28 6e  65 78 74 29 3b 0a 20 20
20 20 20 20 20 20 20 20  20 20 7d 29 0a 20 20 20
20 20 20 20 20 20 20 20  20 2e 63 61 74 63 68 28
28 65 72 72 6f 72 3a 20  61 6e 79 29 20 3d 3e 20
7b 0a 20 20 20 20 20 20  20 20 20 20 20 20 20 20
20 20 69 66 20 28 6d 6f  75 6e 74 65 64 29 20 73
65 74 44 61 74 61 53 72  76 44 69 73 63 6f 76 65
72 79 28 7b 20 2e 2e 2e  65 6d 70 74 79 44 69 73
63 6f 76 65 72 79 2c 20  73 74 61 74 75 73 3a 20
27 65 72 72 6f 72 27 2c  20 65 72 72 6f 72 3a 20
65 72 72 6f 72 3f 2e 6d  65 73 73 61 67 65 20 7c
7c 20 53 74 72 69 6e 67  28 65 72 72 6f 72 29 20
7d 29 3b 0a 20 20 20 20  20 20 20 20 20 20 20 20
7d 29 3b 0a 20 20 20 20  20 20 20 20 72 65 74 75
72 6e 20 28 29 20 3d 3e  20 7b 20 6d 6f 75 6e 74
65 64 20 3d 20 66 61 6c  73 65 3b 20 7d 3b 0a 20
20 20 20 7d 2c 20 5b 5d  29 3b 0a 0a 20 20 20 20
75 73 65 45 66 66 65 63  74 28 28 29 20 3d 3e 20
7b 0a 20 20 20 20 20 20  20 20 6c 65 74 20 6d 6f
75 6e 74 65 64 20 3d 20  74 72 75 65 3b 0a 20 20
20 20 20 20 20 20 73 65  74 53 6b 69 6c 6c 44 69
73 63 6f 76 65 72 79 28  7b 20 2e 2e 2e 65 6d 70
74 79 53 6b 69 6c 6c 44  69 73 63 6f 76 65 72 79
2c 20 73 74 61 74 75 73  3a 20 27 6c 6f 61 64 69
6e 67 27 20 7d 29 3b 0a  20 20 20 20 20 20 20 20
64 69 73 63 6f 76 65 72  53 6b 69 6c 6c 41 70 70
4d 61 6e 69 66 65 73 74  73 28 29 0a 20 20 20 20
20 20 20 20 20 20 20 20  2e 74 68 65 6e 28 28 6e
65 78 74 29 20 3d 3e 20  7b 0a 20 20 20 20 20 20
20 20 20 20 20 20 20 20  20 20 69 66 20 28 6d 6f
75 6e 74 65 64 29 20 73  65 74 53 6b 69 6c 6c 44
69 73 63 6f 76 65 72 79  28 6e 65 78 74 29 3b 0a
20 20 20 20 20 20 20 20  20 20 20 20 7d 29 0a 20
20 20 20 20 20 20 20 20  20 20 20 2e 63 61 74 63
68 28 28 65 72 72 6f 72  3a 20 61 6e 79 29 20 3d
3e 20 7b 0a 20 20 20 20  20 20 20 20 20 20 20 20
20 20 20 20 69 66 20 28  6d 6f 75 6e 74 65 64 29
20 73 65 74 53 6b 69 6c  6c 44 69 73 63 6f 76 65
72 79 28 7b 20 2e 2e 2e  65 6d 70 74 79 53 6b 69
6c 6c 44 69 73 63 6f 76  65 72 79 2c 20 73 74 61
74 75 73 3a 20 27 65 72  72 6f 72 27 2c 20 65 72
72 6f 72 3a 20 65 72 72  6f 72 3f 2e 6d 65 73 73
61 67 65 20 7c 7c 20 53  74 72 69 6e 67 28 65 72
72 6f 72 29 20 7d 29 3b  0a 20 20 20 20 20 20 20
20 20 20 20 20 7d 29 3b  0a 20 20 20 20 20 20 20
20 72 65 74 75 72 6e 20  28 29 20 3d 3e 20 7b 20
6d 6f 75 6e 74 65 64 20  3d 20 66 61 6c 73 65 3b
20 7d 3b 0a 20 20 20 20  7d 2c 20 5b 5d 29 3b 0a
0a 20 20 20 20 75 73 65  45 66 66 65 63 74 28 28
29 20 3d 3e 20 7b 0a 20  20 20 20 20 20 20 20 69
66 20 28 73 6b 69 6c 6c  44 69 73 63 6f 76 65 72
79 2e 73 74 61 74 75 73  20 21 3d 3d 20 27 72 65
61 64 79 27 20 7c 7c 20  73 6b 69 6c 6c 44 69 73
63 6f 76 65 72 79 2e 63  61 6e 64 69 64 61 74 65
73 2e 6c 65 6e 67 74 68  20 3d 3d 3d 20 30 29 20
72 65 74 75 72 6e 3b 0a  20 20 20 20 20 20 20 20
73 65 74 41 70 70 73 28  28 63 75 72 72 65 6e 74
29 20 3d 3e 20 7b 0a 20  20 20 20 20 20 20 20 20
20 20 20 6c 65 74 20 63  68 61 6e 67 65 64 20 3d
20 66 61 6c 73 65 3b 0a  20 20 20 20 20 20 20 20
20 20 20 20 6c 65 74 20  6e 65 78 74 20 3d 20 63
75 72 72 65 6e 74 3b 0a  20 20 20 20 20 20 20 20
20 20 20 20 66 6f 72 20  28 63 6f 6e 73 74 20 63
61 6e 64 69 64 61 74 65  20 6f 66 20 73 6b 69 6c
6c 44 69 73 63 6f 76 65  72 79 2e 63 61 6e 64 69
64 61 74 65 73 29 20 7b  0a 20 20 20 20 20 20 20
20 20 20 20 20 20 20 20  20 69 66 20 28 6e 65 78
74 2e 73 6f 6d 65 28 28  61 70 70 29 20 3d 3e 20
61 70 70 2e 69 64 20 3d  3d 3d 20 63 61 6e 64 69
64 61 74 65 2e 69 64 29  29 20 63 6f 6e 74 69 6e
75 65 3b 0a 20 20 20 20  20 20 20 20 20 20 20 20
20 20 20 20 6e 65 78 74  20 3d 20 5b 2e 2e 2e 6e
65 78 74 2c 20 61 70 70  57 69 74 68 41 76 61 69
6c 61 62 6c 65 50 69 6e  28 63 61 6e 64 69 64 61
74 65 2c 20 6e 65 78 74  29 5d 3b 0a 20 20 20 20
20 20 20 20 20 20 20 20  20 20 20 20 63 68 61 6e
67 65 64 20 3d 20 74 72  75 65 3b 0a 20 20 20 20
20 20 20 20 20 20 20 20  7d 0a 20 20 20 20 20 20
20 20 20 20 20 20 72 65  74 75 72 6e 20 63 68 61
6e 67 65 64 20 3f 20 6e  65 78 74 20 3a 20 63 75
72 72 65 6e 74 3b 0a 20  20 20 20 20 20 20 20 7d
29 3b 0a 20 20 20 20 7d  2c 20 5b 73 6b 69 6c 6c
44 69 73 63 6f 76 65 72  79 2e 73 74 61 74 75 73
2c 20 73 6b 69 6c 6c 44  69 73 63 6f 76 65 72 79
2e 63 61 6e 64 69 64 61  74 65 73 5d 29 3b 0a 0a
20 20 20 20 63 6f 6e 73  74 20 63 61 74 65 67 6f
72 69 65 73 20 3d 20 75  73 65 4d 65 6d 6f 28 28
29 20 3d 3e 20 41 72 72  61 79 2e 66 72 6f 6d 28
6e 65 77 20 53 65 74 28  61 70 70 73 2e 6d 61 70
28 28 61 70 70 29 20 3d  3e 20 61 70 70 2e 63 61
74 65 67 6f 72 79 29 29  29 2c 20 5b 61 70 70 73
5d 29 3b 0a 20 20 20 20  63 6f 6e 73 74 20 6e 6f
72 6d 61 6c 69 7a 65 64  51 75 65 72 79 20 3d 20
71 75 65 72 79 2e 74 72  69 6d 28 29 2e 74 6f 4c
6f 77 65 72 43 61 73 65  28 29 3b 0a 20 20 20 20
63 6f 6e 73 74 20 71 75  65 72 79 4d 61 74 63 68
65 64 41 70 70 73 20 3d  20 75 73 65 4d 65 6d 6f
28 28 29 20 3d 3e 20 61  70 70 73 2e 66 69 6c 74
65 72 28 28 61 70 70 29  20 3d 3e 20 21 6e 6f 72
6d 61 6c 69 7a 65 64 51  75 65 72 79 20 7c 7c 20
62 75 69 6c 64 41 70 70  53 65 61 72 63 68 54 65
78 74 28 61 70 70 2c 20  6c 61 6e 67 29 2e 69 6e
63 6c 75 64 65 73 28 6e  6f 72 6d 61 6c 69 7a 65
64 51 75 65 72 79 29 29  2c 20 5b 61 70 70 73 2c
20 6e 6f 72 6d 61 6c 69  7a 65 64 51 75 65 72 79
2c 20 6c 61 6e 67 5d 29  3b 0a 20 20 20 20 63 6f
6e 73 74 20 63 61 74 65  67 6f 72 79 43 6f 75 6e
74 73 20 3d 20 75 73 65  4d 65 6d 6f 28 28 29 20
3d 3e 20 63 6f 75 6e 74  41 70 70 73 42 79 43 61
74 65 67 6f 72 79 28 71  75 65 72 79 4d 61 74 63
68 65 64 41 70 70 73 29  2c 20 5b 71 75 65 72 79
4d 61 74 63 68 65 64 41  70 70 73 5d 29 3b 0a 20
20 20 20 63 6f 6e 73 74  20 72 65 63 65 6e 74 41
70 70 43 6f 75 6e 74 20  3d 20 71 75 65 72 79 4d
61 74 63 68 65 64 41 70  70 73 2e 66 69 6c 74 65
72 28 28 61 70 70 29 20  3d 3e 20 21 21 61 70 70
2e 72 65 63 65 6e 74 55  73 65 64 41 74 29 2e 6c
65 6e 67 74 68 3b 0a 20  20 20 20 75 73 65 45 66
66 65 63 74 28 28 29 20  3d 3e 20 7b 0a 20 20 20
20 20 20 20 20 69 66 20  28 21 6e 6f 72 6d 61 6c
69 7a 65 64 51 75 65 72  79 20 7c 7c 20 63 61 74
65 67 6f 72 79 20 3d 3d  3d 20 27 61 6c 6c 27 29
20 72 65 74 75 72 6e 3b  0a 20 20 20 20 20 20 20
20 63 6f 6e 73 74 20 68  61 73 4d 61 74 63 68 65
73 20 3d 20 63 61 74 65  67 6f 72 79 20 3d 3d 3d
20 27 72 65 63 65 6e 74  27 20 3f 20 72 65 63 65
6e 74 41 70 70 43 6f 75  6e 74 20 3e 20 30 20 3a
20 28 63 61 74 65 67 6f  72 79 43 6f 75 6e 74 73
2e 67 65 74 28 63 61 74  65 67 6f 72 79 29 20 7c
7c 20 30 29 20 3e 20 30  3b 0a 20 20 20 20 20 20
20 20 69 66 20 28 21 68  61 73 4d 61 74 63 68 65
73 29 20 73 65 74 43 61  74 65 67 6f 72 79 28 27
61 6c 6c 27 29 3b 0a 20  20 20 20 7d 2c 20 5b 6e
6f 72 6d 61 6c 69 7a 65  64 51 75 65 72 79 2c 20
63 61 74 65 67 6f 72 79  2c 20 63 61 74 65 67 6f
72 79 43 6f 75 6e 74 73  2c 20 72 65 63 65 6e 74
41 70 70 43 6f 75 6e 74  5d 29 3b 0a 20 20 20 20
63 6f 6e 73 74 20 66 69  6c 74 65 72 65 64 41 70
70 73 20 3d 20 75 73 65  4d 65 6d 6f 28 28 29 20
3d 3e 20 7b 0a 20 20 20  20 20 20 20 20 63 6f 6e
73 74 20 66 69 6c 74 65  72 65 64 20 3d 20 61 70
70 73 2e 66 69 6c 74 65  72 28 28 61 70 70 29 20
3d 3e 20 7b 0a 20 20 20  20 20 20 20 20 20 20 20
20 63 6f 6e 73 74 20 63  61 74 65 67 6f 72 79 4d
61 74 63 68 65 73 20 3d  20 63 61 74 65 67 6f 72
79 20 3d 3d 3d 20 27 61  6c 6c 27 20 7c 7c 20 63
61 74 65 67 6f 72 79 20  3d 3d 3d 20 27 72 65 63
65 6e 74 27 20 3f 20 74  72 75 65 20 3a 20 61 70
70 2e 63 61 74 65 67 6f  72 79 20 3d 3d 3d 20 63
61 74 65 67 6f 72 79 3b  0a 20 20 20 20 20 20 20
20 20 20 20 20 63 6f 6e  73 74 20 72 65 63 65 6e
74 4d 61 74 63 68 65 73  20 3d 20 63 61 74 65 67
6f 72 79 20 21 3d 3d 20  27 72 65 63 65 6e 74 27
20 7c 7c 20 21 21 61 70  70 2e 72 65 63 65 6e 74
55 73 65 64 41 74 3b 0a  20 20 20 20 20 20 20 20
20 20 20 20 63 6f 6e 73  74 20 71 75 65 72 79 4d
61 74 63 68 65 73 20 3d  20 21 6e 6f 72 6d 61 6c
69 7a 65 64 51 75 65 72  79 20 7c 7c 20 62 75 69
6c 64 41 70 70 53 65 61  72 63 68 54 65 78 74 28
61 70 70 2c 20 6c 61 6e  67 29 2e 69 6e 63 6c 75
64 65 73 28 6e 6f 72 6d  61 6c 69 7a 65 64 51 75
65 72 79 29 3b 0a 20 20  20 20 20 20 20 20 20 20
20 20 72 65 74 75 72 6e  20 63 61 74 65 67 6f 72
79 4d 61 74 63 68 65 73  20 26 26 20 72 65 63 65
6e 74 4d 61 74 63 68 65  73 20 26 26 20 71 75 65
72 79 4d 61 74 63 68 65  73 3b 0a 20 20 20 20 20
20 20 20 7d 29 3b 0a 20  20 20 20 20 20 20 20 69
66 20 28 63 61 74 65 67  6f 72 79 20 21 3d 3d 20
27 72 65 63 65 6e 74 27  29 20 72 65 74 75 72 6e
20 66 69 6c 74 65 72 65  64 3b 0a 20 20 20 20 20
20 20 20 72 65 74 75 72  6e 20 5b 2e 2e 2e 66 69
6c 74 65 72 65 64 5d 2e  73 6f 72 74 28 28 6c 65
66 74 2c 20 72 69 67 68  74 29 20 3d 3e 20 53 74
72 69 6e 67 28 72 69 67  68 74 2e 72 65 63 65 6e
74 55 73 65 64 41 74 20  7c 7c 20 27 27 29 2e 6c
6f 63 61 6c 65 43 6f 6d  70 61 72 65 28 53 74 72
69 6e 67 28 6c 65 66 74  2e 72 65 63 65 6e 74 55
73 65 64 41 74 20 7c 7c  20 27 27 29 29 29 3b 0a
20 20 20 20 7d 2c 20 5b  61 70 70 73 2c 20 63 61
74 65 67 6f 72 79 2c 20  6e 6f 72 6d 61 6c 69 7a
65 64 51 75 65 72 79 2c  20 6c 61 6e 67 5d 29 3b
0a 20 20 20 20 63 6f 6e  73 74 20 68 61 73 53 65
61 72 63 68 51 75 65 72  79 20 3d 20 6e 6f 72 6d
61 6c 69 7a 65 64 51 75  65 72 79 2e 6c 65 6e 67
74 68 20 3e 20 30 3b 0a  20 20 20 20 63 6f 6e 73
74 20 70 61 6e 65 6c 46  69 6c 74 65 72 41 63 74
69 76 65 20 3d 20 68 61  73 53 65 61 72 63 68 51
75 65 72 79 20 7c 7c 20  63 61 74 65 67 6f 72 79
20 21 3d 3d 20 27 61 6c  6c 27 3b 0a 20 20 20 20
63 6f 6e 73 74 20 73 68  6f 77 50 69 6e 6e 65 64
53 65 63 74 69 6f 6e 20  3d 20 21 68 61 73 53 65
61 72 63 68 51 75 65 72  79 20 26 26 20 63 61 74
65 67 6f 72 79 20 21 3d  3d 20 27 72 65 63 65 6e
74 27 3b 0a 20 20 20 20  63 6f 6e 73 74 20 70 69
6e 6e 65 64 41 70 70 73  20 3d 20 73 68 6f 77 50
69 6e 6e 65 64 53 65 63  74 69 6f 6e 20 3f 20 66
69 6c 74 65 72 65 64 41  70 70 73 2e 66 69 6c 74
65 72 28 28 61 70 70 29  20 3d 3e 20 61 70 70 2e
70 69 6e 6e 65 64 29 2e  73 6c 69 63 65 28 30 2c
20 6d 61 78 50 69 6e 6e  65 64 41 70 70 73 29 20
3a 20 5b 5d 3b 0a 20 20  20 20 63 6f 6e 73 74 20
70 69 6e 6e 65 64 53 65  63 74 69 6f 6e 49 64 73
20 3d 20 6e 65 77 20 53  65 74 28 70 69 6e 6e 65
64 41 70 70 73 2e 6d 61  70 28 28 61 70 70 29 20
3d 3e 20 61 70 70 2e 69  64 29 29 3b 0a 20 20 20
20 63 6f 6e 73 74 20 76  69 73 69 62 6c 65 4c 69
73 74 41 70 70 73 20 3d  20 70 69 6e 6e 65 64 53
65 63 74 69 6f 6e 49 64  73 2e 73 69 7a 65 20 3e
20 30 20 3f 20 66 69 6c  74 65 72 65 64 41 70 70
73 2e 66 69 6c 74 65 72  28 28 61 70 70 29 20 3d
3e 20 21 70 69 6e 6e 65  64 53 65 63 74 69 6f 6e
49 64 73 2e 68 61 73 28  61 70 70 2e 69 64 29 29
20 3a 20 66 69 6c 74 65  72 65 64 41 70 70 73 3b
0a 20 20 20 20 63 6f 6e  73 74 20 70 61 6e 65 6c
46 69 6c 74 65 72 53 75  6d 6d 61 72 79 20 3d 20
66 69 6c 74 65 72 53 75  6d 6d 61 72 79 54 65 78
74 28 7b 20 71 75 65 72  79 2c 20 63 61 74 65 67
6f 72 79 2c 20 63 6f 75  6e 74 3a 20 66 69 6c 74
65 72 65 64 41 70 70 73  2e 6c 65 6e 67 74 68 2c
20 6c 61 6e 67 2c 20 61  6c 6c 4c 61 62 65 6c 3a
20 74 65 78 74 2e 61 6c  6c 20 7d 29 3b 0a 20 20
20 20 63 6f 6e 73 74 20  74 69 6c 65 4d 65 6e 75
41 70 70 20 3d 20 74 69  6c 65 4d 65 6e 75 20 3f
20 61 70 70 73 2e 66 69  6e 64 28 28 61 70 70 29
20 3d 3e 20 61 70 70 2e  69 64 20 3d 3d 3d 20 74
69 6c 65 4d 65 6e 75 2e  61 70 70 49 64 29 20 3a
20 75 6e 64 65 66 69 6e  65 64 3b 0a 20 20 20 20
63 6f 6e 73 74 20 74 69  6c 65 4d 65 6e 75 50 69
6e 44 69 73 61 62 6c 65  64 20 3d 20 21 21 74 69
6c 65 4d 65 6e 75 41 70  70 20 26 26 20 21 74 69
6c 65 4d 65 6e 75 41 70  70 2e 70 69 6e 6e 65 64
20 26 26 20 61 70 70 73  2e 66 69 6c 74 65 72 28
28 61 70 70 29 20 3d 3e  20 61 70 70 2e 70 69 6e
6e 65 64 29 2e 6c 65 6e  67 74 68 20 3e 3d 20 6d
61 78 50 69 6e 6e 65 64  41 70 70 73 3b 0a 20 20
20 20 63 6f 6e 73 74 20  6f 70 65 6e 54 61 62 41
70 70 73 20 3d 20 6f 70  65 6e 54 61 62 73 2e 6d
61 70 28 28 69 64 29 20  3d 3e 20 61 70 70 73 2e
66 69 6e 64 28 28 61 70  70 29 20 3d 3e 20 61 70
70 2e 69 64 20 3d 3d 3d  20 69 64 29 29 2e 66 69
6c 74 65 72 28 28 61 70  70 29 3a 20 61 70 70 20
69 73 20 41 70 70 45 6e  74 72 79 20 3d 3e 20 21
21 61 70 70 29 3b 0a 20  20 20 20 63 6f 6e 73 74
20 61 63 74 69 76 65 41  70 70 20 3d 20 61 70 70
73 2e 66 69 6e 64 28 28  61 70 70 29 20 3d 3e 20
61 70 70 2e 69 64 20 3d  3d 3d 20 61 63 74 69 76
65 54 61 62 49 64 29 20  3f 3f 20 6f 70 65 6e 54
61 62 41 70 70 73 5b 30  5d 3b 0a 20 20 20 20 63
6f 6e 73 74 20 68 69 64  64 65 6e 41 70 70 73 20
3d 20 69 6e 69 74 69 61  6c 41 70 70 73 2e 66 69
6c 74 65 72 28 28 61 70  70 29 20 3d 3e 20 21 61
70 70 73 2e 73 6f 6d 65  28 28 69 74 65 6d 29 20
3d 3e 20 69 74 65 6d 2e  69 64 20 3d 3d 3d 20 61
70 70 2e 69 64 29 29 3b  0a 0a 20 20 20 20 63 6f
6e 73 74 20 6f 70 65 6e  41 70 70 20 3d 20 28 61
70 70 3a 20 41 70 70 45  6e 74 72 79 29 20 3d 3e
20 7b 0a 20 20 20 20 20  20 20 20 6d 61 72 6b 41
70 70 55 73 65 64 28 61  70 70 2e 69 64 29 3b 0a
20 20 20 20 20 20 20 20  73 65 74 54 69 6c 65 4d
65 6e 75 28 6e 75 6c 6c  29 3b 0a 20 20 20 20 20
20 20 20 73 65 74 4f 70  65 6e 54 61 62 73 28 28
63 75 72 72 65 6e 74 29  20 3d 3e 20 63 75 72 72
65 6e 74 2e 69 6e 63 6c  75 64 65 73 28 61 70 70
2e 69 64 29 20 3f 20 63  75 72 72 65 6e 74 20 3a
20 5b 2e 2e 2e 63 75 72  72 65 6e 74 2c 20 61 70
70 2e 69 64 5d 29 3b 0a  20 20 20 20 20 20 20 20
73 65 74 41 63 74 69 76  65 54 61 62 49 64 28 61
70 70 2e 69 64 29 3b 0a  20 20 20 20 20 20 20 20
73 65 74 53 74 75 64 69  6f 4f 70 65 6e 28 66 61
6c 73 65 29 3b 0a 20 20  20 20 7d 3b 0a 0a 20 20
20 20 63 6f 6e 73 74 20  6d 61 72 6b 41 70 70 55
73 65 64 20 3d 20 28 61  70 70 49 64 3a 20 73 74
72 69 6e 67 29 20 3d 3e  20 7b 0a 20 20 20 20 20
20 20 20 72 65 63 65 6e  74 55 73 65 53 65 71 75
65 6e 63 65 20 2b 3d 20  31 3b 0a 20 20 20 20 20
20 20 20 63 6f 6e 73 74  20 75 73 65 64 41 74 20
3d 20 60 24 7b 44 61 74  65 2e 6e 6f 77 28 29 2e
74 6f 53 74 72 69 6e 67  28 29 2e 70 61 64 53 74
61 72 74 28 31 33 2c 20  27 30 27 29 7d 2d 24 7b
72 65 63 65 6e 74 55 73  65 53 65 71 75 65 6e 63
65 2e 74 6f 53 74 72 69  6e 67 28 29 2e 70 61 64
53 74 61 72 74 28 36 2c  20 27 30 27 29 7d 60 3b
0a 20 20 20 20 20 20 20  20 73 65 74 41 70 70 73
28 28 63 75 72 72 65 6e  74 29 20 3d 3e 20 63 75
72 72 65 6e 74 2e 6d 61  70 28 28 61 70 70 29 20
3d 3e 20 61 70 70 2e 69  64 20 3d 3d 3d 20 61 70
70 49 64 20 3f 20 7b 20  2e 2e 2e 61 70 70 2c 20
72 65 63 65 6e 74 55 73  65 64 41 74 3a 20 75 73
65 64 41 74 20 7d 20 3a  20 61 70 70 29 29 3b 0a
20 20 20 20 7d 3b 0a 0a  20 20 20 20 63 6f 6e 73
74 20 63 6c 6f 73 65 41  70 70 54 61 62 20 3d 20
28 61 70 70 49 64 3a 20  73 74 72 69 6e 67 29 20
3d 3e 20 7b 0a 20 20 20  20 20 20 20 20 73 65 74
4f 70 65 6e 54 61 62 73  28 28 63 75 72 72 65 6e
74 29 20 3d 3e 20 7b 0a  20 20 20 20 20 20 20 20
20 20 20 20 63 6f 6e 73  74 20 69 6e 64 65 78 20
3d 20 63 75 72 72 65 6e  74 2e 69 6e 64 65 78 4f
66 28 61 70 70 49 64 29  3b 0a 20 20 20 20 20 20
20 20 20 20 20 20 63 6f  6e 73 74 20 6e 65 78 74
20 3d 20 63 75 72 72 65  6e 74 2e 66 69 6c 74 65
72 28 28 69 64 29 20 3d  3e 20 69 64 20 21 3d 3d
20 61 70 70 49 64 29 3b  0a 20 20 20 20 20 20 20
20 20 20 20 20 69 66 20  28 61 63 74 69 76 65 54
61 62 49 64 20 3d 3d 3d  20 61 70 70 49 64 29 20
7b 0a 20 20 20 20 20 20  20 20 20 20 20 20 20 20
20 20 73 65 74 41 63 74  69 76 65 54 61 62 49 64
28 6e 65 78 74 5b 4d 61  74 68 2e 6d 61 78 28 30
2c 20 69 6e 64 65 78 20  2d 20 31 29 5d 20 7c 7c
20 6e 65 78 74 5b 30 5d  20 7c 7c 20 27 27 29 3b
0a 20 20 20 20 20 20 20  20 20 20 20 20 7d 0a 20
20 20 20 20 20 20 20 20  20 20 20 72 65 74 75 72
6e 20 6e 65 78 74 3b 0a  20 20 20 20 20 20 20 20
7d 29 3b 0a 20 20 20 20  7d 3b 0a 0a 20 20 20 20
63 6f 6e 73 74 20 74 6f  67 67 6c 65 50 69 6e 20
3d 20 28 61 70 70 49 64  3a 20 73 74 72 69 6e 67
29 20 3d 3e 20 7b 0a 20  20 20 20 20 20 20 20 73
65 74 41 70 70 73 28 28  63 75 72 72 65 6e 74 29
20 3d 3e 20 7b 0a 20 20  20 20 20 20 20 20 20 20
20 20 63 6f 6e 73 74 20  70 69 6e 43 6f 75 6e 74
20 3d 20 63 75 72 72 65  6e 74 2e 66 69 6c 74 65
72 28 28 61 70 70 29 20  3d 3e 20 61 70 70 2e 70
69 6e 6e 65 64 29 2e 6c  65 6e 67 74 68 3b 0a 20
20 20 20 20 20 20 20 20  20 20 20 72 65 74 75 72
6e 20 63 75 72 72 65 6e  74 2e 6d 61 70 28 28 61
70 70 29 20 3d 3e 20 7b  0a 20 20 20 20 20 20 20
20 20 20 20 20 20 20 20  20 69 66 20 28 61 70 70
2e 69 64 20 21 3d 3d 20  61 70 70 49 64 29 20 72
65 74 75 72 6e 20 61 70  70 3b 0a 20 20 20 20 20
20 20 20 20 20 20 20 20  20 20 20 69 66 20 28 21
61 70 70 2e 70 69 6e 6e  65 64 20 26 26 20 70 69
6e 43 6f 75 6e 74 20 3e  3d 20 6d 61 78 50 69 6e
6e 65 64 41 70 70 73 29  20 72 65 74 75 72 6e 20
61 70 70 3b 0a 20 20 20  20 20 20 20 20 20 20 20
20 20 20 20 20 72 65 74  75 72 6e 20 7b 20 2e 2e
2e 61 70 70 2c 20 70 69  6e 6e 65 64 3a 20 21 61
70 70 2e 70 69 6e 6e 65  64 20 7d 3b 0a 20 20 20
20 20 20 20 20 20 20 20  20 7d 29 3b 0a 20 20 20
20 20 20 20 20 7d 29 3b  0a 20 20 20 20 7d 3b 0a
0a 20 20 20 20 63 6f 6e  73 74 20 6d 6f 76 65 41
70 70 20 3d 20 28 61 70  70 49 64 3a 20 73 74 72
69 6e 67 2c 20 64 69 72  65 63 74 69 6f 6e 3a 20
41 70 70 4d 6f 76 65 54  61 72 67 65 74 29 20 3d
3e 20 7b 0a 20 20 20 20  20 20 20 20 73 65 74 41
70 70 73 28 28 63 75 72  72 65 6e 74 29 20 3d 3e
20 7b 0a 20 20 20 20 20  20 20 20 20 20 20 20 63
6f 6e 73 74 20 69 6e 64  65 78 20 3d 20 63 75 72
72 65 6e 74 2e 66 69 6e  64 49 6e 64 65 78 28 28
61 70 70 29 20 3d 3e 20  61 70 70 2e 69 64 20 3d
3d 3d 20 61 70 70 49 64  29 3b 0a 20 20 20 20 20
20 20 20 20 20 20 20 69  66 20 28 69 6e 64 65 78
20 3c 20 30 29 20 72 65  74 75 72 6e 20 63 75 72
72 65 6e 74 3b 0a 20 20  20 20 20 20 20 20 20 20
20 20 63 6f 6e 73 74 20  6e 65 78 74 49 6e 64 65
78 20 3d 20 64 69 72 65  63 74 69 6f 6e 20 3d 3d
3d 20 27 74 6f 70 27 20  3f 20 30 20 3a 20 64 69
72 65 63 74 69 6f 6e 20  3d 3d 3d 20 27 62 6f 74
74 6f 6d 27 20 3f 20 63  75 72 72 65 6e 74 2e 6c
65 6e 67 74 68 20 2d 20  31 20 3a 20 69 6e 64 65
78 20 2b 20 64 69 72 65  63 74 69 6f 6e 3b 0a 20
20 20 20 20 20 20 20 20  20 20 20 69 66 20 28 6e
65 78 74 49 6e 64 65 78  20 3c 20 30 20 7c 7c 20
6e 65 78 74 49 6e 64 65  78 20 3e 3d 20 63 75 72
72 65 6e 74 2e 6c 65 6e  67 74 68 20 7c 7c 20 6e
65 78 74 49 6e 64 65 78  20 3d 3d 3d 20 69 6e 64
65 78 29 20 72 65 74 75  72 6e 20 63 75 72 72 65
6e 74 3b 0a 20 20 20 20  20 20 20 20 20 20 20 20
63 6f 6e 73 74 20 6e 65  78 74 20 3d 20 5b 2e 2e
2e 63 75 72 72 65 6e 74  5d 3b 0a 20 20 20 20 20
20 20 20 20 20 20 20 63  6f 6e 73 74 20 5b 69 74
65 6d 5d 20 3d 20 6e 65  78 74 2e 73 70 6c 69 63
65 28 69 6e 64 65 78 2c  20 31 29 3b 0a 20 20 20
20 20 20 20 20 20 20 20  20 6e 65 78 74 2e 73 70
6c 69 63 65 28 6e 65 78  74 49 6e 64 65 78 2c 20
30 2c 20 69 74 65 6d 29  3b 0a 20 20 20 20 20 20
20 20 20 20 20 20 72 65  74 75 72 6e 20 6e 65 78
74 3b 0a 20 20 20 20 20  20 20 20 7d 29 3b 0a 20
20 20 20 7d 3b 0a 0a 20  20 20 20 63 6f 6e 73 74
20 75 70 64 61 74 65 41  70 70 20 3d 20 28 61 70
70 49 64 3a 20 73 74 72  69 6e 67 2c 20 70 61 74
63 68 3a 20 50 61 72 74  69 61 6c 3c 41 70 70 45
6e 74 72 79 3e 29 20 3d  3e 20 7b 0a 20 20 20 20
20 20 20 20 73 65 74 41  70 70 73 28 28 63 75 72
72 65 6e 74 29 20 3d 3e  20 63 75 72 72 65 6e 74
2e 6d 61 70 28 28 61 70  70 29 20 3d 3e 20 61 70
70 2e 69 64 20 3d 3d 3d  20 61 70 70 49 64 20 3f
20 7b 20 2e 2e 2e 61 70  70 2c 20 2e 2e 2e 70 61
74 63 68 20 7d 20 3a 20  61 70 70 29 29 3b 0a 20
20 20 20 20 20 20 20 6d  61 72 6b 41 70 70 50 75
62 6c 69 73 68 53 75 62  6d 69 73 73 69 6f 6e 4d
6f 64 69 66 69 65 64 28  61 70 70 49 64 2c 20 70
61 74 63 68 2e 76 65 72  73 69 6f 6e 29 3b 0a 20
20 20 20 7d 3b 0a 0a 20  20 20 20 63 6f 6e 73 74
20 64 75 70 6c 69 63 61  74 65 41 70 70 20 3d 20
28 61 70 70 49 64 3a 20  73 74 72 69 6e 67 29 20
3d 3e 20 7b 0a 20 20 20  20 20 20 20 20 63 6f 6e
73 74 20 73 6f 75 72 63  65 20 3d 20 61 70 70 73
2e 66 69 6e 64 28 28 61  70 70 29 20 3d 3e 20 61
70 70 2e 69 64 20 3d 3d  3d 20 61 70 70 49 64 29
3b 0a 20 20 20 20 20 20  20 20 69 66 20 28 21 73
6f 75 72 63 65 29 20 72  65 74 75 72 6e 3b 0a 20
20 20 20 20 20 20 20 63  6f 6e 73 74 20 69 64 20
3d 20 6d 61 6b 65 4c 6f  63 61 6c 41 70 70 49 64
28 60 24 7b 73 6f 75 72  63 65 2e 6e 61 6d 65 7d
2d 63 6f 70 79 60 29 3b  0a 20 20 20 20 20 20 20
20 63 6f 6e 73 74 20 73  75 66 66 69 78 20 3d 20
74 65 78 74 2e 64 75 70  6c 69 63 61 74 65 53 75
66 66 69 78 3b 0a 20 20  20 20 20 20 20 20 63 6f
6e 73 74 20 6e 61 6d 65  20 3d 20 6d 61 6b 65 44
75 70 6c 69 63 61 74 65  41 70 70 4e 61 6d 65 28
73 6f 75 72 63 65 2e 6e  61 6d 65 2c 20 73 75 66
66 69 78 2c 20 6e 65 77  20 53 65 74 28 61 70 70
73 2e 6d 61 70 28 28 61  70 70 29 20 3d 3e 20 61
70 70 2e 6e 61 6d 65 29  29 29 3b 0a 20 20 20 20
20 20 20 20 63 6f 6e 73  74 20 63 6c 6f 6e 65 64
3a 20 41 70 70 45 6e 74  72 79 20 3d 20 7b 0a 20
20 20 20 20 20 20 20 20  20 20 20 2e 2e 2e 73 6f
75 72 63 65 2c 0a 20 20  20 20 20 20 20 20 20 20
20 20 69 64 2c 0a 20 20  20 20 20 20 20 20 20 20
20 20 6e 61 6d 65 2c 0a  20 20 20 20 20 20 20 20
20 20 20 20 73 6f 75 72  63 65 3a 20 27 6c 6f 63
61 6c 27 2c 0a 20 20 20  20 20 20 20 20 20 20 20
20 76 65 72 73 69 6f 6e  3a 20 31 2c 0a 20 20 20
20 20 20 20 20 20 20 20  20 70 69 6e 6e 65 64 3a
20 66 61 6c 73 65 2c 0a  20 20 20 20 20 20 20 20
20 20 20 20 72 65 63 65  6e 74 55 73 65 64 41 74
3a 20 75 6e 64 65 66 69  6e 65 64 2c 0a 20 20 20
20 20 20 20 20 20 20 20  20 6d 61 6e 69 66 65 73
74 3a 20 73 6f 75 72 63  65 2e 6d 61 6e 69 66 65
73 74 20 3f 20 7b 0a 20  20 20 20 20 20 20 20 20
20 20 20 20 20 20 20 2e  2e 2e 73 6f 75 72 63 65
2e 6d 61 6e 69 66 65 73  74 2c 0a 20 20 20 20 20
20 20 20 20 20 20 20 20  20 20 20 64 61 74 61 73
72 76 3a 20 73 6f 75 72  63 65 2e 6d 61 6e 69 66
65 73 74 2e 64 61 74 61  73 72 76 20 3f 20 7b 20
2e 2e 2e 73 6f 75 72 63  65 2e 6d 61 6e 69 66 65
73 74 2e 64 61 74 61 73  72 76 20 7d 20 3a 20 75
6e 64 65 66 69 6e 65 64  2c 0a 20 20 20 20 20 20
20 20 20 20 20 20 20 20  20 20 73 6b 69 6c 6c 3a
20 73 6f 75 72 63 65 2e  6d 61 6e 69 66 65 73 74
2e 73 6b 69 6c 6c 20 3f  20 7b 20 2e 2e 2e 73 6f
75 72 63 65 2e 6d 61 6e  69 66 65 73 74 2e 73 6b
69 6c 6c 2c 20 66 69 65  6c 64 73 3a 20 73 6f 75
72 63 65 2e 6d 61 6e 69  66 65 73 74 2e 73 6b 69
6c 6c 2e 66 69 65 6c 64  73 20 3f 20 73 6f 75 72
63 65 2e 6d 61 6e 69 66  65 73 74 2e 73 6b 69 6c
6c 2e 66 69 65 6c 64 73  2e 6d 61 70 28 28 66 69
65 6c 64 29 20 3d 3e 20  28 7b 20 2e 2e 2e 66 69
65 6c 64 2c 20 6f 70 74  69 6f 6e 73 3a 20 66 69
65 6c 64 2e 6f 70 74 69  6f 6e 73 20 3f 20 5b 2e
2e 2e 66 69 65 6c 64 2e  6f 70 74 69 6f 6e 73 5d
20 3a 20 75 6e 64 65 66  69 6e 65 64 20 7d 29 29
20 3a 20 75 6e 64 65 66  69 6e 65 64 20 7d 20 3a
20 75 6e 64 65 66 69 6e  65 64 2c 0a 20 20 20 20
20 20 20 20 20 20 20 20  7d 20 3a 20 75 6e 64 65
66 69 6e 65 64 2c 0a 20  20 20 20 20 20 20 20 7d
3b 0a 20 20 20 20 20 20  20 20 73 65 74 41 70 70
73 28 28 63 75 72 72 65  6e 74 29 20 3d 3e 20 5b
2e 2e 2e 63 75 72 72 65  6e 74 2c 20 63 6c 6f 6e
65 64 5d 29 3b 0a 20 20  20 20 20 20 20 20 73 65
74 53 74 75 64 69 6f 54  61 62 28 27 6d 61 6e 61
67 65 27 29 3b 0a 20 20  20 20 20 20 20 20 73 65
74 53 74 75 64 69 6f 45  64 69 74 41 70 70 49 64
28 69 64 29 3b 0a 20 20  20 20 7d 3b 0a 0a 20 20
20 20 63 6f 6e 73 74 20  72 65 6d 6f 76 65 41 70
70 20 3d 20 28 61 70 70  49 64 3a 20 73 74 72 69
6e 67 29 20 3d 3e 20 7b  0a 20 20 20 20 20 20 20
20 63 6c 65 61 72 41 70  70 52 75 6e 48 69 73 74
6f 72 79 28 61 70 70 49  64 29 3b 0a 20 20 20 20
20 20 20 20 63 6c 65 61  72 41 70 70 50 75 62 6c
69 73 68 53 75 62 6d 69  73 73 69 6f 6e 28 61 70
70 49 64 29 3b 0a 20 20  20 20 20 20 20 20 73 65
74 41 70 70 73 28 28 63  75 72 72 65 6e 74 29 20
3d 3e 20 63 75 72 72 65  6e 74 2e 66 69 6c 74 65
72 28 28 61 70 70 29 20  3d 3e 20 61 70 70 2e 69
64 20 21 3d 3d 20 61 70  70 49 64 29 29 3b 0a 20
20 20 20 20 20 20 20 73  65 74 4f 70 65 6e 54 61
62 73 28 28 63 75 72 72  65 6e 74 29 20 3d 3e 20
7b 0a 20 20 20 20 20 20  20 20 20 20 20 20 63 6f
6e 73 74 20 69 6e 64 65  78 20 3d 20 63 75 72 72
65 6e 74 2e 69 6e 64 65  78 4f 66 28 61 70 70 49
64 29 3b 0a 20 20 20 20  20 20 20 20 20 20 20 20
63 6f 6e 73 74 20 6e 65  78 74 20 3d 20 63 75 72
72 65 6e 74 2e 66 69 6c  74 65 72 28 28 69 64 29
20 3d 3e 20 69 64 20 21  3d 3d 20 61 70 70 49 64
29 3b 0a 20 20 20 20 20  20 20 20 20 20 20 20 69
66 20 28 61 63 74 69 76  65 54 61 62 49 64 20 3d
3d 3d 20 61 70 70 49 64  29 20 7b 0a 20 20 20 20
20 20 20 20 20 20 20 20  20 20 20 20 73 65 74 41
63 74 69 76 65 54 61 62  49 64 28 6e 65 78 74 5b
4d 61 74 68 2e 6d 61 78  28 30 2c 20 69 6e 64 65
78 20 2d 20 31 29 5d 20  7c 7c 20 6e 65 78 74 5b
30 5d 20 7c 7c 20 27 27  29 3b 0a 20 20 20 20 20
20 20 20 20 20 20 20 7d  0a 20 20 20 20 20 20 20
20 20 20 20 20 72 65 74  75 72 6e 20 6e 65 78 74
3b 0a 20 20 20 20 20 20  20 20 7d 29 3b 0a 20 20
20 20 7d 3b 0a 0a 20 20  20 20 63 6f 6e 73 74 20
72 65 73 74 6f 72 65 41  70 70 20 3d 20 28 61 70
70 49 64 3a 20 73 74 72  69 6e 67 29 20 3d 3e 20
7b 0a 20 20 20 20 20 20  20 20 63 6f 6e 73 74 20
61 70 70 20 3d 20 69 6e  69 74 69 61 6c 41 70 70
73 2e 66 69 6e 64 28 28  69 74 65 6d 29 20 3d 3e
20 69 74 65 6d 2e 69 64  20 3d 3d 3d 20 61 70 70
49 64 29 3b 0a 20 20 20  20 20 20 20 20 69 66 20
28 21 61 70 70 29 20 72  65 74 75 72 6e 3b 0a 20
20 20 20 20 20 20 20 73  65 74 41 70 70 73 28 28
63 75 72 72 65 6e 74 29  20 3d 3e 20 63 75 72 72
65 6e 74 2e 73 6f 6d 65  28 28 69 74 65 6d 29 20
3d 3e 20 69 74 65 6d 2e  69 64 20 3d 3d 3d 20 61
70 70 49 64 29 20 3f 20  63 75 72 72 65 6e 74 20
3a 20 5b 2e 2e 2e 63 75  72 72 65 6e 74 2c 20 61
70 70 57 69 74 68 41 76  61 69 6c 61 62 6c 65 50
69 6e 28 61 70 70 2c 20  63 75 72 72 65 6e 74 29
5d 29 3b 0a 20 20 20 20  7d 3b 0a 0a 20 20 20 20
63 6f 6e 73 74 20 61 64  64 44 69 73 63 6f 76 65
72 65 64 41 70 70 20 3d  20 28 61 70 70 3a 20 41
70 70 45 6e 74 72 79 2c  20 6f 70 74 69 6f 6e 73
3f 3a 20 7b 20 6b 65 65  70 53 74 75 64 69 6f 43
72 65 61 74 65 3f 3a 20  62 6f 6f 6c 65 61 6e 20
7d 29 20 3d 3e 20 7b 0a  20 20 20 20 20 20 20 20
73 65 74 41 70 70 73 28  28 63 75 72 72 65 6e 74
29 20 3d 3e 20 7b 0a 20  20 20 20 20 20 20 20 20
20 20 20 69 66 20 28 63  75 72 72 65 6e 74 2e 73
6f 6d 65 28 28 69 74 65  6d 29 20 3d 3e 20 69 74
65 6d 2e 69 64 20 3d 3d  3d 20 61 70 70 2e 69 64
29 29 20 72 65 74 75 72  6e 20 63 75 72 72 65 6e
74 3b 0a 20 20 20 20 20  20 20 20 20 20 20 20 72
65 74 75 72 6e 20 5b 2e  2e 2e 63 75 72 72 65 6e
74 2c 20 61 70 70 57 69  74 68 41 76 61 69 6c 61
62 6c 65 50 69 6e 28 61  70 70 2c 20 63 75 72 72
65 6e 74 29 5d 3b 0a 20  20 20 20 20 20 20 20 7d
29 3b 0a 20 20 20 20 20  20 20 20 69 66 20 28 21
6f 70 74 69 6f 6e 73 3f  2e 6b 65 65 70 53 74 75
64 69 6f 43 72 65 61 74  65 29 20 73 65 74 53 74
75 64 69 6f 54 61 62 28  27 6d 61 6e 61 67 65 27
29 3b 0a 20 20 20 20 7d  3b 0a 0a 20 20 20 20 63
6f 6e 73 74 20 69 6e 73  74 61 6c 6c 4d 61 72 6b
65 74 41 70 70 20 3d 20  28 61 70 70 3a 20 41 70
70 45 6e 74 72 79 29 20  3d 3e 20 7b 0a 20 20 20
20 20 20 20 20 63 6f 6e  73 74 20 65 78 69 73 74
69 6e 67 20 3d 20 61 70  70 73 2e 66 69 6e 64 28
28 69 74 65 6d 29 20 3d  3e 20 61 70 70 49 6e 73
74 61 6c 6c 49 64 65 6e  74 69 74 79 4b 65 79 73
28 61 70 70 2e 69 64 29  2e 73 6f 6d 65 28 28 69
64 29 20 3d 3e 20 61 70  70 49 6e 73 74 61 6c 6c
49 64 65 6e 74 69 74 79  4b 65 79 73 28 69 74 65
6d 2e 69 64 29 2e 69 6e  63 6c 75 64 65 73 28 69
64 29 29 29 3b 0a 20 20  20 20 20 20 20 20 73 65
74 41 70 70 73 28 28 63  75 72 72 65 6e 74 29 20
3d 3e 20 7b 0a 20 20 20  20 20 20 20 20 20 20 20
20 63 6f 6e 73 74 20 65  78 69 73 74 69 6e 67 49
6e 64 65 78 20 3d 20 63  75 72 72 65 6e 74 2e 66
69 6e 64 49 6e 64 65 78  28 28 69 74 65 6d 29 20
3d 3e 20 61 70 70 49 6e  73 74 61 6c 6c 49 64 65
6e 74 69 74 79 4b 65 79  73 28 61 70 70 2e 69 64
29 2e 73 6f 6d 65 28 28  69 64 29 20 3d 3e 20 61
70 70 49 6e 73 74 61 6c  6c 49 64 65 6e 74 69 74
79 4b 65 79 73 28 69 74  65 6d 2e 69 64 29 2e 69
6e 63 6c 75 64 65 73 28  69 64 29 29 29 3b 0a 20
20 20 20 20 20 20 20 20  20 20 20 69 66 20 28 65
78 69 73 74 69 6e 67 49  6e 64 65 78 20 3e 3d 20
30 29 20 7b 0a 20 20 20  20 20 20 20 20 20 20 20
20 20 20 20 20 63 6f 6e  73 74 20 65 78 69 73 74
69 6e 67 20 3d 20 63 75  72 72 65 6e 74 5b 65 78
69 73 74 69 6e 67 49 6e  64 65 78 5d 3b 0a 20 20
20 20 20 20 20 20 20 20  20 20 20 20 20 20 69 66
20 28 6e 6f 72 6d 61 6c  69 7a 65 41 70 70 56 65
72 73 69 6f 6e 28 61 70  70 2e 76 65 72 73 69 6f
6e 29 20 3c 3d 20 6e 6f  72 6d 61 6c 69 7a 65 41
70 70 56 65 72 73 69 6f  6e 28 65 78 69 73 74 69
6e 67 2e 76 65 72 73 69  6f 6e 29 29 20 72 65 74
75 72 6e 20 63 75 72 72  65 6e 74 3b 0a 20 20 20
20 20 20 20 20 20 20 20  20 20 20 20 20 63 6f 6e
73 74 20 6e 65 78 74 20  3d 20 5b 2e 2e 2e 63 75
72 72 65 6e 74 5d 3b 0a  20 20 20 20 20 20 20 20
20 20 20 20 20 20 20 20  6e 65 78 74 5b 65 78 69
73 74 69 6e 67 49 6e 64  65 78 5d 20 3d 20 7b 0a
20 20 20 20 20 20 20 20  20 20 20 20 20 20 20 20
20 20 20 20 2e 2e 2e 61  70 70 2c 0a 20 20 20 20
20 20 20 20 20 20 20 20  20 20 20 20 20 20 20 20
69 64 3a 20 65 78 69 73  74 69 6e 67 2e 69 64 2c
0a 20 20 20 20 20 20 20  20 20 20 20 20 20 20 20
20 20 20 20 20 70 69 6e  6e 65 64 3a 20 65 78 69
73 74 69 6e 67 2e 70 69  6e 6e 65 64 2c 0a 20 20
20 20 20 20 20 20 20 20  20 20 20 20 20 20 20 20
20 20 63 61 74 65 67 6f  72 79 3a 20 65 78 69 73
74 69 6e 67 2e 63 61 74  65 67 6f 72 79 2c 0a 20
20 20 20 20 20 20 20 20  20 20 20 20 20 20 20 20
20 20 20 69 63 6f 6e 3a  20 65 78 69 73 74 69 6e
67 2e 69 63 6f 6e 2c 0a  20 20 20 20 20 20 20 20
20 20 20 20 20 20 20 20  20 20 20 20 61 63 63 65
6e 74 3a 20 65 78 69 73  74 69 6e 67 2e 61 63 63
65 6e 74 2c 0a 20 20 20  20 20 20 20 20 20 20 20
20 20 20 20 20 20 20 20  20 72 65 63 65 6e 74 55
73 65 64 41 74 3a 20 65  78 69 73 74 69 6e 67 2e
72 65 63 65 6e 74 55 73  65 64 41 74 2c 0a 20 20
20 20 20 20 20 20 20 20  20 20 20 20 20 20 7d 3b
0a 20 20 20 20 20 20 20  20 20 20 20 20 20 20 20
20 72 65 74 75 72 6e 20  6e 65 78 74 3b 0a 20 20
20 20 20 20 20 20 20 20  20 20 7d 0a 20 20 20 20
20 20 20 20 20 20 20 20  72 65 74 75 72 6e 20 5b
2e 2e 2e 63 75 72 72 65  6e 74 2c 20 61 70 70 57
69 74 68 41 76 61 69 6c  61 62 6c 65 50 69 6e 28
61 70 70 2c 20 63 75 72  72 65 6e 74 29 5d 3b 0a
20 20 20 20 20 20 20 20  7d 29 3b 0a 20 20 20 20
7d 3b 0a 0a 20 20 20 20  63 6f 6e 73 74 20 65 64
69 74 41 70 70 46 72 6f  6d 53 74 75 64 69 6f 20
3d 20 28 61 70 70 49 64  3a 20 73 74 72 69 6e 67
29 20 3d 3e 20 7b 0a 20  20 20 20 20 20 20 20 73
65 74 53 74 75 64 69 6f  4f 70 65 6e 28 74 72 75
65 29 3b 0a 20 20 20 20  20 20 20 20 73 65 74 53
74 75 64 69 6f 54 61 62  28 27 6d 61 6e 61 67 65
27 29 3b 0a 20 20 20 20  20 20 20 20 73 65 74 53
74 75 64 69 6f 45 64 69  74 41 70 70 49 64 28 61
70 70 49 64 29 3b 0a 20  20 20 20 7d 3b 0a 0a 20
20 20 20 63 6f 6e 73 74  20 61 70 70 53 74 61 74
75 73 49 6e 66 6f 20 3d  20 28 61 70 70 3a 20 41
70 70 45 6e 74 72 79 29  3a 20 7b 20 6b 65 79 3a
20 27 61 76 61 69 6c 61  62 6c 65 27 20 7c 20 27
72 75 6e 6e 69 6e 67 27  20 7c 20 27 6c 6f 61 64
69 6e 67 27 20 7c 20 27  64 69 73 61 62 6c 65 64
27 20 7c 20 27 65 72 72  6f 72 27 3b 20 6c 61 62
65 6c 3a 20 73 74 72 69  6e 67 20 7d 20 3d 3e 20
7b 0a 20 20 20 20 20 20  20 20 69 66 20 28 6f 70
65 6e 54 61 62 73 2e 69  6e 63 6c 75 64 65 73 28
61 70 70 2e 69 64 29 29  20 72 65 74 75 72 6e 20
7b 20 6b 65 79 3a 20 27  72 75 6e 6e 69 6e 67 27
2c 20 6c 61 62 65 6c 3a  20 74 65 78 74 2e 61 70
70 52 75 6e 6e 69 6e 67  20 7d 3b 0a 20 20 20 20
20 20 20 20 69 66 20 28  61 70 70 2e 73 6f 75 72
63 65 20 3d 3d 3d 20 27  64 61 74 61 73 72 76 27
29 20 7b 0a 20 20 20 20  20 20 20 20 20 20 20 20
69 66 20 28 64 61 74 61  73 72 76 44 69 73 63 6f
76 65 72 79 2e 73 74 61  74 75 73 20 3d 3d 3d 20
27 6c 6f 61 64 69 6e 67  27 29 20 72 65 74 75 72
6e 20 7b 20 6b 65 79 3a  20 27 6c 6f 61 64 69 6e
67 27 2c 20 6c 61 62 65  6c 3a 20 74 65 78 74 2e
64 61 74 61 73 72 76 4c  6f 61 64 69 6e 67 20 7d
3b 0a 20 20 20 20 20 20  20 20 20 20 20 20 69 66
20 28 64 61 74 61 73 72  76 44 69 73 63 6f 76 65
72 79 2e 73 74 61 74 75  73 20 3d 3d 3d 20 27 64
69 73 61 62 6c 65 64 27  29 20 72 65 74 75 72 6e
20 7b 20 6b 65 79 3a 20  27 64 69 73 61 62 6c 65
64 27 2c 20 6c 61 62 65  6c 3a 20 74 65 78 74 2e
64 61 74 61 73 72 76 44  69 73 61 62 6c 65 64 20
7d 3b 0a 20 20 20 20 20  20 20 20 20 20 20 20 69
66 20 28 64 61 74 61 73  72 76 44 69 73 63 6f 76
65 72 79 2e 73 74 61 74  75 73 20 3d 3d 3d 20 27
65 72 72 6f 72 27 29 20  72 65 74 75 72 6e 20 7b
20 6b 65 79 3a 20 27 65  72 72 6f 72 27 2c 20 6c
61 62 65 6c 3a 20 74 65  78 74 2e 64 61 74 61 73
72 76 45 72 72 6f 72 20  7d 3b 0a 20 20 20 20 20
20 20 20 7d 0a 20 20 20  20 20 20 20 20 72 65 74
75 72 6e 20 7b 20 6b 65  79 3a 20 27 61 76 61 69
6c 61 62 6c 65 27 2c 20  6c 61 62 65 6c 3a 20 74
65 78 74 2e 61 70 70 41  76 61 69 6c 61 62 6c 65
20 7d 3b 0a 20 20 20 20  7d 3b 0a 0a 20 20 20 20
63 6f 6e 73 74 20 6f 70  65 6e 54 69 6c 65 4d 65
6e 75 20 3d 20 28 61 70  70 49 64 3a 20 73 74 72
69 6e 67 2c 20 78 3a 20  6e 75 6d 62 65 72 2c 20
79 3a 20 6e 75 6d 62 65  72 29 20 3d 3e 20 7b 0a
20 20 20 20 20 20 20 20  63 6f 6e 73 74 20 77 69
64 74 68 20 3d 20 31 36  38 3b 0a 20 20 20 20 20
20 20 20 63 6f 6e 73 74  20 68 65 69 67 68 74 20
3d 20 34 34 3b 0a 20 20  20 20 20 20 20 20 63 6f
6e 73 74 20 6d 61 78 58  20 3d 20 74 79 70 65 6f
66 20 77 69 6e 64 6f 77  20 3d 3d 3d 20 27 75 6e
64 65 66 69 6e 65 64 27  20 3f 20 78 20 3a 20 4d
61 74 68 2e 6d 61 78 28  38 2c 20 77 69 6e 64 6f
77 2e 69 6e 6e 65 72 57  69 64 74 68 20 2d 20 77
69 64 74 68 29 3b 0a 20  20 20 20 20 20 20 20 63
6f 6e 73 74 20 6d 61 78  59 20 3d 20 74 79 70 65
6f 66 20 77 69 6e 64 6f  77 20 3d 3d 3d 20 27 75
6e 64 65 66 69 6e 65 64  27 20 3f 20 79 20 3a 20
4d 61 74 68 2e 6d 61 78  28 38 2c 20 77 69 6e 64
6f 77 2e 69 6e 6e 65 72  48 65 69 67 68 74 20 2d
20 68 65 69 67 68 74 29  3b 0a 20 20 20 20 20 20
20 20 73 65 74 54 69 6c  65 4d 65 6e 75 28 7b 0a
20 20 20 20 20 20 20 20  20 20 20 20 61 70 70 49
64 2c 0a 20 20 20 20 20  20 20 20 20 20 20 20 78
3a 20 4d 61 74 68 2e 6d  69 6e 28 4d 61 74 68 2e
6d 61 78 28 38 2c 20 78  29 2c 20 6d 61 78 58 29
2c 0a 20 20 20 20 20 20  20 20 20 20 20 20 79 3a
20 4d 61 74 68 2e 6d 69  6e 28 4d 61 74 68 2e 6d
61 78 28 38 2c 20 79 29  2c 20 6d 61 78 59 29 2c
0a 20 20 20 20 20 20 20  20 7d 29 3b 0a 20 20 20
20 7d 3b 0a 0a 20 20 20  20 63 6f 6e 73 74 20 72
65 6e 64 65 72 54 69 6c  65 20 3d 20 28 61 70 70
3a 20 41 70 70 45 6e 74  72 79 29 20 3d 3e 20 7b
0a 20 20 20 20 20 20 20  20 63 6f 6e 73 74 20 73
74 61 74 75 73 20 3d 20  61 70 70 53 74 61 74 75
73 49 6e 66 6f 28 61 70  70 29 3b 0a 20 20 20 20
20 20 20 20 63 6f 6e 73  74 20 6d 6f 76 65 54 69
6c 65 46 6f 63 75 73 20  3d 20 28 65 76 65 6e 74
3a 20 4b 65 79 62 6f 61  72 64 45 76 65 6e 74 3c
48 54 4d 4c 42 75 74 74  6f 6e 45 6c 65 6d 65 6e
74 3e 29 20 3d 3e 20 7b  0a 20 20 20 20 20 20 20
20 20 20 20 20 69 66 20  28 65 76 65 6e 74 2e 6b
65 79 20 3d 3d 3d 20 27  43 6f 6e 74 65 78 74 4d
65 6e 75 27 20 7c 7c 20  28 65 76 65 6e 74 2e 73
68 69 66 74 4b 65 79 20  26 26 20 65 76 65 6e 74
2e 6b 65 79 20 3d 3d 3d  20 27 46 31 30 27 29 29
20 7b 0a 20 20 20 20 20  20 20 20 20 20 20 20 20
20 20 20 65 76 65 6e 74  2e 70 72 65 76 65 6e 74
44 65 66 61 75 6c 74 28  29 3b 0a 20 20 20 20 20
20 20 20 20 20 20 20 20  20 20 20 63 6f 6e 73 74
20 72 65 63 74 20 3d 20  65 76 65 6e 74 2e 63 75
72 72 65 6e 74 54 61 72  67 65 74 2e 67 65 74 42
6f 75 6e 64 69 6e 67 43  6c 69 65 6e 74 52 65 63
74 28 29 3b 0a 20 20 20  20 20 20 20 20 20 20 20
20 20 20 20 20 6f 70 65  6e 54 69 6c 65 4d 65 6e
75 28 61 70 70 2e 69 64  2c 20 72 65 63 74 2e 6c
65 66 74 20 2b 20 38 2c  20 72 65 63 74 2e 62 6f
74 74 6f 6d 20 2b 20 34  29 3b 0a 20 20 20 20 20
20 20 20 20 20 20 20 20  20 20 20 72 65 74 75 72
6e 3b 0a 20 20 20 20 20  20 20 20 20 20 20 20 7d
0a 20 20 20 20 20 20 20  20 20 20 20 20 63 6f 6e
73 74 20 6b 65 79 4f 66  66 73 65 74 73 3a 20 52
65 63 6f 72 64 3c 73 74  72 69 6e 67 2c 20 6e 75
6d 62 65 72 3e 20 3d 20  7b 20 41 72 72 6f 77 4c
65 66 74 3a 20 2d 31 2c  20 41 72 72 6f 77 52 69
67 68 74 3a 20 31 2c 20  41 72 72 6f 77 55 70 3a
20 2d 34 2c 20 41 72 72  6f 77 44 6f 77 6e 3a 20
34 20 7d 3b 0a 20 20 20  20 20 20 20 20 20 20 20
20 63 6f 6e 73 74 20 6f  66 66 73 65 74 20 3d 20
6b 65 79 4f 66 66 73 65  74 73 5b 65 76 65 6e 74
2e 6b 65 79 5d 3b 0a 20  20 20 20 20 20 20 20 20
20 20 20 69 66 20 28 6f  66 66 73 65 74 20 3d 3d
3d 20 75 6e 64 65 66 69  6e 65 64 20 26 26 20 65
76 65 6e 74 2e 6b 65 79  20 21 3d 3d 20 27 48 6f
6d 65 27 20 26 26 20 65  76 65 6e 74 2e 6b 65 79
20 21 3d 3d 20 27 45 6e  64 27 29 20 72 65 74 75
72 6e 3b 0a 20 20 20 20  20 20 20 20 20 20 20 20
63 6f 6e 73 74 20 6c 69  73 74 20 3d 20 65 76 65
6e 74 2e 63 75 72 72 65  6e 74 54 61 72 67 65 74
2e 63 6c 6f 73 65 73 74  28 27 2e 61 70 70 73 2d
6c 69 73 74 27 29 3b 0a  20 20 20 20 20 20 20 20
20 20 20 20 63 6f 6e 73  74 20 74 69 6c 65 73 20
3d 20 41 72 72 61 79 2e  66 72 6f 6d 28 6c 69 73
74 3f 2e 71 75 65 72 79  53 65 6c 65 63 74 6f 72
41 6c 6c 3c 48 54 4d 4c  42 75 74 74 6f 6e 45 6c
65 6d 65 6e 74 3e 28 27  2e 61 70 70 73 2d 61 70
70 2d 74 69 6c 65 27 29  20 7c 7c 20 5b 5d 29 3b
0a 20 20 20 20 20 20 20  20 20 20 20 20 63 6f 6e
73 74 20 69 6e 64 65 78  20 3d 20 74 69 6c 65 73
2e 69 6e 64 65 78 4f 66  28 65 76 65 6e 74 2e 63
75 72 72 65 6e 74 54 61  72 67 65 74 29 3b 0a 20
20 20 20 20 20 20 20 20  20 20 20 69 66 20 28 69
6e 64 65 78 20 3c 20 30  20 7c 7c 20 74 69 6c 65
73 2e 6c 65 6e 67 74 68  20 3d 3d 3d 20 30 29 20
72 65 74 75 72 6e 3b 0a  20 20 20 20 20 20 20 20
20 20 20 20 65 76 65 6e  74 2e 70 72 65 76 65 6e
74 44 65 66 61 75 6c 74  28 29 3b 0a 20 20 20 20
20 20 20 20 20 20 20 20  63 6f 6e 73 74 20 6e 65
78 74 49 6e 64 65 78 20  3d 20 65 76 65 6e 74 2e
6b 65 79 20 3d 3d 3d 20  27 48 6f 6d 65 27 0a 20
20 20 20 20 20 20 20 20  20 20 20 20 20 20 20 3f
20 30 0a 20 20 20 20 20  20 20 20 20 20 20 20 20
20 20 20 3a 20 65 76 65  6e 74 2e 6b 65 79 20 3d
3d 3d 20 27 45 6e 64 27  0a 20 20 20 20 20 20 20
20 20 20 20 20 20 20 20  20 20 20 20 20 3f 20 74
69 6c 65 73 2e 6c 65 6e  67 74 68 20 2d 20 31 0a
20 20 20 20 20 20 20 20  20 20 20 20 20 20 20 20
20 20 20 20 3a 20 4d 61  74 68 2e 6d 61 78 28 30
2c 20 4d 61 74 68 2e 6d  69 6e 28 74 69 6c 65 73
2e 6c 65 6e 67 74 68 20  2d 20 31 2c 20 69 6e 64
65 78 20 2b 20 6f 66 66  73 65 74 29 29 3b 0a 20
20 20 20 20 20 20 20 20  20 20 20 74 69 6c 65 73
5b 6e 65 78 74 49 6e 64  65 78 5d 3f 2e 66 6f 63
75 73 28 29 3b 0a 20 20  20 20 20 20 20 20 7d 3b
0a 20 20 20 20 20 20 20  20 72 65 74 75 72 6e 20
28 0a 20 20 20 20 20 20  20 20 20 20 20 20 3c 62
75 74 74 6f 6e 0a 20 20  20 20 20 20 20 20 20 20
20 20 20 20 20 20 6b 65  79 3d 7b 61 70 70 2e 69
64 7d 0a 20 20 20 20 20  20 20 20 20 20 20 20 20
20 20 20 63 6c 61 73 73  4e 61 6d 65 3d 7b 60 61
70 70 73 2d 61 70 70 2d  74 69 6c 65 20 24 7b 61
63 74 69 76 65 41 70 70  3f 2e 69 64 20 3d 3d 3d
20 61 70 70 2e 69 64 20  26 26 20 21 73 74 75 64
69 6f 4f 70 65 6e 20 3f  20 27 69 73 2d 61 63 74
69 76 65 27 20 3a 20 27  27 7d 60 7d 0a 20 20 20
20 20 20 20 20 20 20 20  20 20 20 20 20 64 61 74
61 2d 73 74 61 74 75 73  3d 7b 73 74 61 74 75 73
2e 6b 65 79 7d 0a 20 20  20 20 20 20 20 20 20 20
20 20 20 20 20 20 73 74  79 6c 65 3d 7b 7b 20 27
2d 2d 61 70 70 73 2d 69  63 6f 6e 2d 63 6f 6c 6f
72 27 3a 20 61 70 70 2e  61 63 63 65 6e 74 20 7d
20 61 73 20 43 53 53 50  72 6f 70 65 72 74 69 65
73 7d 0a 20 20 20 20 20  20 20 20 20 20 20 20 20
20 20 20 74 69 74 6c 65  3d 7b 62 75 69 6c 64 41
70 70 54 69 6c 65 54 6f  6f 6c 74 69 70 28 61 70
70 2c 20 74 65 78 74 2c  20 73 74 61 74 75 73 2e
6c 61 62 65 6c 2c 20 6c  61 6e 67 29 7d 0a 20 20
20 20 20 20 20 20 20 20  20 20 20 20 20 20 61 72
69 61 2d 6c 61 62 65 6c  3d 7b 62 75 69 6c 64 41
70 70 54 69 6c 65 41 72  69 61 4c 61 62 65 6c 28
61 70 70 2c 20 74 65 78  74 2c 20 73 74 61 74 75
73 2e 6c 61 62 65 6c 2c  20 6c 61 6e 67 29 7d 0a
20 20 20 20 20 20 20 20  20 20 20 20 20 20 20 20
6f 6e 43 6c 69 63 6b 3d  7b 28 29 20 3d 3e 20 6f
70 65 6e 41 70 70 28 61  70 70 29 7d 0a 20 20 20
20 20 20 20 20 20 20 20  20 20 20 20 20 6f 6e 43
6f 6e 74 65 78 74 4d 65  6e 75 3d 7b 28 65 76 65
6e 74 29 20 3d 3e 20 7b  0a 20 20 20 20 20 20 20
20 20 20 20 20 20 20 20  20 20 20 20 20 65 76 65
6e 74 2e 70 72 65 76 65  6e 74 44 65 66 61 75 6c
74 28 29 3b 0a 20 20 20  20 20 20 20 20 20 20 20
20 20 20 20 20 20 20 20  20 6f 70 65 6e 54 69 6c
65 4d 65 6e 75 28 61 70  70 2e 69 64 2c 20 65 76
65 6e 74 2e 63 6c 69 65  6e 74 58 2c 20 65 76 65
6e 74 2e 63 6c 69 65 6e  74 59 29 3b 0a 20 20 20
20 20 20 20 20 20 20 20  20 20 20 20 20 7d 7d 0a
20 20 20 20 20 20 20 20  20 20 20 20 20 20 20 20
6f 6e 4b 65 79 44 6f 77  6e 3d 7b 6d 6f 76 65 54
69 6c 65 46 6f 63 75 73  7d 0a 20 20 20 20 20 20
20 20 20 20 20 20 3e 0a  20 20 20 20 20 20 20 20
20 20 20 20 20 20 20 20  3c 73 70 61 6e 20 63 6c
61 73 73 4e 61 6d 65 3d  22 61 70 70 73 2d 61 70
70 2d 69 63 6f 6e 22 3e  3c 49 63 6f 6e 20 6e 61
6d 65 3d 7b 61 70 70 2e  69 63 6f 6e 7d 20 2f 3e
3c 2f 73 70 61 6e 3e 0a  20 20 20 20 20 20 20 20
20 20 20 20 20 20 20 20  3c 73 70 61 6e 20 63 6c
61 73 73 4e 61 6d 65 3d  22 61 70 70 73 2d 61 70
70 2d 6e 61 6d 65 22 3e  7b 61 70 70 2e 6e 61 6d
65 7d 3c 2f 73 70 61 6e  3e 0a 20 20 20 20 20 20
20 20 20 20 20 20 3c 2f  62 75 74 74 6f 6e 3e 0a
20 20 20 20 20 20 20 20  29 3b 0a 20 20 20 20 7d
3b 0a 0a 20 20 20 20 72  65 74 75 72 6e 20 28 0a
20 20 20 20 20 20 20 20  3c 64 69 76 20 63 6c 61
73 73 4e 61 6d 65 3d 22  61 70 70 73 2d 70 61 67
65 22 3e 0a 20 20 20 20  20 20 20 20 20 20 20 20
3c 61 73 69 64 65 20 63  6c 61 73 73 4e 61 6d 65
3d 22 61 70 70 73 2d 70  61 6e 65 6c 22 20 61 72
69 61 2d 6c 61 62 65 6c  3d 7b 74 65 78 74 2e 61
70 70 73 7d 3e 0a 20 20  20 20 20 20 20 20 20 20
20 20 20 20 20 20 3c 64  69 76 20 63 6c 61 73 73
4e 61 6d 65 3d 22 61 70  70 73 2d 70 61 6e 65 6c
5f 5f 74 6f 70 22 3e 0a  20 20 20 20 20 20 20 20
20 20 20 20 20 20 20 20  20 20 20 20 3c 64 69 76
20 63 6c 61 73 73 4e 61  6d 65 3d 22 61 70 70 73
2d 73 65 61 72 63 68 2d  77 72 61 70 22 3e 0a 20
20 20 20 20 20 20 20 20  20 20 20 20 20 20 20 20
20 20 20 20 20 20 20 3c  69 6e 70 75 74 0a 20 20
20 20 20 20 20 20 20 20  20 20 20 20 20 20 20 20
20 20 20 20 20 20 20 20  20 20 63 6c 61 73 73 4e
61 6d 65 3d 22 61 70 70  73 2d 73 65 61 72 63 68
22 0a 20 20 20 20 20 20  20 20 20 20 20 20 20 20
20 20 20 20 20 20 20 20  20 20 20 20 20 20 76 61
6c 75 65 3d 7b 71 75 65  72 79 7d 0a 20 20 20 20
20 20 20 20 20 20 20 20  20 20 20 20 20 20 20 20
20 20 20 20 20 20 20 20  6f 6e 43 68 61 6e 67 65
3d 7b 28 65 76 65 6e 74  29 20 3d 3e 20 73 65 74
51 75 65 72 79 28 65 76  65 6e 74 2e 74 61 72 67
65 74 2e 76 61 6c 75 65  29 7d 0a 20 20 20 20 20
20 20 20 20 20 20 20 20  20 20 20 20 20 20 20 20
20 20 20 20 20 20 20 6f  6e 4b 65 79 44 6f 77 6e
3d 7b 28 65 76 65 6e 74  29 20 3d 3e 20 7b 0a 20
20 20 20 20 20 20 20 20  20 20 20 20 20 20 20 20
20 20 20 20 20 20 20 20  20 20 20 20 20 20 20 69
66 20 28 65 76 65 6e 74  2e 6b 65 79 20 3d 3d 3d
20 27 45 73 63 61 70 65  27 20 26 26 20 71 75 65
72 79 29 20 73 65 74 51  75 65 72 79 28 27 27 29
3b 0a 20 20 20 20 20 20  20 20 20 20 20 20 20 20
20 20 20 20 20 20 20 20  20 20 20 20 20 20 7d 7d
0a 20 20 20 20 20 20 20  20 20 20 20 20 20 20 20
20 20 20 20 20 20 20 20  20 20 20 20 20 70 6c 61
63 65 68 6f 6c 64 65 72  3d 7b 74 65 78 74 2e 73
65 61 72 63 68 7d 0a 20  20 20 20 20 20 20 20 20
20 20 20 20 20 20 20 20  20 20 20 20 20 20 20 2f
3e 0a 20 20 20 20 20 20  20 20 20 20 20 20 20 20
20 20 20 20 20 20 20 20  20 20 7b 71 75 65 72 79
20 26 26 20 28 0a 20 20  20 20 20 20 20 20 20 20
20 20 20 20 20 20 20 20  20 20 20 20 20 20 20 20
20 20 3c 62 75 74 74 6f  6e 20 63 6c 61 73 73 4e
61 6d 65 3d 22 61 70 70  73 2d 73 65 61 72 63 68
2d 63 6c 65 61 72 22 20  74 79 70 65 3d 22 62 75
74 74 6f 6e 22 20 74 69  74 6c 65 3d 7b 74 65 78
74 2e 63 6c 65 61 72 53  65 61 72 63 68 7d 20 61
72 69 61 2d 6c 61 62 65  6c 3d 7b 74 65 78 74 2e
63 6c 65 61 72 53 65 61  72 63 68 7d 20 6f 6e 43
6c 69 63 6b 3d 7b 28 29  20 3d 3e 20 73 65 74 51
75 65 72 79 28 27 27 29  7d 3e 0a 20 20 20 20 20
20 20 20 20 20 20 20 20  20 20 20 20 20 20 20 20
20 20 20 20 20 20 20 20  20 20 20 3c 73 76 67 20
76 69 65 77 42 6f 78 3d  22 30 20 30 20 32 34 20
32 34 22 20 77 69 64 74  68 3d 22 31 34 22 20 68
65 69 67 68 74 3d 22 31  34 22 20 66 69 6c 6c 3d
22 6e 6f 6e 65 22 20 73  74 72 6f 6b 65 3d 22 63
75 72 72 65 6e 74 43 6f  6c 6f 72 22 20 73 74 72
6f 6b 65 57 69 64 74 68  3d 22 32 22 20 73 74 72
6f 6b 65 4c 69 6e 65 63  61 70 3d 22 72 6f 75 6e
64 22 3e 3c 70 61 74 68  20 64 3d 22 4d 31 38 20
36 20 36 20 31 38 4d 36  20 36 6c 31 32 20 31 32
22 20 2f 3e 3c 2f 73 76  67 3e 0a 20 20 20 20 20
20 20 20 20 20 20 20 20  20 20 20 20 20 20 20 20
20 20 20 20 20 20 20 3c  2f 62 75 74 74 6f 6e 3e
0a 20 20 20 20 20 20 20  20 20 20 20 20 20 20 20
20 20 20 20 20 20 20 20  20 29 7d 0a 20 20 20 20
20 20 20 20 20 20 20 20  20 20 20 20 20 20 20 20
3c 2f 64 69 76 3e 0a 20  20 20 20 20 20 20 20 20
20 20 20 20 20 20 20 20  20 20 20 3c 62 75 74 74
6f 6e 20 63 6c 61 73 73  4e 61 6d 65 3d 22 61 70
70 73 2d 73 74 75 64 69  6f 2d 62 75 74 74 6f 6e
22 20 74 79 70 65 3d 22  62 75 74 74 6f 6e 22 20
74 69 74 6c 65 3d 7b 74  65 78 74 2e 61 70 70 53
74 75 64 69 6f 7d 20 61  72 69 61 2d 6c 61 62 65
6c 3d 7b 74 65 78 74 2e  61 70 70 53 74 75 64 69
6f 7d 20 6f 6e 43 6c 69  63 6b 3d 7b 28 29 20 3d
3e 20 73 65 74 53 74 75  64 69 6f 4f 70 65 6e 28
74 72 75 65 29 7d 3e 0a  20 20 20 20 20 20 20 20
20 20 20 20 20 20 20 20  20 20 20 20 20 20 20 20
3c 73 70 61 6e 20 63 6c  61 73 73 4e 61 6d 65 3d
22 61 70 70 73 2d 73 74  75 64 69 6f 2d 62 75 74
74 6f 6e 5f 5f 69 63 6f  6e 22 20 61 72 69 61 2d
68 69 64 64 65 6e 3d 22  74 72 75 65 22 3e 0a 20
20 20 20 20 20 20 20 20  20 20 20 20 20 20 20 20
20 20 20 20 20 20 20 20  20 20 20 3c 49 63 6f 6e
20 6e 61 6d 65 3d 22 64  61 73 68 62 6f 61 72 64
22 20 2f 3e 0a 20 20 20  20 20 20 20 20 20 20 20
20 20 20 20 20 20 20 20  20 20 20 20 20 20 20 20
20 3c 73 76 67 20 63 6c  61 73 73 4e 61 6d 65 3d
22 61 70 70 73 2d 73 74  75 64 69 6f 2d 62 75 74
74 6f 6e 5f 5f 70 6c 75  73 22 20 76 69 65 77 42
6f 78 3d 22 30 20 30 20  31 32 20 31 32 22 20 66
69 6c 6c 3d 22 6e 6f 6e  65 22 20 73 74 72 6f 6b
65 3d 22 63 75 72 72 65  6e 74 43 6f 6c 6f 72 22
20 73 74 72 6f 6b 65 57  69 64 74 68 3d 22 32 22
20 73 74 72 6f 6b 65 4c  69 6e 65 63 61 70 3d 22
72 6f 75 6e 64 22 3e 3c  70 61 74 68 20 64 3d 22
4d 36 20 32 76 38 4d 32  20 36 68 38 22 20 2f 3e
3c 2f 73 76 67 3e 0a 20  20 20 20 20 20 20 20 20
20 20 20 20 20 20 20 20  20 20 20 20 20 20 20 3c
2f 73 70 61 6e 3e 0a 20  20 20 20 20 20 20 20 20
20 20 20 20 20 20 20 20  20 20 20 3c 2f 62 75 74
74 6f 6e 3e 0a 20 20 20  20 20 20 20 20 20 20 20
20 20 20 20 20 20 20 20  20 3c 64 69 76 20 63 6c
61 73 73 4e 61 6d 65 3d  22 61 70 70 73 2d 66 69
6c 74 65 72 2d 72 6f 77  22 3e 0a 20 20 20 20 20
20 20 20 20 20 20 20 20  20 20 20 20 20 20 20 20
20 20 20 3c 73 70 61 6e  20 63 6c 61 73 73 4e 61
6d 65 3d 22 61 70 70 73  2d 66 69 6c 74 65 72 2d
6c 61 62 65 6c 22 3e 7b  74 65 78 74 2e 63 61 74
65 67 6f 72 79 7d 3c 2f  73 70 61 6e 3e 0a 20 20
20 20 20 20 20 20 20 20  20 20 20 20 20 20 20 20
20 20 20 20 20 20 3c 73  65 6c 65 63 74 20 63 6c
61 73 73 4e 61 6d 65 3d  22 61 70 70 73 2d 63 61
74 65 67 6f 72 79 2d 73  65 6c 65 63 74 22 20 76
61 6c 75 65 3d 7b 63 61  74 65 67 6f 72 79 7d 20
6f 6e 43 68 61 6e 67 65  3d 7b 28 65 76 65 6e 74
29 20 3d 3e 20 73 65 74  43 61 74 65 67 6f 72 79
28 65 76 65 6e 74 2e 74  61 72 67 65 74 2e 76 61
6c 75 65 29 7d 3e 0a 20  20 20 20 20 20 20 20 20
20 20 20 20 20 20 20 20  20 20 20 20 20 20 20 20
20 20 20 3c 6f 70 74 69  6f 6e 20 76 61 6c 75 65
3d 22 61 6c 6c 22 3e 7b  74 65 78 74 2e 61 6c 6c
7d 20 28 7b 71 75 65 72  79 4d 61 74 63 68 65 64
41 70 70 73 2e 6c 65 6e  67 74 68 7d 29 3c 2f 6f
70 74 69 6f 6e 3e 0a 20  20 20 20 20 20 20 20 20
20 20 20 20 20 20 20 20  20 20 20 20 20 20 20 20
20 20 20 3c 6f 70 74 69  6f 6e 20 76 61 6c 75 65
3d 22 72 65 63 65 6e 74  22 20 64 69 73 61 62 6c
65 64 3d 7b 68 61 73 53  65 61 72 63 68 51 75 65
72 79 20 26 26 20 72 65  63 65 6e 74 41 70 70 43
6f 75 6e 74 20 3d 3d 3d  20 30 7d 3e 7b 74 65 78
74 2e 72 65 63 65 6e 74  7d 20 28 7b 72 65 63 65
6e 74 41 70 70 43 6f 75  6e 74 7d 29 3c 2f 6f 70
74 69 6f 6e 3e 0a 20 20  20 20 20 20 20 20 20 20
20 20 20 20 20 20 20 20  20 20 20 20 20 20 20 20
20 20 7b 63 61 74 65 67  6f 72 69 65 73 2e 6d 61
70 28 28 69 74 65 6d 29  20 3d 3e 20 3c 6f 70 74
69 6f 6e 20 6b 65 79 3d  7b 69 74 65 6d 7d 20 76
61 6c 75 65 3d 7b 69 74  65 6d 7d 20 64 69 73 61
62 6c 65 64 3d 7b 68 61  73 53 65 61 72 63 68 51
75 65 72 79 20 26 26 20  28 63 61 74 65 67 6f 72
79 43 6f 75 6e 74 73 2e  67 65 74 28 69 74 65 6d
29 20 7c 7c 20 30 29 20  3d 3d 3d 20 30 7d 3e 7b
63 61 74 65 67 6f 72 79  4f 70 74 69 6f 6e 4c 61
62 65 6c 28 69 74 65 6d  2c 20 63 61 74 65 67 6f
72 79 43 6f 75 6e 74 73  29 7d 3c 2f 6f 70 74 69
6f 6e 3e 29 7d 0a 20 20  20 20 20 20 20 20 20 20
20 20 20 20 20 20 20 20  20 20 20 20 20 20 3c 2f
73 65 6c 65 63 74 3e 0a  20 20 20 20 20 20 20 20
20 20 20 20 20 20 20 20  20 20 20 20 20 20 20 20
3c 62 75 74 74 6f 6e 0a  20 20 20 20 20 20 20 20
20 20 20 20 20 20 20 20  20 20 20 20 20 20 20 20
20 20 20 20 63 6c 61 73  73 4e 61 6d 65 3d 22 61
70 70 73 2d 73 65 63 6f  6e 64 61 72 79 2d 62 75
74 74 6f 6e 20 61 70 70  73 2d 66 69 6c 74 65 72
2d 72 65 73 65 74 22 0a  20 20 20 20 20 20 20 20
20 20 20 20 20 20 20 20  20 20 20 20 20 20 20 20
20 20 20 20 74 79 70 65  3d 22 62 75 74 74 6f 6e
22 0a 20 20 20 20 20 20  20 20 20 20 20 20 20 20
20 20 20 20 20 20 20 20  20 20 20 20 20 20 64 69
73 61 62 6c 65 64 3d 7b  21 70 61 6e 65 6c 46 69
6c 74 65 72 41 63 74 69  76 65 7d 0a 20 20 20 20
20 20 20 20 20 20 20 20  20 20 20 20 20 20 20 20
20 20 20 20 20 20 20 20  74 69 74 6c 65 3d 7b 74
65 78 74 2e 72 65 73 65  74 46 69 6c 74 65 72 7d
0a 20 20 20 20 20 20 20  20 20 20 20 20 20 20 20
20 20 20 20 20 20 20 20  20 20 20 20 20 6f 6e 43
6c 69 63 6b 3d 7b 28 29  20 3d 3e 20 7b 0a 20 20
20 20 20 20 20 20 20 20  20 20 20 20 20 20 20 20
20 20 20 20 20 20 20 20  20 20 20 20 20 20 73 65
74 51 75 65 72 79 28 27  27 29 3b 0a 20 20 20 20
20 20 20 20 20 20 20 20  20 20 20 20 20 20 20 20
20 20 20 20 20 20 20 20  20 20 20 20 73 65 74 43
61 74 65 67 6f 72 79 28  27 61 6c 6c 27 29 3b 0a
20 20 20 20 20 20 20 20  20 20 20 20 20 20 20 20
20 20 20 20 20 20 20 20  20 20 20 20 7d 7d 0a 20
20 20 20 20 20 20 20 20  20 20 20 20 20 20 20 20
20 20 20 20 20 20 20 3e  7b 74 65 78 74 2e 72 65
73 65 74 7d 3c 2f 62 75  74 74 6f 6e 3e 0a 20 20
20 20 20 20 20 20 20 20  20 20 20 20 20 20 20 20
20 20 3c 2f 64 69 76 3e  0a 20 20 20 20 20 20 20
20 20 20 20 20 20 20 20  20 20 20 20 20 7b 70 61
6e 65 6c 46 69 6c 74 65  72 53 75 6d 6d 61 72 79
20 26 26 20 3c 64 69 76  20 63 6c 61 73 73 4e 61
6d 65 3d 22 61 70 70 73  2d 66 69 6c 74 65 72 2d
73 75 6d 6d 61 72 79 22  20 61 72 69 61 2d 6c 69
76 65 3d 22 70 6f 6c 69  74 65 22 3e 7b 70 61 6e
65 6c 46 69 6c 74 65 72  53 75 6d 6d 61 72 79 7d
3c 2f 64 69 76 3e 7d 0a  20 20 20 20 20 20 20 20
20 20 20 20 20 20 20 20  3c 2f 64 69 76 3e 0a 20
20 20 20 20 20 20 20 20  20 20 20 20 20 20 20 3c
64 69 76 20 63 6c 61 73  73 4e 61 6d 65 3d 22 61
70 70 73 2d 6c 69 73 74  20 65 6c 65 67 61 6e 74
2d 73 63 72 6f 6c 6c 62  61 72 22 3e 0a 20 20 20
20 20 20 20 20 20 20 20  20 20 20 20 20 20 20 20
20 7b 70 69 6e 6e 65 64  41 70 70 73 2e 6c 65 6e
67 74 68 20 3e 20 30 20  26 26 20 28 0a 20 20 20
20 20 20 20 20 20 20 20  20 20 20 20 20 20 20 20
20 20 20 20 20 3c 73 65  63 74 69 6f 6e 20 63 6c
61 73 73 4e 61 6d 65 3d  22 61 70 70 73 2d 73 65
63 74 69 6f 6e 22 3e 0a  20 20 20 20 20 20 20 20
20 20 20 20 20 20 20 20  20 20 20 20 20 20 20 20
20 20 20 20 3c 64 69 76  20 63 6c 61 73 73 4e 61
6d 65 3d 22 61 70 70 73  2d 73 65 63 74 69 6f 6e
5f 5f 74 69 74 6c 65 2d  72 6f 77 22 3e 0a 20 20
20 20 20 20 20 20 20 20  20 20 20 20 20 20 20 20
20 20 20 20 20 20 20 20  20 20 20 20 20 20 3c 68
33 20 63 6c 61 73 73 4e  61 6d 65 3d 22 61 70 70
73 2d 73 65 63 74 69 6f  6e 5f 5f 74 69 74 6c 65
22 3e 7b 74 65 78 74 2e  70 69 6e 6e 65 64 7d 3c
2f 68 33 3e 0a 20 20 20  20 20 20 20 20 20 20 20
20 20 20 20 20 20 20 20  20 20 20 20 20 20 20 20
20 20 20 20 20 3c 73 70  61 6e 20 63 6c 61 73 73
4e 61 6d 65 3d 22 61 70  70 73 2d 63 6f 75 6e 74
22 3e 7b 70 69 6e 6e 65  64 41 70 70 73 2e 6c 65
6e 67 74 68 7d 2f 7b 6d  61 78 50 69 6e 6e 65 64
41 70 70 73 7d 3c 2f 73  70 61 6e 3e 0a 20 20 20
20 20 20 20 20 20 20 20  20 20 20 20 20 20 20 20
20 20 20 20 20 20 20 20  20 3c 2f 64 69 76 3e 0a
20 20 20 20 20 20 20 20  20 20 20 20 20 20 20 20
20 20 20 20 20 20 20 20  20 20 20 20 3c 64 69 76
20 63 6c 61 73 73 4e 61  6d 65 3d 22 61 70 70 73
2d 67 72 69 64 22 3e 7b  70 69 6e 6e 65 64 41 70
70 73 2e 6d 61 70 28 72  65 6e 64 65 72 54 69 6c
65 29 7d 3c 2f 64 69 76  3e 0a 20 20 20 20 20 20
20 20 20 20 20 20 20 20  20 20 20 20 20 20 20 20
20 20 3c 2f 73 65 63 74  69 6f 6e 3e 0a 20 20 20
20 20 20 20 20 20 20 20  20 20 20 20 20 20 20 20
20 29 7d 0a 20 20 20 20  20 20 20 20 20 20 20 20
20 20 20 20 20 20 20 20  3c 73 65 63 74 69 6f 6e
20 63 6c 61 73 73 4e 61  6d 65 3d 22 61 70 70 73
2d 73 65 63 74 69 6f 6e  22 3e 0a 20 20 20 20 20
20 20 20 20 20 20 20 20  20 20 20 20 20 20 20 20
20 20 20 3c 64 69 76 20  63 6c 61 73 73 4e 61 6d
65 3d 22 61 70 70 73 2d  73 65 63 74 69 6f 6e 5f
5f 74 69 74 6c 65 2d 72  6f 77 22 3e 0a 20 20 20
20 20 20 20 20 20 20 20  20 20 20 20 20 20 20 20
20 20 20 20 20 20 20 20  20 3c 68 33 20 63 6c 61
73 73 4e 61 6d 65 3d 22  61 70 70 73 2d 73 65 63
74 69 6f 6e 5f 5f 74 69  74 6c 65 22 3e 7b 68 61
73 53 65 61 72 63 68 51  75 65 72 79 20 3f 20 74
65 78 74 2e 73 65 61 72  63 68 52 65 73 75 6c 74
73 20 3a 20 63 61 74 65  67 6f 72 79 20 3d 3d 3d
20 27 72 65 63 65 6e 74  27 20 3f 20 74 65 78 74
2e 72 65 63 65 6e 74 20  3a 20 70 69 6e 6e 65 64
41 70 70 73 2e 6c 65 6e  67 74 68 20 3e 20 30 20
3f 20 74 65 78 74 2e 6f  74 68 65 72 41 70 70 73
20 3a 20 74 65 78 74 2e  61 6c 6c 7d 3c 2f 68 33
3e 0a 20 20 20 20 20 20  20 20 20 20 20 20 20 20
20 20 20 20 20 20 20 20  20 20 20 20 20 20 3c 73
70 61 6e 20 63 6c 61 73  73 4e 61 6d 65 3d 22 61
70 70 73 2d 63 6f 75 6e  74 22 3e 7b 76 69 73 69
62 6c 65 4c 69 73 74 41  70 70 73 2e 6c 65 6e 67
74 68 7d 3c 2f 73 70 61  6e 3e 0a 20 20 20 20 20
20 20 20 20 20 20 20 20  20 20 20 20 20 20 20 20
20 20 20 3c 2f 64 69 76  3e 0a 20 20 20 20 20 20
20 20 20 20 20 20 20 20  20 20 20 20 20 20 20 20
20 20 7b 76 69 73 69 62  6c 65 4c 69 73 74 41 70
70 73 2e 6c 65 6e 67 74  68 20 3e 20 30 20 3f 20
3c 64 69 76 20 63 6c 61  73 73 4e 61 6d 65 3d 22
61 70 70 73 2d 67 72 69  64 22 3e 7b 76 69 73 69
62 6c 65 4c 69 73 74 41  70 70 73 2e 6d 61 70 28
72 65 6e 64 65 72 54 69  6c 65 29 7d 3c 2f 64 69
76 3e 20 3a 20 3c 64 69  76 20 63 6c 61 73 73 4e
61 6d 65 3d 22 61 70 70  73 2d 65 6d 70 74 79 22
3e 7b 70 69 6e 6e 65 64  41 70 70 73 2e 6c 65 6e
67 74 68 20 3e 20 30 20  3f 20 74 65 78 74 2e 6e
6f 4d 6f 72 65 41 70 70  73 20 3a 20 74 65 78 74
2e 6e 6f 41 70 70 73 7d  3c 2f 64 69 76 3e 7d 0a
20 20 20 20 20 20 20 20  20 20 20 20 20 20 20 20
20 20 20 20 3c 2f 73 65  63 74 69 6f 6e 3e 0a 20
20 20 20 20 20 20 20 20  20 20 20 20 20 20 20 3c
2f 64 69 76 3e 0a 20 20  20 20 20 20 20 20 20 20
20 20 20 20 20 20 7b 74  69 6c 65 4d 65 6e 75 41
70 70 20 26 26 20 74 69  6c 65 4d 65 6e 75 20 26
26 20 28 0a 20 20 20 20  20 20 20 20 20 20 20 20
20 20 20 20 20 20 20 20  3c 64 69 76 0a 20 20 20
20 20 20 20 20 20 20 20  20 20 20 20 20 20 20 20
20 20 20 20 20 63 6c 61  73 73 4e 61 6d 65 3d 22
61 70 70 73 2d 74 69 6c  65 2d 6d 65 6e 75 22 0a
20 20 20 20 20 20 20 20  20 20 20 20 20 20 20 20
20 20 20 20 20 20 20 20  72 6f 6c 65 3d 22 6d 65
6e 75 22 0a 20 20 20 20  20 20 20 20 20 20 20 20
20 20 20 20 20 20 20 20  20 20 20 20 73 74 79 6c
65 3d 7b 7b 20 6c 65 66  74 3a 20 74 69 6c 65 4d
65 6e 75 2e 78 2c 20 74  6f 70 3a 20 74 69 6c 65
4d 65 6e 75 2e 79 20 7d  20 61 73 20 43 53 53 50
72 6f 70 65 72 74 69 65  73 7d 0a 20 20 20 20 20
20 20 20 20 20 20 20 20  20 20 20 20 20 20 20 20
20 20 20 6f 6e 43 6c 69  63 6b 3d 7b 28 65 76 65
6e 74 29 20 3d 3e 20 65  76 65 6e 74 2e 73 74 6f
70 50 72 6f 70 61 67 61  74 69 6f 6e 28 29 7d 0a
20 20 20 20 20 20 20 20  20 20 20 20 20 20 20 20
20 20 20 20 3e 0a 20 20  20 20 20 20 20 20 20 20
20 20 20 20 20 20 20 20  20 20 20 20 20 20 3c 62
75 74 74 6f 6e 0a 20 20  20 20 20 20 20 20 20 20
20 20 20 20 20 20 20 20  20 20 20 20 20 20 20 20
20 20 74 79 70 65 3d 22  62 75 74 74 6f 6e 22 0a
20 20 20 20 20 20 20 20  20 20 20 20 20 20 20 20
20 20 20 20 20 20 20 20  20 20 20 20 72 6f 6c 65
3d 22 6d 65 6e 75 69 74  65 6d 22 0a 20 20 20 20
20 20 20 20 20 20 20 20  20 20 20 20 20 20 20 20
20 20 20 20 20 20 20 20  61 75 74 6f 46 6f 63 75
73 0a 20 20 20 20 20 20  20 20 20 20 20 20 20 20
20 20 20 20 20 20 20 20  20 20 20 20 20 20 64 69
73 61 62 6c 65 64 3d 7b  74 69 6c 65 4d 65 6e 75
50 69 6e 44 69 73 61 62  6c 65 64 7d 0a 20 20 20
20 20 20 20 20 20 20 20  20 20 20 20 20 20 20 20
20 20 20 20 20 20 20 20  20 74 69 74 6c 65 3d 7b
74 69 6c 65 4d 65 6e 75  50 69 6e 44 69 73 61 62
6c 65 64 20 3f 20 74 65  78 74 2e 70 69 6e 4c 69
6d 69 74 52 65 61 63 68  65 64 20 3a 20 74 69 6c
65 4d 65 6e 75 41 70 70  2e 70 69 6e 6e 65 64 20
3f 20 74 65 78 74 2e 72  65 6d 6f 76 65 46 72 6f
6d 50 69 6e 6e 65 64 20  3a 20 74 65 78 74 2e 73
65 74 41 73 50 69 6e 6e  65 64 7d 0a 20 20 20 20
20 20 20 20 20 20 20 20  20 20 20 20 20 20 20 20
20 20 20 20 20 20 20 20  6f 6e 43 6c 69 63 6b 3d
7b 28 29 20 3d 3e 20 7b  0a 20 20 20 20 20 20 20
20 20 20 20 20 20 20 20  20 20 20 20 20 20 20 20
20 20 20 20 20 20 20 20  20 69 66 20 28 74 69 6c
65 4d 65 6e 75 50 69 6e  44 69 73 61 62 6c 65 64
29 20 72 65 74 75 72 6e  3b 0a 20 20 20 20 20 20
20 20 20 20 20 20 20 20  20 20 20 20 20 20 20 20
20 20 20 20 20 20 20 20  20 20 74 6f 67 67 6c 65
50 69 6e 28 74 69 6c 65  4d 65 6e 75 41 70 70 2e
69 64 29 3b 0a 20 20 20  20 20 20 20 20 20 20 20
20 20 20 20 20 20 20 20  20 20 20 20 20 20 20 20
20 20 20 20 20 73 65 74  54 69 6c 65 4d 65 6e 75
28 6e 75 6c 6c 29 3b 0a  20 20 20 20 20 20 20 20
20 20 20 20 20 20 20 20  20 20 20 20 20 20 20 20
20 20 20 20 7d 7d 0a 20  20 20 20 20 20 20 20 20
20 20 20 20 20 20 20 20  20 20 20 20 20 20 20 3e
0a 20 20 20 20 20 20 20  20 20 20 20 20 20 20 20
20 20 20 20 20 20 20 20  20 20 20 20 20 7b 74 69
6c 65 4d 65 6e 75 41 70  70 2e 70 69 6e 6e 65 64
20 3f 20 74 65 78 74 2e  72 65 6d 6f 76 65 46 72
6f 6d 50 69 6e 6e 65 64  20 3a 20 74 65 78 74 2e
73 65 74 41 73 50 69 6e  6e 65 64 7d 0a 20 20 20
20 20 20 20 20 20 20 20  20 20 20 20 20 20 20 20
20 20 20 20 20 3c 2f 62  75 74 74 6f 6e 3e 0a 20
20 20 20 20 20 20 20 20  20 20 20 20 20 20 20 20
20 20 20 3c 2f 64 69 76  3e 0a 20 20 20 20 20 20
20 20 20 20 20 20 20 20  20 20 29 7d 0a 20 20 20
20 20 20 20 20 20 20 20  20 3c 2f 61 73 69 64 65
3e 0a 0a 20 20 20 20 20  20 20 20 20 20 20 20 3c
6d 61 69 6e 20 63 6c 61  73 73 4e 61 6d 65 3d 22
61 70 70 73 2d 64 65 74  61 69 6c 22 3e 0a 20 20
20 20 20 20 20 20 20 20  20 20 20 20 20 20 7b 73
74 75 64 69 6f 4f 70 65  6e 20 3f 20 28 0a 20 20
20 20 20 20 20 20 20 20  20 20 20 20 20 20 20 20
20 20 3c 41 70 70 53 74  75 64 69 6f 0a 20 20 20
20 20 20 20 20 20 20 20  20 20 20 20 20 20 20 20
20 20 20 20 20 61 70 70  73 3d 7b 61 70 70 73 7d
0a 20 20 20 20 20 20 20  20 20 20 20 20 20 20 20
20 20 20 20 20 20 20 20  20 6c 61 6e 67 3d 7b 6c
61 6e 67 7d 0a 20 20 20  20 20 20 20 20 20 20 20
20 20 20 20 20 20 20 20  20 20 20 20 20 74 61 62
3d 7b 73 74 75 64 69 6f  54 61 62 7d 0a 20 20 20
20 20 20 20 20 20 20 20  20 20 20 20 20 20 20 20
20 20 20 20 20 73 65 74  54 61 62 3d 7b 73 65 74
53 74 75 64 69 6f 54 61  62 7d 0a 20 20 20 20 20
20 20 20 20 20 20 20 20  20 20 20 20 20 20 20 20
20 20 20 6f 6e 43 6c 6f  73 65 3d 7b 28 29 20 3d
3e 20 73 65 74 53 74 75  64 69 6f 4f 70 65 6e 28
66 61 6c 73 65 29 7d 0a  20 20 20 20 20 20 20 20
20 20 20 20 20 20 20 20  20 20 20 20 20 20 20 20
6f 6e 54 6f 67 67 6c 65  50 69 6e 3d 7b 74 6f 67
67 6c 65 50 69 6e 7d 0a  20 20 20 20 20 20 20 20
20 20 20 20 20 20 20 20  20 20 20 20 20 20 20 20
6f 6e 55 70 64 61 74 65  41 70 70 3d 7b 75 70 64
61 74 65 41 70 70 7d 0a  20 20 20 20 20 20 20 20
20 20 20 20 20 20 20 20  20 20 20 20 20 20 20 20
6f 6e 44 75 70 6c 69 63  61 74 65 41 70 70 3d 7b
64 75 70 6c 69 63 61 74  65 41 70 70 7d 0a 20 20
20 20 20 20 20 20 20 20  20 20 20 20 20 20 20 20
20 20 20 20 20 20 6f 6e  4d 6f 76 65 41 70 70 3d
7b 6d 6f 76 65 41 70 70  7d 0a 20 20 20 20 20 20
20 20 20 20 20 20 20 20  20 20 20 20 20 20 20 20
20 20 6f 6e 52 65 6d 6f  76 65 41 70 70 3d 7b 72
65 6d 6f 76 65 41 70 70  7d 0a 20 20 20 20 20 20
20 20 20 20 20 20 20 20  20 20 20 20 20 20 20 20
20 20 6f 6e 52 65 73 74  6f 72 65 41 70 70 3d 7b
72 65 73 74 6f 72 65 41  70 70 7d 0a 20 20 20 20
20 20 20 20 20 20 20 20  20 20 20 20 20 20 20 20
20 20 20 20 70 65 6e 64  69 6e 67 45 64 69 74 41
70 70 49 64 3d 7b 73 74  75 64 69 6f 45 64 69 74
41 70 70 49 64 7d 0a 20  20 20 20 20 20 20 20 20
20 20 20 20 20 20 20 20  20 20 20 20 20 20 20 6f
6e 50 65 6e 64 69 6e 67  45 64 69 74 43 6f 6e 73
75 6d 65 64 3d 7b 28 29  20 3d 3e 20 73 65 74 53
74 75 64 69 6f 45 64 69  74 41 70 70 49 64 28 27
27 29 7d 0a 20 20 20 20  20 20 20 20 20 20 20 20
20 20 20 20 20 20 20 20  20 20 20 20 68 69 64 64
65 6e 41 70 70 73 3d 7b  68 69 64 64 65 6e 41 70
70 73 7d 0a 20 20 20 20  20 20 20 20 20 20 20 20
20 20 20 20 20 20 20 20  20 20 20 20 64 61 74 61
73 72 76 44 69 73 63 6f  76 65 72 79 3d 7b 64 61
74 61 73 72 76 44 69 73  63 6f 76 65 72 79 7d 0a
20 20 20 20 20 20 20 20  20 20 20 20 20 20 20 20
20 20 20 20 20 20 20 20  73 6b 69 6c 6c 44 69 73
63 6f 76 65 72 79 3d 7b  73 6b 69 6c 6c 44 69 73
63 6f 76 65 72 79 7d 0a  20 20 20 20 20 20 20 20
20 20 20 20 20 20 20 20  20 20 20 20 20 20 20 20
6f 6e 41 64 64 44 69 73  63 6f 76 65 72 65 64 41
70 70 3d 7b 61 64 64 44  69 73 63 6f 76 65 72 65
64 41 70 70 7d 0a 20 20  20 20 20 20 20 20 20 20
20 20 20 20 20 20 20 20  20 20 20 20 20 20 6f 6e
43 72 65 61 74 65 41 70  70 3d 7b 61 64 64 44 69
73 63 6f 76 65 72 65 64  41 70 70 7d 0a 20 20 20
20 20 20 20 20 20 20 20  20 20 20 20 20 20 20 20
20 20 20 20 20 6f 6e 49  6e 73 74 61 6c 6c 4d 61
72 6b 65 74 41 70 70 3d  7b 69 6e 73 74 61 6c 6c
4d 61 72 6b 65 74 41 70  70 7d 0a 20 20 20 20 20
20 20 20 20 20 20 20 20  20 20 20 20 20 20 20 20
20 20 20 6f 6e 45 64 69  74 41 70 70 3d 7b 65 64
69 74 41 70 70 46 72 6f  6d 53 74 75 64 69 6f 7d
0a 20 20 20 20 20 20 20  20 20 20 20 20 20 20 20
20 20 20 20 20 2f 3e 0a  20 20 20 20 20 20 20 20
20 20 20 20 20 20 20 20  29 20 3a 20 28 0a 20 20
20 20 20 20 20 20 20 20  20 20 20 20 20 20 20 20
20 20 3c 41 70 70 52 75  6e 74 69 6d 65 0a 20 20
20 20 20 20 20 20 20 20  20 20 20 20 20 20 20 20
20 20 20 20 20 20 74 61  62 73 3d 7b 6f 70 65 6e
54 61 62 41 70 70 73 7d  0a 20 20 20 20 20 20 20
20 20 20 20 20 20 20 20  20 20 20 20 20 20 20 20
20 61 63 74 69 76 65 41  70 70 3d 7b 61 63 74 69
76 65 41 70 70 7d 0a 20  20 20 20 20 20 20 20 20
20 20 20 20 20 20 20 20  20 20 20 20 20 20 20 6c
61 6e 67 3d 7b 6c 61 6e  67 7d 0a 20 20 20 20 20
20 20 20 20 20 20 20 20  20 20 20 20 20 20 20 20
20 20 20 6f 6e 41 63 74  69 76 61 74 65 3d 7b 28
61 70 70 49 64 29 20 3d  3e 20 7b 0a 20 20 20 20
20 20 20 20 20 20 20 20  20 20 20 20 20 20 20 20
20 20 20 20 20 20 20 20  73 65 74 41 63 74 69 76
65 54 61 62 49 64 28 61  70 70 49 64 29 3b 0a 20
20 20 20 20 20 20 20 20  20 20 20 20 20 20 20 20
20 20 20 20 20 20 20 7d  7d 0a 20 20 20 20 20 20
20 20 20 20 20 20 20 20  20 20 20 20 20 20 20 20
20 20 6f 6e 43 6c 6f 73  65 3d 7b 63 6c 6f 73 65
41 70 70 54 61 62 7d 0a  20 20 20 20 20 20 20 20
20 20 20 20 20 20 20 20  20 20 20 20 20 20 20 20
6f 6e 55 73 65 3d 7b 6d  61 72 6b 41 70 70 55 73
65 64 7d 0a 20 20 20 20  20 20 20 20 20 20 20 20
20 20 20 20 20 20 20 20  2f 3e 0a 20 20 20 20 20
20 20 20 20 20 20 20 20  20 20 20 29 7d 0a 20 20
20 20 20 20 20 20 20 20  20 20 3c 2f 6d 61 69 6e
3e 0a 20 20 20 20 20 20  20 20 3c 2f 64 69 76 3e
0a 20 20 20 20 29 3b 0a  7d 3b 0a 0a 63 6f 6e 73
74 20 41 70 70 52 75 6e  74 69 6d 65 20 3d 20 28
7b 20 74 61 62 73 2c 20  61 63 74 69 76 65 41 70
70 2c 20 6c 61 6e 67 2c  20 6f 6e 41 63 74 69 76
61 74 65 2c 20 6f 6e 43  6c 6f 73 65 2c 20 6f 6e
55 73 65 20 7d 3a 20 7b  0a 20 20 20 20 74 61 62
73 3a 20 41 70 70 45 6e  74 72 79 5b 5d 3b 0a 20
20 20 20 61 63 74 69 76  65 41 70 70 3f 3a 20 41
70 70 45 6e 74 72 79 3b  0a 20 20 20 20 6c 61 6e
67 3f 3a 20 73 74 72 69  6e 67 3b 0a 20 20 20 20
6f 6e 41 63 74 69 76 61  74 65 3a 20 28 61 70 70
49 64 3a 20 73 74 72 69  6e 67 29 20 3d 3e 20 76
6f 69 64 3b 0a 20 20 20  20 6f 6e 43 6c 6f 73 65
3a 20 28 61 70 70 49 64  3a 20 73 74 72 69 6e 67
29 20 3d 3e 20 76 6f 69  64 3b 0a 20 20 20 20 6f
6e 55 73 65 3a 20 28 61  70 70 49 64 3a 20 73 74
72 69 6e 67 29 20 3d 3e  20 76 6f 69 64 3b 0a 7d
29 20 3d 3e 20 7b 0a 20  20 20 20 63 6f 6e 73 74
20 74 65 78 74 20 3d 20  69 73 5a 68 28 6c 61 6e
67 29 20 3f 20 6c 61 62  65 6c 73 2e 7a 68 20 3a
20 6c 61 62 65 6c 73 2e  65 6e 3b 0a 20 20 20 20
69 66 20 28 74 61 62 73  2e 6c 65 6e 67 74 68 20
3d 3d 3d 20 30 29 20 7b  0a 20 20 20 20 20 20 20
20 72 65 74 75 72 6e 20  3c 45 6d 70 74 79 52 75
6e 74 69 6d 65 20 74 65  78 74 3d 7b 74 65 78 74
7d 20 2f 3e 3b 0a 20 20  20 20 7d 0a 20 20 20 20
63 6f 6e 73 74 20 61 63  74 69 76 61 74 65 54 61
62 20 3d 20 28 61 70 70  49 64 3a 20 73 74 72 69
6e 67 2c 20 73 68 6f 75  6c 64 46 6f 63 75 73 20
3d 20 66 61 6c 73 65 29  20 3d 3e 20 7b 0a 20 20
20 20 20 20 20 20 6f 6e  41 63 74 69 76 61 74 65
28 61 70 70 49 64 29 3b  0a 20 20 20 20 20 20 20
20 69 66 20 28 21 73 68  6f 75 6c 64 46 6f 63 75
73 29 20 72 65 74 75 72  6e 3b 0a 20 20 20 20 20
20 20 20 63 6f 6e 73 74  20 66 6f 63 75 73 54 61
62 20 3d 20 28 29 20 3d  3e 20 64 6f 63 75 6d 65
6e 74 2e 67 65 74 45 6c  65 6d 65 6e 74 42 79 49
64 28 67 65 74 52 75 6e  74 69 6d 65 54 61 62 49
64 28 61 70 70 49 64 29  29 3f 2e 66 6f 63 75 73
28 29 3b 0a 20 20 20 20  20 20 20 20 69 66 20 28
74 79 70 65 6f 66 20 77  69 6e 64 6f 77 2e 72 65
71 75 65 73 74 41 6e 69  6d 61 74 69 6f 6e 46 72
61 6d 65 20 3d 3d 3d 20  27 66 75 6e 63 74 69 6f
6e 27 29 20 77 69 6e 64  6f 77 2e 72 65 71 75 65
73 74 41 6e 69 6d 61 74  69 6f 6e 46 72 61 6d 65
28 66 6f 63 75 73 54 61  62 29 3b 0a 20 20 20 20
20 20 20 20 65 6c 73 65  20 77 69 6e 64 6f 77 2e
73 65 74 54 69 6d 65 6f  75 74 28 66 6f 63 75 73
54 61 62 2c 20 30 29 3b  0a 20 20 20 20 7d 3b 0a
20 20 20 20 63 6f 6e 73  74 20 68 61 6e 64 6c 65
54 61 62 4b 65 79 44 6f  77 6e 20 3d 20 28 65 76
65 6e 74 3a 20 4b 65 79  62 6f 61 72 64 45 76 65
6e 74 3c 48 54 4d 4c 42  75 74 74 6f 6e 45 6c 65
6d 65 6e 74 3e 2c 20 69  6e 64 65 78 3a 20 6e 75
6d 62 65 72 29 20 3d 3e  20 7b 0a 20 20 20 20 20
20 20 20 63 6f 6e 73 74  20 6e 65 78 74 49 6e 64
65 78 20 3d 20 65 76 65  6e 74 2e 6b 65 79 20 3d
3d 3d 20 27 41 72 72 6f  77 52 69 67 68 74 27 0a
20 20 20 20 20 20 20 20  20 20 20 20 3f 20 28 69
6e 64 65 78 20 2b 20 31  29 20 25 20 74 61 62 73
2e 6c 65 6e 67 74 68 0a  20 20 20 20 20 20 20 20
20 20 20 20 3a 20 65 76  65 6e 74 2e 6b 65 79 20
3d 3d 3d 20 27 41 72 72  6f 77 4c 65 66 74 27 0a
20 20 20 20 20 20 20 20  20 20 20 20 20 20 20 20
3f 20 28 69 6e 64 65 78  20 2d 20 31 20 2b 20 74
61 62 73 2e 6c 65 6e 67  74 68 29 20 25 20 74 61
62 73 2e 6c 65 6e 67 74  68 0a 20 20 20 20 20 20
20 20 20 20 20 20 20 20  20 20 3a 20 65 76 65 6e
74 2e 6b 65 79 20 3d 3d  3d 20 27 48 6f 6d 65 27
0a 20 20 20 20 20 20 20  20 20 20 20 20 20 20 20
20 20 20 20 20 3f 20 30  0a 20 20 20 20 20 20 20
20 20 20 20 20 20 20 20  20 20 20 20 20 3a 20 65
76 65 6e 74 2e 6b 65 79  20 3d 3d 3d 20 27 45 6e
64 27 0a 20 20 20 20 20  20 20 20 20 20 20 20 20
20 20 20 20 20 20 20 20  20 20 20 3f 20 74 61 62
73 2e 6c 65 6e 67 74 68  20 2d 20 31 0a 20 20 20
20 20 20 20 20 20 20 20  20 20 20 20 20 20 20 20
20 20 20 20 20 3a 20 2d  31 3b 0a 20 20 20 20 20
20 20 20 69 66 20 28 6e  65 78 74 49 6e 64 65 78
20 3c 20 30 29 20 72 65  74 75 72 6e 3b 0a 20 20
20 20 20 20 20 20 65 76  65 6e 74 2e 70 72 65 76
65 6e 74 44 65 66 61 75  6c 74 28 29 3b 0a 20 20
20 20 20 20 20 20 61 63  74 69 76 61 74 65 54 61
62 28 74 61 62 73 5b 6e  65 78 74 49 6e 64 65 78
5d 2e 69 64 2c 20 74 72  75 65 29 3b 0a 20 20 20
20 7d 3b 0a 20 20 20 20  72 65 74 75 72 6e 20 28
0a 20 20 20 20 20 20 20  20 3c 3e 0a 20 20 20 20
20 20 20 20 20 20 20 20  3c 64 69 76 20 63 6c 61
73 73 4e 61 6d 65 3d 22  61 70 70 73 2d 72 75 6e
74 69 6d 65 2d 74 61 62  73 22 20 72 6f 6c 65 3d
22 74 61 62 6c 69 73 74  22 20 61 72 69 61 2d 6c
61 62 65 6c 3d 7b 74 65  78 74 2e 61 70 70 73 7d
3e 0a 20 20 20 20 20 20  20 20 20 20 20 20 20 20
20 20 7b 74 61 62 73 2e  6d 61 70 28 28 61 70 70
2c 20 69 6e 64 65 78 29  20 3d 3e 20 7b 0a 20 20
20 20 20 20 20 20 20 20  20 20 20 20 20 20 20 20
20 20 63 6f 6e 73 74 20  69 73 41 63 74 69 76 65
20 3d 20 61 63 74 69 76  65 41 70 70 3f 2e 69 64
20 3d 3d 3d 20 61 70 70  2e 69 64 3b 0a 20 20 20
20 20 20 20 20 20 20 20  20 20 20 20 20 20 20 20
20 72 65 74 75 72 6e 20  28 0a 20 20 20 20 20 20
20 20 20 20 20 20 20 20  20 20 20 20 20 20 3c 64
69 76 20 6b 65 79 3d 7b  61 70 70 2e 69 64 7d 20
63 6c 61 73 73 4e 61 6d  65 3d 7b 60 61 70 70 73
2d 72 75 6e 74 69 6d 65  2d 74 61 62 2d 77 72 61
70 20 24 7b 69 73 41 63  74 69 76 65 20 3f 20 27
69 73 2d 61 63 74 69 76  65 27 20 3a 20 27 27 7d
60 7d 3e 0a 20 20 20 20  20 20 20 20 20 20 20 20
20 20 20 20 20 20 20 20  20 20 20 20 3c 62 75 74
74 6f 6e 0a 20 20 20 20  20 20 20 20 20 20 20 20
20 20 20 20 20 20 20 20  20 20 20 20 20 20 20 20
69 64 3d 7b 67 65 74 52  75 6e 74 69 6d 65 54 61
62 49 64 28 61 70 70 2e  69 64 29 7d 0a 20 20 20
20 20 20 20 20 20 20 20  20 20 20 20 20 20 20 20
20 20 20 20 20 20 20 20  20 63 6c 61 73 73 4e 61
6d 65 3d 7b 60 61 70 70  73 2d 72 75 6e 74 69 6d
65 2d 74 61 62 20 24 7b  69 73 41 63 74 69 76 65
20 3f 20 27 69 73 2d 61  63 74 69 76 65 27 20 3a
20 27 27 7d 60 7d 0a 20  20 20 20 20 20 20 20 20
20 20 20 20 20 20 20 20  20 20 20 20 20 20 20 20
20 20 20 74 79 70 65 3d  22 62 75 74 74 6f 6e 22
0a 20 20 20 20 20 20 20  20 20 20 20 20 20 20 20
20 20 20 20 20 20 20 20  20 20 20 20 20 72 6f 6c
65 3d 22 74 61 62 22 0a  20 20 20 20 20 20 20 20
20 20 20 20 20 20 20 20  20 20 20 20 20 20 20 20
20 20 20 20 61 72 69 61  2d 73 65 6c 65 63 74 65
64 3d 7b 69 73 41 63 74  69 76 65 7d 0a 20 20 20
20 20 20 20 20 20 20 20  20 20 20 20 20 20 20 20
20 20 20 20 20 20 20 20  20 61 72 69 61 2d 63 6f
6e 74 72 6f 6c 73 3d 7b  67 65 74 52 75 6e 74 69
6d 65 50 61 6e 65 6c 49  64 28 61 70 70 2e 69 64
29 7d 0a 20 20 20 20 20  20 20 20 20 20 20 20 20
20 20 20 20 20 20 20 20  20 20 20 20 20 20 20 74
61 62 49 6e 64 65 78 3d  7b 69 73 41 63 74 69 76
65 20 3f 20 30 20 3a 20  2d 31 7d 0a 20 20 20 20
20 20 20 20 20 20 20 20  20 20 20 20 20 20 20 20
20 20 20 20 20 20 20 20  6f 6e 43 6c 69 63 6b 3d
7b 28 29 20 3d 3e 20 61  63 74 69 76 61 74 65 54
61 62 28 61 70 70 2e 69  64 29 7d 0a 20 20 20 20
20 20 20 20 20 20 20 20  20 20 20 20 20 20 20 20
20 20 20 20 20 20 20 20  6f 6e 4b 65 79 44 6f 77
6e 3d 7b 28 65 76 65 6e  74 29 20 3d 3e 20 68 61
6e 64 6c 65 54 61 62 4b  65 79 44 6f 77 6e 28 65
76 65 6e 74 2c 20 69 6e  64 65 78 29 7d 0a 20 20
20 20 20 20 20 20 20 20  20 20 20 20 20 20 20 20
20 20 20 20 20 20 3e 0a  20 20 20 20 20 20 20 20
20 20 20 20 20 20 20 20  20 20 20 20 20 20 20 20
20 20 20 20 3c 73 70 61  6e 20 63 6c 61 73 73 4e
61 6d 65 3d 22 61 70 70  73 2d 61 70 70 2d 69 63
6f 6e 22 20 73 74 79 6c  65 3d 7b 7b 20 27 2d 2d
61 70 70 73 2d 69 63 6f  6e 2d 63 6f 6c 6f 72 27
3a 20 61 70 70 2e 61 63  63 65 6e 74 20 7d 20 61
73 20 43 53 53 50 72 6f  70 65 72 74 69 65 73 7d
3e 3c 49 63 6f 6e 20 6e  61 6d 65 3d 7b 61 70 70
2e 69 63 6f 6e 7d 20 2f  3e 3c 2f 73 70 61 6e 3e
0a 20 20 20 20 20 20 20  20 20 20 20 20 20 20 20
20 20 20 20 20 20 20 20  20 20 20 20 20 3c 73 70
61 6e 20 63 6c 61 73 73  4e 61 6d 65 3d 22 61 70
70 73 2d 72 75 6e 74 69  6d 65 2d 74 61 62 5f 5f
6c 61 62 65 6c 22 3e 7b  61 70 70 2e 6e 61 6d 65
7d 3c 2f 73 70 61 6e 3e  0a 20 20 20 20 20 20 20
20 20 20 20 20 20 20 20  20 20 20 20 20 20 20 20
20 3c 2f 62 75 74 74 6f  6e 3e 0a 20 20 20 20 20
20 20 20 20 20 20 20 20  20 20 20 20 20 20 20 20
20 20 20 3c 62 75 74 74  6f 6e 0a 20 20 20 20 20
20 20 20 20 20 20 20 20  20 20 20 20 20 20 20 20
20 20 20 20 20 20 20 63  6c 61 73 73 4e 61 6d 65
3d 22 61 70 70 73 2d 72  75 6e 74 69 6d 65 2d 74
61 62 5f 5f 63 6c 6f 73  65 22 0a 20 20 20 20 20
20 20 20 20 20 20 20 20  20 20 20 20 20 20 20 20
20 20 20 20 20 20 20 74  79 70 65 3d 22 62 75 74
74 6f 6e 22 0a 20 20 20  20 20 20 20 20 20 20 20
20 20 20 20 20 20 20 20  20 20 20 20 20 20 20 20
20 74 69 74 6c 65 3d 7b  74 65 78 74 2e 63 6c 6f
73 65 7d 0a 20 20 20 20  20 20 20 20 20 20 20 20
20 20 20 20 20 20 20 20  20 20 20 20 20 20 20 20
61 72 69 61 2d 6c 61 62  65 6c 3d 7b 60 24 7b 74
65 78 74 2e 63 6c 6f 73  65 7d 20 24 7b 61 70 70
2e 6e 61 6d 65 7d 60 7d  0a 20 20 20 20 20 20 20
20 20 20 20 20 20 20 20  20 20 20 20 20 20 20 20
20 20 20 20 20 6f 6e 43  6c 69 63 6b 3d 7b 28 29
20 3d 3e 20 6f 6e 43 6c  6f 73 65 28 61 70 70 2e
69 64 29 7d 0a 20 20 20  20 20 20 20 20 20 20 20
20 20 20 20 20 20 20 20  20 20 20 20 20 3e 0a 20
20 20 20 20 20 20 20 20  20 20 20 20 20 20 20 20
20 20 20 20 20 20 20 20  20 20 20 c3 97 0a 20 20
20 20 20 20 20 20 20 20  20 20 20 20 20 20 20 20
20 20 20 20 20 20 3c 2f  62 75 74 74 6f 6e 3e 0a
20 20 20 20 20 20 20 20  20 20 20 20 20 20 20 20
20 20 20 20 3c 2f 64 69  76 3e 0a 20 20 20 20 20
20 20 20 20 20 20 20 20  20 20 20 20 20 20 20 29
3b 0a 20 20 20 20 20 20  20 20 20 20 20 20 20 20
20 20 7d 29 7d 0a 20 20  20 20 20 20 20 20 20 20
20 20 3c 2f 64 69 76 3e  0a 20 20 20 20 20 20 20
20 20 20 20 20 3c 64 69  76 0a 20 20 20 20 20 20
20 20 20 20 20 20 20 20  20 20 63 6c 61 73 73 4e
61 6d 65 3d 22 61 70 70  73 2d 72 75 6e 74 69 6d
65 2d 73 68 65 6c 6c 22  0a 20 20 20 20 20 20 20
20 20 20 20 20 20 20 20  20 72 6f 6c 65 3d 22 74
61 62 70 61 6e 65 6c 22  0a 20 20 20 20 20 20 20
20 20 20 20 20 20 20 20  20 69 64 3d 7b 61 63 74
69 76 65 41 70 70 20 3f  20 67 65 74 52 75 6e 74
69 6d 65 50 61 6e 65 6c  49 64 28 61 63 74 69 76
65 41 70 70 2e 69 64 29  20 3a 20 75 6e 64 65 66
69 6e 65 64 7d 0a 20 20  20 20 20 20 20 20 20 20
20 20 20 20 20 20 61 72  69 61 2d 6c 61 62 65 6c
6c 65 64 62 79 3d 7b 61  63 74 69 76 65 41 70 70
20 3f 20 67 65 74 52 75  6e 74 69 6d 65 54 61 62
49 64 28 61 63 74 69 76  65 41 70 70 2e 69 64 29
20 3a 20 75 6e 64 65 66  69 6e 65 64 7d 0a 20 20
20 20 20 20 20 20 20 20  20 20 3e 0a 20 20 20 20
20 20 20 20 20 20 20 20  20 20 20 20 3c 41 70 70
50 72 65 76 69 65 77 20  61 70 70 3d 7b 61 63 74
69 76 65 41 70 70 7d 20  6c 61 6e 67 3d 7b 6c 61
6e 67 7d 20 6f 6e 55 73  65 3d 7b 6f 6e 55 73 65
7d 20 2f 3e 0a 20 20 20  20 20 20 20 20 20 20 20
20 3c 2f 64 69 76 3e 0a  20 20 20 20 20 20 20 20
3c 2f 3e 0a 20 20 20 20  29 3b 0a 7d 3b 0a 0a 63
6f 6e 73 74 20 45 6d 70  74 79 52 75 6e 74 69 6d
65 20 3d 20 28 7b 20 74  65 78 74 20 7d 3a 20 7b
20 74 65 78 74 3a 20 74  79 70 65 6f 66 20 6c 61
62 65 6c 73 2e 7a 68 20  7d 29 20 3d 3e 20 28 0a
20 20 20 20 3c 64 69 76  20 63 6c 61 73 73 4e 61
6d 65 3d 22 61 70 70 73  2d 72 75 6e 74 69 6d 65
2d 65 6d 70 74 79 22 3e  0a 20 20 20 20 20 20 20
20 3c 64 69 76 20 63 6c  61 73 73 4e 61 6d 65 3d
22 61 70 70 73 2d 72 75  6e 74 69 6d 65 2d 65 6d
70 74 79 5f 5f 69 63 6f  6e 22 20 61 72 69 61 2d
68 69 64 64 65 6e 3d 22  74 72 75 65 22 3e 0a 20
20 20 20 20 20 20 20 20  20 20 20 3c 49 63 6f 6e
20 6e 61 6d 65 3d 22 64  61 73 68 62 6f 61 72 64
22 20 2f 3e 0a 20 20 20  20 20 20 20 20 3c 2f 64
69 76 3e 0a 20 20 20 20  20 20 20 20 3c 68 33 3e
7b 74 65 78 74 2e 6e 6f  4f 70 65 6e 41 70 70 54
69 74 6c 65 7d 3c 2f 68  33 3e 0a 20 20 20 20 20
20 20 20 3c 70 3e 7b 74  65 78 74 2e 6e 6f 4f 70
65 6e 41 70 70 48 69 6e  74 7d 3c 2f 70 3e 0a 20
20 20 20 3c 2f 64 69 76  3e 0a 29 3b 0a 0a 63 6f
6e 73 74 20 67 65 74 52  75 6e 74 69 6d 65 53 61
66 65 49 64 20 3d 20 28  61 70 70 49 64 3a 20 73
74 72 69 6e 67 29 20 3d  3e 20 61 70 70 49 64 2e
72 65 70 6c 61 63 65 28  2f 5b 5e 41 2d 5a 61 2d
7a 30 2d 39 5f 2d 5d 2f  67 2c 20 27 2d 27 29 3b
0a 63 6f 6e 73 74 20 67  65 74 52 75 6e 74 69 6d
65 54 61 62 49 64 20 3d  20 28 61 70 70 49 64 3a
20 73 74 72 69 6e 67 29  20 3d 3e 20 60 61 70 70
2d 74 61 62 2d 24 7b 67  65 74 52 75 6e 74 69 6d
65 53 61 66 65 49 64 28  61 70 70 49 64 29 7d 60
3b 0a 63 6f 6e 73 74 20  67 65 74 52 75 6e 74 69
6d 65 50 61 6e 65 6c 49  64 20 3d 20 28 61 70 70
49 64 3a 20 73 74 72 69  6e 67 29 20 3d 3e 20 60
61 70 70 2d 70 61 6e 65  6c 2d 24 7b 67 65 74 52
75 6e 74 69 6d 65 53 61  66 65 49 64 28 61 70 70
49 64 29 7d 60 3b 0a 0a  63 6f 6e 73 74 20 41 70
70 50 72 65 76 69 65 77  20 3d 20 28 7b 20 61 70
70 2c 20 6c 61 6e 67 2c  20 6f 6e 55 73 65 20 7d
3a 20 7b 20 61 70 70 3f  3a 20 41 70 70 45 6e 74
72 79 3b 20 6c 61 6e 67  3f 3a 20 73 74 72 69 6e
67 3b 20 6f 6e 55 73 65  3f 3a 20 28 61 70 70 49
64 3a 20 73 74 72 69 6e  67 29 20 3d 3e 20 76 6f
69 64 20 7d 29 20 3d 3e  20 7b 0a 20 20 20 20 63
6f 6e 73 74 20 74 65 78  74 20 3d 20 69 73 5a 68
28 6c 61 6e 67 29 20 3f  20 6c 61 62 65 6c 73 2e
7a 68 20 3a 20 6c 61 62  65 6c 73 2e 65 6e 3b 0a
20 20 20 20 63 6f 6e 73  74 20 5b 66 69 6c 65 4e
61 6d 65 2c 20 73 65 74  46 69 6c 65 4e 61 6d 65
5d 20 3d 20 75 73 65 53  74 61 74 65 28 27 27 29
3b 0a 20 20 20 20 63 6f  6e 73 74 20 5b 73 65 6c
65 63 74 65 64 46 69 6c  65 2c 20 73 65 74 53 65
6c 65 63 74 65 64 46 69  6c 65 5d 20 3d 20 75 73
65 53 74 61 74 65 3c 46  69 6c 65 20 7c 20 6e 75
6c 6c 3e 28 6e 75 6c 6c  29 3b 0a 20 20 20 20 63
6f 6e 73 74 20 5b 73 65  6c 65 63 74 65 64 46 69
6c 65 73 2c 20 73 65 74  53 65 6c 65 63 74 65 64
46 69 6c 65 73 5d 20 3d  20 75 73 65 53 74 61 74
65 3c 46 69 6c 65 5b 5d  3e 28 5b 5d 29 3b 0a 20
20 20 20 63 6f 6e 73 74  20 5b 74 6f 6f 6c 50 61
72 61 6d 73 2c 20 73 65  74 54 6f 6f 6c 50 61 72
61 6d 73 5d 20 3d 20 75  73 65 53 74 61 74 65 28
27 27 29 3b 0a 20 20 20  20 63 6f 6e 73 74 20 5b
66 69 65 6c 64 56 61 6c  75 65 73 2c 20 73 65 74
46 69 65 6c 64 56 61 6c  75 65 73 5d 20 3d 20 75
73 65 53 74 61 74 65 3c  52 65 63 6f 72 64 3c 73
74 72 69 6e 67 2c 20 73  74 72 69 6e 67 20 7c 20
62 6f 6f 6c 65 61 6e 3e  3e 28 7b 7d 29 3b 0a 20
20 20 20 63 6f 6e 73 74  20 5b 6f 75 74 70 75 74
4d 6f 64 65 2c 20 73 65  74 4f 75 74 70 75 74 4d
6f 64 65 5d 20 3d 20 75  73 65 53 74 61 74 65 28
27 64 6f 63 78 27 29 3b  0a 20 20 20 20 63 6f 6e
73 74 20 5b 62 75 73 69  6e 65 73 73 45 6e 74 69
74 79 2c 20 73 65 74 42  75 73 69 6e 65 73 73 45
6e 74 69 74 79 5d 20 3d  20 75 73 65 53 74 61 74
65 28 61 70 70 3f 2e 63  61 74 65 67 6f 72 79 20
7c 7c 20 27 27 29 3b 0a  20 20 20 20 63 6f 6e 73
74 20 5b 62 75 73 69 6e  65 73 73 41 63 74 69 6f
6e 2c 20 73 65 74 42 75  73 69 6e 65 73 73 41 63
74 69 6f 6e 5d 20 3d 20  75 73 65 53 74 61 74 65
28 27 63 72 65 61 74 65  27 29 3b 0a 20 20 20 20
63 6f 6e 73 74 20 5b 62  75 73 69 6e 65 73 73 4e
6f 74 65 2c 20 73 65 74  42 75 73 69 6e 65 73 73
4e 6f 74 65 5d 20 3d 20  75 73 65 53 74 61 74 65
28 27 27 29 3b 0a 20 20  20 20 63 6f 6e 73 74 20
5b 72 75 6e 53 74 61 74  65 2c 20 73 65 74 52 75
6e 53 74 61 74 65 5d 20  3d 20 75 73 65 53 74 61
74 65 3c 27 69 64 6c 65  27 20 7c 20 27 72 75 6e
6e 69 6e 67 27 20 7c 20  27 64 6f 6e 65 27 20 7c
20 27 65 72 72 6f 72 27  20 7c 20 27 63 61 6e 63
65 6c 6c 65 64 27 3e 28  27 69 64 6c 65 27 29 3b
0a 20 20 20 20 63 6f 6e  73 74 20 5b 76 61 6c 69
64 61 74 69 6f 6e 4d 65  73 73 61 67 65 2c 20 73
65 74 56 61 6c 69 64 61  74 69 6f 6e 4d 65 73 73
61 67 65 5d 20 3d 20 75  73 65 53 74 61 74 65 28
27 27 29 3b 0a 20 20 20  20 63 6f 6e 73 74 20 5b
72 75 6e 49 44 2c 20 73  65 74 52 75 6e 49 44 5d
20 3d 20 75 73 65 53 74  61 74 65 28 27 27 29 3b
0a 20 20 20 20 63 6f 6e  73 74 20 5b 73 6b 69 6c
6c 52 75 6e 53 74 61 74  75 73 2c 20 73 65 74 53
6b 69 6c 6c 52 75 6e 53  74 61 74 75 73 5d 20 3d
20 75 73 65 53 74 61 74  65 3c 53 6b 69 6c 6c 52
75 6e 53 74 61 74 75 73  56 69 65 77 20 7c 20 6e
75 6c 6c 3e 28 6e 75 6c  6c 29 3b 0a 20 20 20 20
63 6f 6e 73 74 20 5b 72  75 6e 48 69 73 74 6f 72
79 2c 20 73 65 74 52 75  6e 48 69 73 74 6f 72 79
5d 20 3d 20 75 73 65 53  74 61 74 65 3c 41 70 70
52 75 6e 48 69 73 74 6f  72 79 45 6e 74 72 79 5b
5d 3e 28 5b 5d 29 3b 0a  20 20 20 20 63 6f 6e 73
74 20 5b 63 75 72 72 65  6e 74 52 75 6e 43 6f 6e
74 65 78 74 2c 20 73 65  74 43 75 72 72 65 6e 74
52 75 6e 43 6f 6e 74 65  78 74 5d 20 3d 20 75 73
65 53 74 61 74 65 28 7b  20 69 6e 70 75 74 53 75
6d 6d 61 72 79 3a 20 27  27 2c 20 6f 75 74 70 75
74 4d 6f 64 65 3a 20 27  27 20 7d 29 3b 0a 20 20
20 20 75 73 65 45 66 66  65 63 74 28 28 29 20 3d
3e 20 7b 0a 20 20 20 20  20 20 20 20 73 65 74 46
69 6c 65 4e 61 6d 65 28  27 27 29 3b 0a 20 20 20
20 20 20 20 20 73 65 74  53 65 6c 65 63 74 65 64
46 69 6c 65 28 6e 75 6c  6c 29 3b 0a 20 20 20 20
20 20 20 20 73 65 74 53  65 6c 65 63 74 65 64 46
69 6c 65 73 28 5b 5d 29  3b 0a 20 20 20 20 20 20
20 20 73 65 74 54 6f 6f  6c 50 61 72 61 6d 73 28
27 27 29 3b 0a 20 20 20  20 20 20 20 20 73 65 74
46 69 65 6c 64 56 61 6c  75 65 73 28 7b 7d 29 3b
0a 20 20 20 20 20 20 20  20 73 65 74 4f 75 74 70
75 74 4d 6f 64 65 28 6e  6f 72 6d 61 6c 69 7a 65
4f 75 74 70 75 74 4d 6f  64 65 73 28 61 70 70 3f
2e 6d 61 6e 69 66 65 73  74 3f 2e 73 6b 69 6c 6c
3f 2e 6f 75 74 70 75 74  4d 6f 64 65 73 29 5b 30
5d 29 3b 0a 20 20 20 20  20 20 20 20 73 65 74 42
75 73 69 6e 65 73 73 45  6e 74 69 74 79 28 61 70
70 3f 2e 63 61 74 65 67  6f 72 79 20 7c 7c 20 27
27 29 3b 0a 20 20 20 20  20 20 20 20 73 65 74 42
75 73 69 6e 65 73 73 41  63 74 69 6f 6e 28 27 63
72 65 61 74 65 27 29 3b  0a 20 20 20 20 20 20 20
20 73 65 74 42 75 73 69  6e 65 73 73 4e 6f 74 65
28 27 27 29 3b 0a 20 20  20 20 20 20 20 20 73 65
74 52 75 6e 53 74 61 74  65 28 27 69 64 6c 65 27
29 3b 0a 20 20 20 20 20  20 20 20 73 65 74 56 61
6c 69 64 61 74 69 6f 6e  4d 65 73 73 61 67 65 28
27 27 29 3b 0a 20 20 20  20 20 20 20 20 73 65 74
52 75 6e 49 44 28 27 27  29 3b 0a 20 20 20 20 20
20 20 20 73 65 74 53 6b  69 6c 6c 52 75 6e 53 74
61 74 75 73 28 6e 75 6c  6c 29 3b 0a 20 20 20 20
20 20 20 20 73 65 74 43  75 72 72 65 6e 74 52 75
6e 43 6f 6e 74 65 78 74  28 7b 20 69 6e 70 75 74
53 75 6d 6d 61 72 79 3a  20 27 27 2c 20 6f 75 74
70 75 74 4d 6f 64 65 3a  20 27 27 20 7d 29 3b 0a
20 20 20 20 20 20 20 20  73 65 74 52 75 6e 48 69
73 74 6f 72 79 28 6c 6f  61 64 41 70 70 52 75 6e
48 69 73 74 6f 72 79 28  61 70 70 3f 2e 69 64 20
7c 7c 20 27 27 29 29 3b  0a 20 20 20 20 7d 2c 20
5b 61 70 70 3f 2e 69 64  2c 20 61 70 70 3f 2e 6d
61 6e 69 66 65 73 74 3f  2e 73 6b 69 6c 6c 3f 2e
6f 75 74 70 75 74 4d 6f  64 65 73 5d 29 3b 0a 20
20 20 20 63 6f 6e 73 74  20 72 65 63 6f 72 64 52
75 6e 48 69 73 74 6f 72  79 20 3d 20 28 65 6e 74
72 79 3a 20 4f 6d 69 74  3c 41 70 70 52 75 6e 48
69 73 74 6f 72 79 45 6e  74 72 79 2c 20 27 61 70
70 49 44 27 20 7c 20 27  61 74 27 3e 29 20 3d 3e
20 7b 0a 20 20 20 20 20  20 20 20 63 6f 6e 73 74
20 61 70 70 49 44 20 3d  20 61 70 70 3f 2e 69 64
20 7c 7c 20 27 27 3b 0a  20 20 20 20 20 20 20 20
69 66 20 28 21 61 70 70  49 44 29 20 72 65 74 75
72 6e 3b 0a 20 20 20 20  20 20 20 20 63 6f 6e 73
74 20 6e 65 78 74 45 6e  74 72 79 3a 20 41 70 70
52 75 6e 48 69 73 74 6f  72 79 45 6e 74 72 79 20
3d 20 7b 20 2e 2e 2e 65  6e 74 72 79 2c 20 61 70
70 49 44 2c 20 61 74 3a  20 6e 65 77 20 44 61 74
65 28 29 2e 74 6f 49 53  4f 53 74 72 69 6e 67 28
29 20 7d 3b 0a 20 20 20  20 20 20 20 20 73 65 74
52 75 6e 48 69 73 74 6f  72 79 28 28 63 75 72 72
65 6e 74 29 20 3d 3e 20  7b 0a 20 20 20 20 20 20
20 20 20 20 20 20 63 6f  6e 73 74 20 6e 65 78 74
20 3d 20 5b 6e 65 78 74  45 6e 74 72 79 2c 20 2e
2e 2e 63 75 72 72 65 6e  74 2e 66 69 6c 74 65 72
28 28 69 74 65 6d 29 20  3d 3e 20 69 74 65 6d 2e
72 75 6e 49 44 20 21 3d  3d 20 6e 65 78 74 45 6e
74 72 79 2e 72 75 6e 49  44 29 5d 2e 73 6c 69 63
65 28 30 2c 20 38 29 3b  0a 20 20 20 20 20 20 20
20 20 20 20 20 73 61 76  65 41 70 70 52 75 6e 48
69 73 74 6f 72 79 28 61  70 70 49 44 2c 20 6e 65
78 74 29 3b 0a 20 20 20  20 20 20 20 20 20 20 20
20 72 65 74 75 72 6e 20  6e 65 78 74 3b 0a 20 20
20 20 20 20 20 20 7d 29  3b 0a 20 20 20 20 7d 3b
0a 20 20 20 20 75 73 65  45 66 66 65 63 74 28 28
29 20 3d 3e 20 7b 0a 20  20 20 20 20 20 20 20 69
66 20 28 21 72 75 6e 49  44 20 7c 7c 20 72 75 6e
53 74 61 74 65 20 21 3d  3d 20 27 72 75 6e 6e 69
6e 67 27 29 20 72 65 74  75 72 6e 3b 0a 20 20 20
20 20 20 20 20 6c 65 74  20 64 69 73 70 6f 73 65
64 20 3d 20 66 61 6c 73  65 3b 0a 20 20 20 20 20
20 20 20 63 6f 6e 73 74  20 70 6f 6c 6c 20 3d 20
61 73 79 6e 63 20 28 29  20 3d 3e 20 7b 0a 20 20
20 20 20 20 20 20 20 20  20 20 74 72 79 20 7b 0a
20 20 20 20 20 20 20 20  20 20 20 20 20 20 20 20
63 6f 6e 73 74 20 73 74  61 74 75 73 20 3d 20 61
77 61 69 74 20 47 65 74  4e 4c 53 6b 69 6c 6c 52
75 6e 53 74 61 74 75 73  28 72 75 6e 49 44 29 20
61 73 20 53 6b 69 6c 6c  52 75 6e 53 74 61 74 75
73 56 69 65 77 3b 0a 20  20 20 20 20 20 20 20 20
20 20 20 20 20 20 20 69  66 20 28 64 69 73 70 6f
73 65 64 29 20 72 65 74  75 72 6e 3b 0a 20 20 20
20 20 20 20 20 20 20 20  20 20 20 20 20 73 65 74
53 6b 69 6c 6c 52 75 6e  53 74 61 74 75 73 28 73
74 61 74 75 73 20 7c 7c  20 6e 75 6c 6c 29 3b 0a
20 20 20 20 20 20 20 20  20 20 20 20 20 20 20 20
63 6f 6e 73 74 20 6c 69  66 65 63 79 63 6c 65 20
3d 20 6e 6f 72 6d 61 6c  69 7a 65 53 6b 69 6c 6c
52 75 6e 4c 69 66 65 63  79 63 6c 65 28 73 74 61
74 75 73 3f 2e 73 74 61  74 75 73 29 3b 0a 20 20
20 20 20 20 20 20 20 20  20 20 20 20 20 20 69 66
20 28 6c 69 66 65 63 79  63 6c 65 20 3d 3d 3d 20
27 64 6f 6e 65 27 29 20  7b 0a 20 20 20 20 20 20
20 20 20 20 20 20 20 20  20 20 20 20 20 20 63 6f
6e 73 74 20 61 72 74 69  66 61 63 74 20 3d 20 73
6b 69 6c 6c 52 75 6e 50  72 69 6d 61 72 79 41 72
74 69 66 61 63 74 28 73  74 61 74 75 73 29 3b 0a
20 20 20 20 20 20 20 20  20 20 20 20 20 20 20 20
20 20 20 20 63 6f 6e 73  74 20 61 72 74 69 66 61
63 74 50 61 74 68 20 3d  20 53 74 72 69 6e 67 28
61 72 74 69 66 61 63 74  3f 2e 70 61 74 68 20 7c
7c 20 27 27 29 2e 74 72  69 6d 28 29 3b 0a 20 20
20 20 20 20 20 20 20 20  20 20 20 20 20 20 20 20
20 20 63 6f 6e 73 74 20  61 72 74 69 66 61 63 74
49 44 20 3d 20 53 74 72  69 6e 67 28 61 72 74 69
66 61 63 74 3f 2e 69 64  20 7c 7c 20 27 27 29 2e
74 72 69 6d 28 29 3b 0a  20 20 20 20 20 20 20 20
20 20 20 20 20 20 20 20  20 20 20 20 63 6f 6e 73
74 20 61 72 74 69 66 61  63 74 55 52 49 20 3d 20
53 74 72 69 6e 67 28 61  72 74 69 66 61 63 74 3f
2e 75 72 69 20 7c 7c 20  27 27 29 2e 74 72 69 6d
28 29 3b 0a 20 20 20 20  20 20 20 20 20 20 20 20
20 20 20 20 20 20 20 20  63 6f 6e 73 74 20 61 72
74 69 66 61 63 74 4e 61  6d 65 20 3d 20 53 74 72
69 6e 67 28 61 72 74 69  66 61 63 74 3f 2e 6e 61
6d 65 20 7c 7c 20 61 72  74 69 66 61 63 74 50 61
74 68 2e 73 70 6c 69 74  28 2f 5b 5c 5c 2f 5d 2f
29 2e 70 6f 70 28 29 20  7c 7c 20 27 27 29 2e 74
72 69 6d 28 29 3b 0a 20  20 20 20 20 20 20 20 20
20 20 20 20 20 20 20 20  20 20 20 63 6f 6e 73 74
20 61 72 74 69 66 61 63  74 44 6f 77 6e 6c 6f 61
64 53 74 61 74 65 20 3d  20 53 74 72 69 6e 67 28
61 72 74 69 66 61 63 74  3f 2e 64 6f 77 6e 6c 6f
61 64 5f 73 74 61 74 65  20 7c 7c 20 27 27 29 2e
74 72 69 6d 28 29 3b 0a  20 20 20 20 20 20 20 20
20 20 20 20 20 20 20 20  20 20 20 20 63 6f 6e 73
74 20 64 65 66 69 6e 69  74 69 6f 6e 48 61 73 68
20 3d 20 61 70 70 20 3f  20 61 70 70 44 65 66 69
6e 69 74 69 6f 6e 46 69  6e 67 65 72 70 72 69 6e
74 28 61 70 70 29 20 3a  20 75 6e 64 65 66 69 6e
65 64 3b 0a 20 20 20 20  20 20 20 20 20 20 20 20
20 20 20 20 20 20 20 20  63 6f 6e 73 74 20 76 65
72 69 66 69 65 64 41 74  20 3d 20 6e 65 77 20 44
61 74 65 28 29 2e 74 6f  49 53 4f 53 74 72 69 6e
67 28 29 3b 0a 20 20 20  20 20 20 20 20 20 20 20
20 20 20 20 20 20 20 20  20 73 65 74 56 61 6c 69
64 61 74 69 6f 6e 4d 65  73 73 61 67 65 28 27 27
29 3b 0a 20 20 20 20 20  20 20 20 20 20 20 20 20
20 20 20 20 20 20 20 73  65 74 52 75 6e 53 74 61
74 65 28 27 64 6f 6e 65  27 29 3b 0a 20 20 20 20
20 20 20 20 20 20 20 20  20 20 20 20 20 20 20 20
72 65 63 6f 72 64 52 75  6e 48 69 73 74 6f 72 79
28 7b 0a 20 20 20 20 20  20 20 20 20 20 20 20 20
20 20 20 20 20 20 20 20  20 20 20 72 75 6e 49 44
2c 0a 20 20 20 20 20 20  20 20 20 20 20 20 20 20
20 20 20 20 20 20 20 20  20 20 73 74 61 74 75 73
3a 20 27 64 6f 6e 65 27  2c 0a 20 20 20 20 20 20
20 20 20 20 20 20 20 20  20 20 20 20 20 20 20 20
20 20 64 65 66 69 6e 69  74 69 6f 6e 48 61 73 68
2c 0a 20 20 20 20 20 20  20 20 20 20 20 20 20 20
20 20 20 20 20 20 20 20  20 20 6f 75 74 70 75 74
4d 6f 64 65 3a 20 63 75  72 72 65 6e 74 52 75 6e
43 6f 6e 74 65 78 74 2e  6f 75 74 70 75 74 4d 6f
64 65 2c 0a 20 20 20 20  20 20 20 20 20 20 20 20
20 20 20 20 20 20 20 20  20 20 20 20 69 6e 70 75
74 53 75 6d 6d 61 72 79  3a 20 63 75 72 72 65 6e
74 52 75 6e 43 6f 6e 74  65 78 74 2e 69 6e 70 75
74 53 75 6d 6d 61 72 79  2c 0a 20 20 20 20 20 20
20 20 20 20 20 20 20 20  20 20 20 20 20 20 20 20
20 20 6d 65 73 73 61 67  65 3a 20 73 6b 69 6c 6c
52 75 6e 4f 75 74 70 75  74 53 75 66 66 69 78 28
73 74 61 74 75 73 29 2e  72 65 70 6c 61 63 65 28
2f 5e 20 c2 b7 20 2f 2c  20 27 27 29 20 7c 7c 20
74 65 78 74 2e 73 6b 69  6c 6c 52 75 6e 43 6f 6d
70 6c 65 74 65 64 2c 0a  20 20 20 20 20 20 20 20
20 20 20 20 20 20 20 20  20 20 20 20 20 20 20 20
61 72 74 69 66 61 63 74  49 44 2c 0a 20 20 20 20
20 20 20 20 20 20 20 20  20 20 20 20 20 20 20 20
20 20 20 20 61 72 74 69  66 61 63 74 55 52 49 2c
0a 20 20 20 20 20 20 20  20 20 20 20 20 20 20 20
20 20 20 20 20 20 20 20  20 61 72 74 69 66 61 63
74 4e 61 6d 65 2c 0a 20  20 20 20 20 20 20 20 20
20 20 20 20 20 20 20 20  20 20 20 20 20 20 20 61
72 74 69 66 61 63 74 50  61 74 68 2c 0a 20 20 20
20 20 20 20 20 20 20 20  20 20 20 20 20 20 20 20
20 20 20 20 20 61 72 74  69 66 61 63 74 44 6f 77
6e 6c 6f 61 64 53 74 61  74 65 2c 0a 20 20 20 20
20 20 20 20 20 20 20 20  20 20 20 20 20 20 20 20
7d 29 3b 0a 20 20 20 20  20 20 20 20 20 20 20 20
20 20 20 20 20 20 20 20  69 66 20 28 61 70 70 3f
2e 73 6f 75 72 63 65 20  3d 3d 3d 20 27 73 6b 69
6c 6c 27 20 26 26 20 61  70 70 2e 6d 61 6e 69 66
65 73 74 3f 2e 73 6b 69  6c 6c 3f 2e 69 64 29 20
7b 0a 20 20 20 20 20 20  20 20 20 20 20 20 20 20
20 20 20 20 20 20 20 20  20 20 76 6f 69 64 20 52
65 63 6f 72 64 4d 61 63  6c 61 77 41 70 70 52 75
6e 45 76 69 64 65 6e 63  65 46 6f 72 53 6b 69 6c
6c 28 61 70 70 2e 6d 61  6e 69 66 65 73 74 2e 73
6b 69 6c 6c 2e 69 64 2c  20 61 70 70 2e 69 64 2c
20 64 65 66 69 6e 69 74  69 6f 6e 48 61 73 68 20
7c 7c 20 27 27 2c 20 72  75 6e 49 44 2c 20 61 72
74 69 66 61 63 74 50 61  74 68 20 7c 7c 20 61 72
74 69 66 61 63 74 4e 61  6d 65 20 7c 7c 20 61 72
74 69 66 61 63 74 55 52  49 2c 20 76 65 72 69 66
69 65 64 41 74 29 2e 63  61 74 63 68 28 28 29 20
3d 3e 20 75 6e 64 65 66  69 6e 65 64 29 3b 0a 20
20 20 20 20 20 20 20 20  20 20 20 20 20 20 20 20
20 20 20 7d 0a 20 20 20  20 20 20 20 20 20 20 20
20 20 20 20 20 7d 20 65  6c 73 65 20 69 66 20 28
6c 69 66 65 63 79 63 6c  65 20 3d 3d 3d 20 27 65
72 72 6f 72 27 29 20 7b  0a 20 20 20 20 20 20 20
20 20 20 20 20 20 20 20  20 20 20 20 20 63 6f 6e
73 74 20 6d 65 73 73 61  67 65 20 3d 20 73 6b 69
6c 6c 52 75 6e 45 72 72  6f 72 4d 65 73 73 61 67
65 28 73 74 61 74 75 73  29 20 7c 7c 20 74 65 78
74 2e 73 6b 69 6c 6c 52  75 6e 46 61 69 6c 65 64
3b 0a 20 20 20 20 20 20  20 20 20 20 20 20 20 20
20 20 20 20 20 20 73 65  74 56 61 6c 69 64 61 74
69 6f 6e 4d 65 73 73 61  67 65 28 6d 65 73 73 61
67 65 29 3b 0a 20 20 20  20 20 20 20 20 20 20 20
20 20 20 20 20 20 20 20  20 73 65 74 52 75 6e 53
74 61 74 65 28 27 65 72  72 6f 72 27 29 3b 0a 20
20 20 20 20 20 20 20 20  20 20 20 20 20 20 20 20
20 20 20 72 65 63 6f 72  64 52 75 6e 48 69 73 74
6f 72 79 28 7b 20 72 75  6e 49 44 2c 20 73 74 61
74 75 73 3a 20 27 65 72  72 6f 72 27 2c 20 6f 75
74 70 75 74 4d 6f 64 65  3a 20 63 75 72 72 65 6e
74 52 75 6e 43 6f 6e 74  65 78 74 2e 6f 75 74 70
75 74 4d 6f 64 65 2c 20  69 6e 70 75 74 53 75 6d
6d 61 72 79 3a 20 63 75  72 72 65 6e 74 52 75 6e
43 6f 6e 74 65 78 74 2e  69 6e 70 75 74 53 75 6d
6d 61 72 79 2c 20 6d 65  73 73 61 67 65 20 7d 29
3b 0a 20 20 20 20 20 20  20 20 20 20 20 20 20 20
20 20 7d 20 65 6c 73 65  20 69 66 20 28 6c 69 66
65 63 79 63 6c 65 20 3d  3d 3d 20 27 63 61 6e 63
65 6c 6c 65 64 27 29 20  7b 0a 20 20 20 20 20 20
20 20 20 20 20 20 20 20  20 20 20 20 20 20 73 65
74 56 61 6c 69 64 61 74  69 6f 6e 4d 65 73 73 61
67 65 28 74 65 78 74 2e  73 6b 69 6c 6c 52 75 6e
43 61 6e 63 65 6c 6c 65  64 29 3b 0a 20 20 20 20
20 20 20 20 20 20 20 20  20 20 20 20 20 20 20 20
73 65 74 52 75 6e 53 74  61 74 65 28 27 63 61 6e
63 65 6c 6c 65 64 27 29  3b 0a 20 20 20 20 20 20
20 20 20 20 20 20 20 20  20 20 20 20 20 20 72 65
63 6f 72 64 52 75 6e 48  69 73 74 6f 72 79 28 7b
20 72 75 6e 49 44 2c 20  73 74 61 74 75 73 3a 20
27 63 61 6e 63 65 6c 6c  65 64 27 2c 20 6f 75 74
70 75 74 4d 6f 64 65 3a  20 63 75 72 72 65 6e 74
52 75 6e 43 6f 6e 74 65  78 74 2e 6f 75 74 70 75
74 4d 6f 64 65 2c 20 69  6e 70 75 74 53 75 6d 6d
61 72 79 3a 20 63 75 72  72 65 6e 74 52 75 6e 43
6f 6e 74 65 78 74 2e 69  6e 70 75 74 53 75 6d 6d
61 72 79 2c 20 6d 65 73  73 61 67 65 3a 20 74 65
78 74 2e 73 6b 69 6c 6c  52 75 6e 43 61 6e 63 65
6c 6c 65 64 20 7d 29 3b  0a 20 20 20 20 20 20 20
20 20 20 20 20 20 20 20  20 7d 0a 20 20 20 20 20
20 20 20 20 20 20 20 7d  20 63 61 74 63 68 20 28
65 72 72 6f 72 3a 20 61  6e 79 29 20 7b 0a 20 20
20 20 20 20 20 20 20 20  20 20 20 20 20 20 69 66
20 28 64 69 73 70 6f 73  65 64 29 20 72 65 74 75
72 6e 3b 0a 20 20 20 20  20 20 20 20 20 20 20 20
20 20 20 20 63 6f 6e 73  74 20 6d 65 73 73 61 67
65 20 3d 20 65 72 72 6f  72 3f 2e 6d 65 73 73 61
67 65 20 7c 7c 20 53 74  72 69 6e 67 28 65 72 72
6f 72 20 7c 7c 20 74 65  78 74 2e 73 6b 69 6c 6c
52 75 6e 46 61 69 6c 65  64 29 3b 0a 20 20 20 20
20 20 20 20 20 20 20 20  20 20 20 20 73 65 74 56
61 6c 69 64 61 74 69 6f  6e 4d 65 73 73 61 67 65
28 6d 65 73 73 61 67 65  29 3b 0a 20 20 20 20 20
20 20 20 20 20 20 20 20  20 20 20 73 65 74 52 75
6e 53 74 61 74 65 28 27  65 72 72 6f 72 27 29 3b
0a 20 20 20 20 20 20 20  20 20 20 20 20 20 20 20
20 72 65 63 6f 72 64 52  75 6e 48 69 73 74 6f 72
79 28 7b 20 72 75 6e 49  44 2c 20 73 74 61 74 75
73 3a 20 27 65 72 72 6f  72 27 2c 20 6f 75 74 70
75 74 4d 6f 64 65 3a 20  63 75 72 72 65 6e 74 52
75 6e 43 6f 6e 74 65 78  74 2e 6f 75 74 70 75 74
4d 6f 64 65 2c 20 69 6e  70 75 74 53 75 6d 6d 61
72 79 3a 20 63 75 72 72  65 6e 74 52 75 6e 43 6f
6e 74 65 78 74 2e 69 6e  70 75 74 53 75 6d 6d 61
72 79 2c 20 6d 65 73 73  61 67 65 20 7d 29 3b 0a
20 20 20 20 20 20 20 20  20 20 20 20 7d 0a 20 20
20 20 20 20 20 20 7d 3b  0a 20 20 20 20 20 20 20
20 76 6f 69 64 20 70 6f  6c 6c 28 29 3b 0a 20 20
20 20 20 20 20 20 63 6f  6e 73 74 20 74 69 6d 65
72 20 3d 20 77 69 6e 64  6f 77 2e 73 65 74 49 6e
74 65 72 76 61 6c 28 70  6f 6c 6c 2c 20 31 35 30
30 29 3b 0a 20 20 20 20  20 20 20 20 72 65 74 75
72 6e 20 28 29 20 3d 3e  20 7b 0a 20 20 20 20 20
20 20 20 20 20 20 20 64  69 73 70 6f 73 65 64 20
3d 20 74 72 75 65 3b 0a  20 20 20 20 20 20 20 20
20 20 20 20 77 69 6e 64  6f 77 2e 63 6c 65 61 72
49 6e 74 65 72 76 61 6c  28 74 69 6d 65 72 29 3b
0a 20 20 20 20 20 20 20  20 7d 3b 0a 20 20 20 20
7d 2c 20 5b 72 75 6e 49  44 2c 20 72 75 6e 53 74
61 74 65 2c 20 74 65 78  74 2e 73 6b 69 6c 6c 52
75 6e 43 61 6e 63 65 6c  6c 65 64 2c 20 74 65 78
74 2e 73 6b 69 6c 6c 52  75 6e 43 6f 6d 70 6c 65
74 65 64 2c 20 74 65 78  74 2e 73 6b 69 6c 6c 52
75 6e 46 61 69 6c 65 64  2c 20 63 75 72 72 65 6e
74 52 75 6e 43 6f 6e 74  65 78 74 5d 29 3b 0a 20
20 20 20 69 66 20 28 21  61 70 70 29 20 72 65 74
75 72 6e 20 3c 64 69 76  20 63 6c 61 73 73 4e 61
6d 65 3d 22 61 70 70 73  2d 65 6d 70 74 79 22 3e
7b 74 65 78 74 2e 6e 6f  41 70 70 73 7d 3c 2f 64
69 76 3e 3b 0a 20 20 20  20 63 6f 6e 73 74 20 69
73 54 6f 6f 6c 20 3d 20  61 70 70 2e 6b 69 6e 64
20 3d 3d 3d 20 27 74 6f  6f 6c 5f 61 70 70 27 3b
0a 20 20 20 20 63 6f 6e  73 74 20 69 73 41 70 70
72 6f 76 61 6c 20 3d 20  69 73 45 6e 74 65 72 70
72 69 73 65 41 70 70 72  6f 76 61 6c 41 70 70 4b
69 6e 64 28 61 70 70 2e  6b 69 6e 64 29 3b 0a 20
20 20 20 63 6f 6e 73 74  20 69 73 41 75 74 6f 6d
61 74 69 6f 6e 20 3d 20  61 70 70 2e 6b 69 6e 64
20 3d 3d 3d 20 27 61 75  74 6f 6d 61 74 69 6f 6e
5f 61 70 70 27 3b 0a 20  20 20 20 63 6f 6e 73 74
20 6f 75 74 70 75 74 4d  6f 64 65 73 20 3d 20 6e
6f 72 6d 61 6c 69 7a 65  4f 75 74 70 75 74 4d 6f
64 65 73 28 61 70 70 2e  6d 61 6e 69 66 65 73 74
3f 2e 73 6b 69 6c 6c 3f  2e 6f 75 74 70 75 74 4d
6f 64 65 73 29 3b 0a 20  20 20 20 63 6f 6e 73 74
20 69 6e 70 75 74 4d 6f  64 65 20 3d 20 61 70 70
2e 6d 61 6e 69 66 65 73  74 3f 2e 73 6b 69 6c 6c
3f 2e 69 6e 70 75 74 4d  6f 64 65 20 7c 7c 20 27
66 69 6c 65 27 3b 0a 20  20 20 20 63 6f 6e 73 74
20 61 6c 6c 6f 77 4d 75  6c 74 69 70 6c 65 46 69
6c 65 73 20 3d 20 21 21  61 70 70 2e 6d 61 6e 69
66 65 73 74 3f 2e 73 6b  69 6c 6c 3f 2e 6d 75 6c
74 69 70 6c 65 46 69 6c  65 73 3b 0a 20 20 20 20
63 6f 6e 73 74 20 73 6b  69 6c 6c 46 69 65 6c 64
73 20 3d 20 6e 6f 72 6d  61 6c 69 7a 65 53 6b 69
6c 6c 41 70 70 46 69 65  6c 64 73 28 61 70 70 2e
6d 61 6e 69 66 65 73 74  3f 2e 73 6b 69 6c 6c 3f
2e 66 69 65 6c 64 73 29  3b 0a 20 20 20 20 63 6f
6e 73 74 20 73 68 6f 77  46 69 6c 65 49 6e 70 75
74 20 3d 20 69 73 54 6f  6f 6c 20 26 26 20 28 69
6e 70 75 74 4d 6f 64 65  20 3d 3d 3d 20 27 66 69
6c 65 27 20 7c 7c 20 69  6e 70 75 74 4d 6f 64 65
20 3d 3d 3d 20 27 6d 69  78 65 64 27 29 3b 0a 20
20 20 20 63 6f 6e 73 74  20 73 68 6f 77 50 61 72
61 6d 49 6e 70 75 74 20  3d 20 69 73 54 6f 6f 6c
20 26 26 20 28 69 6e 70  75 74 4d 6f 64 65 20 3d
3d 3d 20 27 66 6f 72 6d  27 20 7c 7c 20 69 6e 70
75 74 4d 6f 64 65 20 3d  3d 3d 20 27 6d 69 78 65
64 27 29 3b 0a 20 20 20  20 63 6f 6e 73 74 20 66
69 65 6c 64 53 75 6d 6d  61 72 79 20 3d 20 73 6b
69 6c 6c 46 69 65 6c 64  73 2e 6d 61 70 28 28 66
69 65 6c 64 29 20 3d 3e  20 7b 0a 20 20 20 20 20
20 20 20 63 6f 6e 73 74  20 76 61 6c 75 65 20 3d
20 66 69 65 6c 64 56 61  6c 75 65 73 5b 66 69 65
6c 64 2e 6e 61 6d 65 5d  20 3f 3f 20 66 69 65 6c
64 2e 64 65 66 61 75 6c  74 3b 0a 20 20 20 20 20
20 20 20 72 65 74 75 72  6e 20 76 61 6c 75 65 20
3d 3d 3d 20 75 6e 64 65  66 69 6e 65 64 20 7c 7c
20 76 61 6c 75 65 20 3d  3d 3d 20 27 27 20 3f 20
27 27 20 3a 20 60 24 7b  66 69 65 6c 64 2e 6c 61
62 65 6c 20 7c 7c 20 66  69 65 6c 64 2e 6e 61 6d
65 7d 3a 20 24 7b 53 74  72 69 6e 67 28 76 61 6c
75 65 29 7d 60 3b 0a 20  20 20 20 7d 29 2e 66 69
6c 74 65 72 28 42 6f 6f  6c 65 61 6e 29 2e 6a 6f
69 6e 28 27 2c 20 27 29  3b 0a 20 20 20 20 63 6f
6e 73 74 20 73 65 6c 65  63 74 65 64 46 69 6c 65
4c 61 62 65 6c 20 3d 20  73 65 6c 65 63 74 65 64
46 69 6c 65 73 2e 6c 65  6e 67 74 68 20 3e 20 31
20 3f 20 28 69 73 5a 68  28 6c 61 6e 67 29 20 3f
20 60 24 7b 73 65 6c 65  63 74 65 64 46 69 6c 65
73 2e 6c 65 6e 67 74 68  7d 20 5c 75 34 65 32 61
5c 75 36 35 38 37 5c 75  34 65 66 36 60 20 3a 20
60 24 7b 73 65 6c 65 63  74 65 64 46 69 6c 65 73
2e 6c 65 6e 67 74 68 7d  20 66 69 6c 65 73 60 29
20 3a 20 66 69 6c 65 4e  61 6d 65 3b 0a 20 20 20
20 63 6f 6e 73 74 20 74  6f 6f 6c 49 6e 70 75 74
53 75 6d 6d 61 72 79 20  3d 20 73 68 6f 77 46 69
6c 65 49 6e 70 75 74 20  26 26 20 73 68 6f 77 50
61 72 61 6d 49 6e 70 75  74 0a 20 20 20 20 20 20
20 20 3f 20 60 24 7b 73  65 6c 65 63 74 65 64 46
69 6c 65 4c 61 62 65 6c  20 7c 7c 20 74 65 78 74
2e 6e 6f 46 69 6c 65 7d  24 7b 28 66 69 65 6c 64
53 75 6d 6d 61 72 79 20  7c 7c 20 74 6f 6f 6c 50
61 72 61 6d 73 2e 74 72  69 6d 28 29 29 20 3f 20
60 20 c2 b7 20 24 7b 28  66 69 65 6c 64 53 75 6d
6d 61 72 79 20 7c 7c 20  74 6f 6f 6c 50 61 72 61
6d 73 2e 74 72 69 6d 28  29 29 2e 73 6c 69 63 65
28 30 2c 20 34 32 29 7d  60 20 3a 20 27 27 7d 60
0a 20 20 20 20 20 20 20  20 3a 20 73 68 6f 77 50
61 72 61 6d 49 6e 70 75  74 0a 20 20 20 20 20 20
20 20 20 20 20 20 3f 20  28 66 69 65 6c 64 53 75
6d 6d 61 72 79 20 7c 7c  20 74 6f 6f 6c 50 61 72
61 6d 73 2e 74 72 69 6d  28 29 20 7c 7c 20 28 69
73 5a 68 28 6c 61 6e 67  29 20 3f 20 27 5c 75 36
37 32 61 5c 75 35 38 36  62 5c 75 35 31 39 39 5c
75 35 33 63 32 5c 75 36  35 37 30 27 20 3a 20 27
4e 6f 20 70 61 72 61 6d  65 74 65 72 73 27 29 29
0a 20 20 20 20 20 20 20  20 20 20 20 20 3a 20 28
73 65 6c 65 63 74 65 64  46 69 6c 65 4c 61 62 65
6c 20 7c 7c 20 74 65 78  74 2e 6e 6f 46 69 6c 65
29 3b 0a 20 20 20 20 63  6f 6e 73 74 20 72 65 73
75 6c 74 54 65 78 74 20  3d 20 69 73 54 6f 6f 6c
0a 20 20 20 20 20 20 20  20 3f 20 60 24 7b 74 65
78 74 2e 67 65 6e 65 72  61 74 65 64 4f 75 74 70
75 74 7d 3a 20 24 7b 74  6f 6f 6c 49 6e 70 75 74
53 75 6d 6d 61 72 79 7d  20 2d 3e 20 24 7b 6f 75
74 70 75 74 4d 6f 64 65  2e 74 6f 55 70 70 65 72
43 61 73 65 28 29 7d 24  7b 72 75 6e 49 44 20 3f
20 60 20 c2 b7 20 24 7b  74 65 78 74 2e 73 6b 69
6c 6c 52 75 6e 43 6f 6d  70 6c 65 74 65 64 7d 3a
20 24 7b 72 75 6e 49 44  7d 60 20 3a 20 27 27 7d
24 7b 73 6b 69 6c 6c 52  75 6e 4f 75 74 70 75 74
53 75 66 66 69 78 28 73  6b 69 6c 6c 52 75 6e 53
74 61 74 75 73 29 7d 60  0a 20 20 20 20 20 20 20
20 3a 20 69 73 41 75 74  6f 6d 61 74 69 6f 6e 0a
20 20 20 20 20 20 20 20  20 20 20 20 3f 20 28 69
73 5a 68 28 6c 61 6e 67  29 20 3f 20 27 5c 75 38
31 65 61 5c 75 35 32 61  38 5c 75 35 33 31 36 5c
75 36 33 61 37 5c 75 35  32 33 36 5c 75 35 33 66
30 5c 75 35 64 66 32 5c  75 35 34 32 66 5c 75 35
32 61 38 5c 75 66 66 30  63 41 67 65 6e 74 20 5c
75 35 63 30 36 5c 75 36  33 30 39 5c 75 35 65 39
34 5c 75 37 35 32 38 5c  75 35 62 39 61 5c 75 34
65 34 39 5c 75 36 32 36  37 5c 75 38 38 34 63 5c
75 35 34 38 63 5c 75 35  36 64 65 5c 75 36 32 61
35 5c 75 33 30 30 32 27  20 3a 20 27 41 75 74 6f
6d 61 74 69 6f 6e 20 63  6f 6e 73 6f 6c 65 20 73
74 61 72 74 65 64 2e 20  41 67 65 6e 74 20 77 69
6c 6c 20 72 75 6e 20 61  6e 64 20 72 65 70 6f 72
74 20 62 79 20 61 70 70  20 64 65 66 69 6e 69 74
69 6f 6e 2e 27 29 0a 20  20 20 20 20 20 20 20 20
20 20 20 3a 20 60 24 7b  74 65 78 74 2e 73 75 62
6d 69 74 74 65 64 7d 3a  20 24 7b 62 75 73 69 6e
65 73 73 45 6e 74 69 74  79 20 7c 7c 20 61 70 70
2e 63 61 74 65 67 6f 72  79 7d 20 c2 b7 20 24 7b
62 75 73 69 6e 65 73 73  41 63 74 69 6f 6e 7d 20
c2 b7 20 24 7b 61 70 70  2e 6d 61 6e 69 66 65 73
74 3f 2e 64 61 74 61 73  72 76 3f 2e 70 72 65 66
65 72 72 65 64 41 63 74  69 6f 6e 20 7c 7c 20 61
70 70 2e 6d 61 6e 69 66  65 73 74 3f 2e 64 61 74
61 73 72 76 3f 2e 64 6f  6d 61 69 6e 20 7c 7c 20
27 44 61 74 61 53 72 76  27 7d 60 3b 0a 20 20 20
20 63 6f 6e 73 74 20 6d  61 72 6b 44 69 72 74 79
20 3d 20 28 29 20 3d 3e  20 7b 0a 20 20 20 20 20
20 20 20 73 65 74 52 75  6e 53 74 61 74 65 28 27
69 64 6c 65 27 29 3b 0a  20 20 20 20 20 20 20 20
73 65 74 56 61 6c 69 64  61 74 69 6f 6e 4d 65 73
73 61 67 65 28 27 27 29  3b 0a 20 20 20 20 20 20
20 20 73 65 74 52 75 6e  49 44 28 27 27 29 3b 0a
20 20 20 20 20 20 20 20  73 65 74 53 6b 69 6c 6c
52 75 6e 53 74 61 74 75  73 28 6e 75 6c 6c 29 3b
0a 20 20 20 20 20 20 20  20 73 65 74 43 75 72 72
65 6e 74 52 75 6e 43 6f  6e 74 65 78 74 28 7b 20
69 6e 70 75 74 53 75 6d  6d 61 72 79 3a 20 27 27
2c 20 6f 75 74 70 75 74  4d 6f 64 65 3a 20 27 27
20 7d 29 3b 0a 20 20 20  20 7d 3b 0a 20 20 20 20
63 6f 6e 73 74 20 72 75  6e 41 70 70 20 3d 20 61
73 79 6e 63 20 28 29 20  3d 3e 20 7b 0a 20 20 20
20 20 20 20 20 69 66 20  28 61 70 70 3f 2e 69 64
29 20 6f 6e 55 73 65 3f  2e 28 61 70 70 2e 69 64
29 3b 0a 20 20 20 20 20  20 20 20 69 66 20 28 69
73 54 6f 6f 6c 29 20 7b  0a 20 20 20 20 20 20 20
20 20 20 20 20 63 6f 6e  73 74 20 6d 69 73 73 69
6e 67 52 65 71 75 69 72  65 64 46 69 65 6c 64 20
3d 20 73 6b 69 6c 6c 46  69 65 6c 64 73 2e 66 69
6e 64 28 28 66 69 65 6c  64 29 20 3d 3e 20 7b 0a
20 20 20 20 20 20 20 20  20 20 20 20 20 20 20 20
69 66 20 28 21 66 69 65  6c 64 2e 72 65 71 75 69
72 65 64 20 7c 7c 20 66  69 65 6c 64 2e 74 79 70
65 20 3d 3d 3d 20 27 62  6f 6f 6c 65 61 6e 27 29
20 72 65 74 75 72 6e 20  66 61 6c 73 65 3b 0a 20
20 20 20 20 20 20 20 20  20 20 20 20 20 20 20 63
6f 6e 73 74 20 76 61 6c  75 65 20 3d 20 66 69 65
6c 64 56 61 6c 75 65 73  5b 66 69 65 6c 64 2e 6e
61 6d 65 5d 20 3f 3f 20  66 69 65 6c 64 2e 64 65
66 61 75 6c 74 20 3f 3f  20 27 27 3b 0a 20 20 20
20 20 20 20 20 20 20 20  20 20 20 20 20 72 65 74
75 72 6e 20 53 74 72 69  6e 67 28 76 61 6c 75 65
29 2e 74 72 69 6d 28 29  20 3d 3d 3d 20 27 27 3b
0a 20 20 20 20 20 20 20  20 20 20 20 20 7d 29 3b
0a 20 20 20 20 20 20 20  20 20 20 20 20 69 66 20
28 28 73 68 6f 77 46 69  6c 65 49 6e 70 75 74 20
26 26 20 21 66 69 6c 65  4e 61 6d 65 29 20 7c 7c
20 6d 69 73 73 69 6e 67  52 65 71 75 69 72 65 64
46 69 65 6c 64 29 20 7b  0a 20 20 20 20 20 20 20
20 20 20 20 20 20 20 20  20 73 65 74 56 61 6c 69
64 61 74 69 6f 6e 4d 65  73 73 61 67 65 28 74 65
78 74 2e 76 61 6c 69 64  61 74 69 6f 6e 4d 69 73
73 69 6e 67 29 3b 0a 20  20 20 20 20 20 20 20 20
20 20 20 20 20 20 20 73  65 74 52 75 6e 53 74 61
74 65 28 27 65 72 72 6f  72 27 29 3b 0a 20 20 20
20 20 20 20 20 20 20 20  20 20 20 20 20 72 65 74
75 72 6e 3b 0a 20 20 20  20 20 20 20 20 20 20 20
20 7d 0a 20 20 20 20 20  20 20 20 20 20 20 20 63
6f 6e 73 74 20 6f 76 65  72 73 69 7a 65 64 46 69
6c 65 20 3d 20 73 65 6c  65 63 74 65 64 46 69 6c
65 73 2e 66 69 6e 64 28  28 66 69 6c 65 29 20 3d
3e 20 66 69 6c 65 2e 73  69 7a 65 20 3e 20 6d 61
78 53 6b 69 6c 6c 41 70  70 53 74 61 67 69 6e 67
42 79 74 65 73 29 3b 0a  20 20 20 20 20 20 20 20
20 20 20 20 69 66 20 28  6f 76 65 72 73 69 7a 65
64 46 69 6c 65 29 20 7b  0a 20 20 20 20 20 20 20
20 20 20 20 20 20 20 20  20 73 65 74 56 61 6c 69
64 61 74 69 6f 6e 4d 65  73 73 61 67 65 28 74 65
78 74 2e 66 69 6c 65 54  6f 6f 4c 61 72 67 65 29
3b 0a 20 20 20 20 20 20  20 20 20 20 20 20 20 20
20 20 73 65 74 52 75 6e  53 74 61 74 65 28 27 65
72 72 6f 72 27 29 3b 0a  20 20 20 20 20 20 20 20
20 20 20 20 20 20 20 20  72 65 74 75 72 6e 3b 0a
20 20 20 20 20 20 20 20  20 20 20 20 7d 0a 20 20
20 20 20 20 20 20 20 20  20 20 63 6f 6e 73 74 20
73 6b 69 6c 6c 49 44 20  3d 20 61 70 70 2e 6d 61
6e 69 66 65 73 74 3f 2e  73 6b 69 6c 6c 3f 2e 69
64 3b 0a 20 20 20 20 20  20 20 20 20 20 20 20 69
66 20 28 73 6b 69 6c 6c  49 44 29 20 7b 0a 20 20
20 20 20 20 20 20 20 20  20 20 20 20 20 20 73 65
74 52 75 6e 53 74 61 74  65 28 27 72 75 6e 6e 69
6e 67 27 29 3b 0a 20 20  20 20 20 20 20 20 20 20
20 20 20 20 20 20 73 65  74 43 75 72 72 65 6e 74
52 75 6e 43 6f 6e 74 65  78 74 28 7b 20 69 6e 70
75 74 53 75 6d 6d 61 72  79 3a 20 74 6f 6f 6c 49
6e 70 75 74 53 75 6d 6d  61 72 79 2c 20 6f 75 74
70 75 74 4d 6f 64 65 20  7d 29 3b 0a 20 20 20 20
20 20 20 20 20 20 20 20  20 20 20 20 74 72 79 20
7b 0a 20 20 20 20 20 20  20 20 20 20 20 20 20 20
20 20 20 20 20 20 63 6f  6e 73 74 20 66 69 65 6c
64 50 61 79 6c 6f 61 64  20 3d 20 62 75 69 6c 64
53 6b 69 6c 6c 46 69 65  6c 64 50 61 79 6c 6f 61
64 28 73 6b 69 6c 6c 46  69 65 6c 64 73 2c 20 66
69 65 6c 64 56 61 6c 75  65 73 29 3b 0a 20 20 20
20 20 20 20 20 20 20 20  20 20 20 20 20 20 20 20
20 63 6f 6e 73 74 20 70  72 69 6d 61 72 79 46 69
6c 65 20 3d 20 73 65 6c  65 63 74 65 64 46 69 6c
65 73 5b 30 5d 20 7c 7c  20 6e 75 6c 6c 3b 0a 20
20 20 20 20 20 20 20 20  20 20 20 20 20 20 20 20
20 20 20 63 6f 6e 73 74  20 66 69 6c 65 54 65 78
74 20 3d 20 70 72 69 6d  61 72 79 46 69 6c 65 20
3f 20 61 77 61 69 74 20  72 65 61 64 53 6d 61 6c
6c 46 69 6c 65 54 65 78  74 28 70 72 69 6d 61 72
79 46 69 6c 65 29 20 3a  20 27 27 3b 0a 20 20 20
20 20 20 20 20 20 20 20  20 20 20 20 20 20 20 20
20 63 6f 6e 73 74 20 73  74 61 67 65 64 46 69 6c
65 73 20 3d 20 61 77 61  69 74 20 50 72 6f 6d 69
73 65 2e 61 6c 6c 28 73  65 6c 65 63 74 65 64 46
69 6c 65 73 2e 6d 61 70  28 28 66 69 6c 65 29 20
3d 3e 20 73 74 61 67 65  53 6b 69 6c 6c 41 70 70
49 6e 70 75 74 46 69 6c  65 28 66 69 6c 65 29 29
29 3b 0a 20 20 20 20 20  20 20 20 20 20 20 20 20
20 20 20 20 20 20 20 63  6f 6e 73 74 20 66 69 6c
65 50 61 79 6c 6f 61 64  73 20 3d 20 73 74 61 67
65 64 46 69 6c 65 73 2e  6d 61 70 28 28 73 74 61
67 65 64 46 69 6c 65 2c  20 69 6e 64 65 78 29 20
3d 3e 20 73 74 61 67 65  64 46 69 6c 65 20 7c 7c
20 62 75 69 6c 64 53 6b  69 6c 6c 46 69 6c 65 50
61 79 6c 6f 61 64 28 73  65 6c 65 63 74 65 64 46
69 6c 65 73 5b 69 6e 64  65 78 5d 29 29 2e 66 69
6c 74 65 72 28 42 6f 6f  6c 65 61 6e 29 3b 0a 20
20 20 20 20 20 20 20 20  20 20 20 20 20 20 20 20
20 20 20 63 6f 6e 73 74  20 66 69 6c 65 50 61 79
6c 6f 61 64 20 3d 20 66  69 6c 65 50 61 79 6c 6f
61 64 73 5b 30 5d 20 7c  7c 20 62 75 69 6c 64 53
6b 69 6c 6c 46 69 6c 65  50 61 79 6c 6f 61 64 28
70 72 69 6d 61 72 79 46  69 6c 65 29 3b 0a 20 20
20 20 20 20 20 20 20 20  20 20 20 20 20 20 20 20
20 20 63 6f 6e 73 74 20  73 74 61 67 65 64 46 69
6c 65 50 61 74 68 20 3d  20 73 74 61 67 65 64 46
69 6c 65 73 5b 30 5d 3f  2e 73 74 61 67 65 64 5f
70 61 74 68 20 7c 7c 20  27 27 3b 0a 20 20 20 20
20 20 20 20 20 20 20 20  20 20 20 20 20 20 20 20
63 6f 6e 73 74 20 73 74  61 67 65 64 46 69 6c 65
50 61 74 68 73 20 3d 20  73 74 61 67 65 64 46 69
6c 65 73 2e 6d 61 70 28  28 66 69 6c 65 29 20 3d
3e 20 66 69 6c 65 3f 2e  73 74 61 67 65 64 5f 70
61 74 68 20 7c 7c 20 27  27 29 2e 66 69 6c 74 65
72 28 42 6f 6f 6c 65 61  6e 29 3b 0a 20 20 20 20
20 20 20 20 20 20 20 20  20 20 20 20 20 20 20 20
63 6f 6e 73 74 20 72 75  6e 49 44 20 3d 20 61 77
61 69 74 20 52 75 6e 4e  4c 53 6b 69 6c 6c 41 73
79 6e 63 28 73 6b 69 6c  6c 49 44 2c 20 7b 0a 20
20 20 20 20 20 20 20 20  20 20 20 20 20 20 20 20
20 20 20 20 20 20 20 5f  6d 61 63 6c 61 77 5f 61
70 70 3a 20 74 72 75 65  2c 0a 20 20 20 20 20 20
20 20 20 20 20 20 20 20  20 20 20 20 20 20 20 20
20 20 61 70 70 5f 69 64  3a 20 61 70 70 2e 69 64
2c 0a 20 20 20 20 20 20  20 20 20 20 20 20 20 20
20 20 20 20 20 20 20 20  20 20 61 70 70 5f 6e 61
6d 65 3a 20 61 70 70 2e  6e 61 6d 65 2c 0a 20 20
20 20 20 20 20 20 20 20  20 20 20 20 20 20 20 20
20 20 20 20 20 20 61 70  70 5f 6b 69 6e 64 3a 20
61 70 70 2e 6b 69 6e 64  2c 0a 20 20 20 20 20 20
20 20 20 20 20 20 20 20  20 20 20 20 20 20 20 20
20 20 69 6e 70 75 74 5f  6d 6f 64 65 3a 20 69 6e
70 75 74 4d 6f 64 65 2c  0a 20 20 20 20 20 20 20
20 20 20 20 20 20 20 20  20 20 20 20 20 20 20 20
20 6f 75 74 70 75 74 5f  6d 6f 64 65 3a 20 6f 75
74 70 75 74 4d 6f 64 65  2c 0a 20 20 20 20 20 20
20 20 20 20 20 20 20 20  20 20 20 20 20 20 20 20
20 20 70 61 72 61 6d 73  3a 20 74 6f 6f 6c 50 61
72 61 6d 73 2e 74 72 69  6d 28 29 2c 0a 20 20 20
20 20 20 20 20 20 20 20  20 20 20 20 20 20 20 20
20 20 20 20 20 66 69 65  6c 64 73 3a 20 66 69 65
6c 64 50 61 79 6c 6f 61  64 2c 0a 20 20 20 20 20
20 20 20 20 20 20 20 20  20 20 20 20 20 20 20 20
20 20 20 66 69 6c 65 3a  20 66 69 6c 65 50 61 79
6c 6f 61 64 2c 0a 20 20  20 20 20 20 20 20 20 20
20 20 20 20 20 20 20 20  20 20 20 20 20 20 66 69
6c 65 73 3a 20 66 69 6c  65 50 61 79 6c 6f 61 64
73 2c 0a 20 20 20 20 20  20 20 20 20 20 20 20 20
20 20 20 20 20 20 20 20  20 20 20 66 69 6c 65 5f
70 61 74 68 3a 20 73 74  61 67 65 64 46 69 6c 65
50 61 74 68 2c 0a 20 20  20 20 20 20 20 20 20 20
20 20 20 20 20 20 20 20  20 20 20 20 20 20 66 69
6c 65 5f 70 61 74 68 73  3a 20 73 74 61 67 65 64
46 69 6c 65 50 61 74 68  73 2c 0a 20 20 20 20 20
20 20 20 20 20 20 20 20  20 20 20 20 20 20 20 20
20 20 20 69 6e 70 75 74  5f 66 69 6c 65 5f 70 61
74 68 3a 20 73 74 61 67  65 64 46 69 6c 65 50 61
74 68 2c 0a 20 20 20 20  20 20 20 20 20 20 20 20
20 20 20 20 20 20 20 20  20 20 20 20 6c 6f 63 61
6c 5f 66 69 6c 65 5f 70  61 74 68 3a 20 73 74 61
67 65 64 46 69 6c 65 50  61 74 68 2c 0a 20 20 20
20 20 20 20 20 20 20 20  20 20 20 20 20 20 20 20
20 20 20 20 20 75 70 6c  6f 61 64 65 64 5f 66 69
6c 65 5f 70 61 74 68 3a  20 73 74 61 67 65 64 46
69 6c 65 50 61 74 68 2c  0a 20 20 20 20 20 20 20
20 20 20 20 20 20 20 20  20 20 20 20 20 20 20 20
20 66 69 6c 65 5f 6e 61  6d 65 3a 20 66 69 6c 65
4e 61 6d 65 2c 0a 20 20  20 20 20 20 20 20 20 20
20 20 20 20 20 20 20 20  20 20 20 20 20 20 66 69
6c 65 5f 74 65 78 74 3a  20 66 69 6c 65 54 65 78
74 2c 0a 20 20 20 20 20  20 20 20 20 20 20 20 20
20 20 20 20 20 20 20 20  20 20 20 70 72 6f 6d 70
74 3a 20 62 75 69 6c 64  54 6f 6f 6c 41 70 70 50
72 6f 6d 70 74 28 61 70  70 2c 20 74 6f 6f 6c 50
61 72 61 6d 73 2e 74 72  69 6d 28 29 2c 20 66 69
65 6c 64 50 61 79 6c 6f  61 64 2c 20 6f 75 74 70
75 74 4d 6f 64 65 2c 20  66 69 6c 65 4e 61 6d 65
29 2c 0a 20 20 20 20 20  20 20 20 20 20 20 20 20
20 20 20 20 20 20 20 7d  29 3b 0a 20 20 20 20 20
20 20 20 20 20 20 20 20  20 20 20 20 20 20 20 63
6f 6e 73 74 20 6e 65 78  74 52 75 6e 49 44 20 3d
20 53 74 72 69 6e 67 28  72 75 6e 49 44 20 7c 7c
20 27 27 29 2e 74 72 69  6d 28 29 3b 0a 20 20 20
20 20 20 20 20 20 20 20  20 20 20 20 20 20 20 20
20 69 66 20 28 21 6e 65  78 74 52 75 6e 49 44 29
20 74 68 72 6f 77 20 6e  65 77 20 45 72 72 6f 72
28 74 65 78 74 2e 73 6b  69 6c 6c 52 75 6e 46 61
69 6c 65 64 29 3b 0a 20  20 20 20 20 20 20 20 20
20 20 20 20 20 20 20 20  20 20 20 73 65 74 52 75
6e 49 44 28 6e 65 78 74  52 75 6e 49 44 29 3b 0a
20 20 20 20 20 20 20 20  20 20 20 20 20 20 20 20
20 20 20 20 73 65 74 56  61 6c 69 64 61 74 69 6f
6e 4d 65 73 73 61 67 65  28 27 27 29 3b 0a 20 20
20 20 20 20 20 20 20 20  20 20 20 20 20 20 20 20
20 20 73 65 74 52 75 6e  53 74 61 74 65 28 27 72
75 6e 6e 69 6e 67 27 29  3b 0a 20 20 20 20 20 20
20 20 20 20 20 20 20 20  20 20 20 20 20 20 72 65
74 75 72 6e 3b 0a 20 20  20 20 20 20 20 20 20 20
20 20 20 20 20 20 7d 20  63 61 74 63 68 20 28 65
72 72 6f 72 3a 20 61 6e  79 29 20 7b 0a 20 20 20
20 20 20 20 20 20 20 20  20 20 20 20 20 20 20 20
20 63 6f 6e 73 74 20 6d  65 73 73 61 67 65 20 3d
20 65 72 72 6f 72 3f 2e  6d 65 73 73 61 67 65 20
7c 7c 20 53 74 72 69 6e  67 28 65 72 72 6f 72 20
7c 7c 20 74 65 78 74 2e  76 61 6c 69 64 61 74 69
6f 6e 4d 69 73 73 69 6e  67 29 3b 0a 20 20 20 20
20 20 20 20 20 20 20 20  20 20 20 20 20 20 20 20
73 65 74 56 61 6c 69 64  61 74 69 6f 6e 4d 65 73
73 61 67 65 28 6d 65 73  73 61 67 65 29 3b 0a 20
20 20 20 20 20 20 20 20  20 20 20 20 20 20 20 20
20 20 20 73 65 74 52 75  6e 53 74 61 74 65 28 27
65 72 72 6f 72 27 29 3b  0a 20 20 20 20 20 20 20
20 20 20 20 20 20 20 20  20 20 20 20 20 72 65 63
6f 72 64 52 75 6e 48 69  73 74 6f 72 79 28 7b 0a
20 20 20 20 20 20 20 20  20 20 20 20 20 20 20 20
20 20 20 20 20 20 20 20  72 75 6e 49 44 3a 20 60
66 61 69 6c 65 64 2d 24  7b 44 61 74 65 2e 6e 6f
77 28 29 2e 74 6f 53 74  72 69 6e 67 28 33 36 29
7d 60 2c 0a 20 20 20 20  20 20 20 20 20 20 20 20
20 20 20 20 20 20 20 20  20 20 20 20 73 74 61 74
75 73 3a 20 27 65 72 72  6f 72 27 2c 0a 20 20 20
20 20 20 20 20 20 20 20  20 20 20 20 20 20 20 20
20 20 20 20 20 6f 75 74  70 75 74 4d 6f 64 65 2c
0a 20 20 20 20 20 20 20  20 20 20 20 20 20 20 20
20 20 20 20 20 20 20 20  20 69 6e 70 75 74 53 75
6d 6d 61 72 79 3a 20 74  6f 6f 6c 49 6e 70 75 74
53 75 6d 6d 61 72 79 2c  0a 20 20 20 20 20 20 20
20 20 20 20 20 20 20 20  20 20 20 20 20 20 20 20
20 6d 65 73 73 61 67 65  2c 0a 20 20 20 20 20 20
20 20 20 20 20 20 20 20  20 20 20 20 20 20 7d 29
3b 0a 20 20 20 20 20 20  20 20 20 20 20 20 20 20
20 20 20 20 20 20 72 65  74 75 72 6e 3b 0a 20 20
20 20 20 20 20 20 20 20  20 20 20 20 20 20 7d 0a
20 20 20 20 20 20 20 20  20 20 20 20 7d 0a 20 20
20 20 20 20 20 20 7d 0a  20 20 20 20 20 20 20 20
73 65 74 56 61 6c 69 64  61 74 69 6f 6e 4d 65 73
73 61 67 65 28 27 27 29  3b 0a 20 20 20 20 20 20
20 20 73 65 74 52 75 6e  53 74 61 74 65 28 27 64
6f 6e 65 27 29 3b 0a 20  20 20 20 7d 3b 0a 20 20
20 20 63 6f 6e 73 74 20  63 61 6e 63 65 6c 52 75
6e 20 3d 20 61 73 79 6e  63 20 28 29 20 3d 3e 20
7b 0a 20 20 20 20 20 20  20 20 69 66 20 28 21 72
75 6e 49 44 29 20 72 65  74 75 72 6e 3b 0a 20 20
20 20 20 20 20 20 74 72  79 20 7b 0a 20 20 20 20
20 20 20 20 20 20 20 20  61 77 61 69 74 20 43 61
6e 63 65 6c 4e 4c 53 6b  69 6c 6c 52 75 6e 28 72
75 6e 49 44 29 3b 0a 20  20 20 20 20 20 20 20 7d
20 63 61 74 63 68 20 7b  0a 20 20 20 20 20 20 20
20 20 20 20 20 2f 2f 20  4b 65 65 70 20 74 68 65
20 55 49 20 72 65 73 70  6f 6e 73 69 76 65 3b 20
74 68 65 20 6e 65 78 74  20 70 6f 6c 6c 20 6d 61
79 20 73 74 69 6c 6c 20  72 65 70 6f 72 74 20 63
61 6e 63 65 6c 6c 61 74  69 6f 6e 2e 0a 20 20 20
20 20 20 20 20 7d 0a 20  20 20 20 20 20 20 20 73
65 74 56 61 6c 69 64 61  74 69 6f 6e 4d 65 73 73
61 67 65 28 74 65 78 74  2e 73 6b 69 6c 6c 52 75
6e 43 61 6e 63 65 6c 6c  65 64 29 3b 0a 20 20 20
20 20 20 20 20 73 65 74  52 75 6e 53 74 61 74 65
28 27 63 61 6e 63 65 6c  6c 65 64 27 29 3b 0a 20
20 20 20 20 20 20 20 72  65 63 6f 72 64 52 75 6e
48 69 73 74 6f 72 79 28  7b 20 72 75 6e 49 44 2c
20 73 74 61 74 75 73 3a  20 27 63 61 6e 63 65 6c
6c 65 64 27 2c 20 6f 75  74 70 75 74 4d 6f 64 65
2c 20 69 6e 70 75 74 53  75 6d 6d 61 72 79 3a 20
74 6f 6f 6c 49 6e 70 75  74 53 75 6d 6d 61 72 79
2c 20 6d 65 73 73 61 67  65 3a 20 74 65 78 74 2e
73 6b 69 6c 6c 52 75 6e  43 61 6e 63 65 6c 6c 65
64 20 7d 29 3b 0a 20 20  20 20 7d 3b 0a 0a 20 20
20 20 72 65 74 75 72 6e  20 28 0a 20 20 20 20 20
20 20 20 3c 3e 0a 20 20  20 20 20 20 20 20 20 20
20 20 3c 64 69 76 20 63  6c 61 73 73 4e 61 6d 65
3d 22 61 70 70 73 2d 64  65 74 61 69 6c 5f 5f 68
65 61 64 65 72 22 3e 0a  20 20 20 20 20 20 20 20
20 20 20 20 20 20 20 20  3c 64 69 76 3e 0a 20 20
20 20 20 20 20 20 20 20  20 20 20 20 20 20 20 20
20 20 3c 68 32 20 63 6c  61 73 73 4e 61 6d 65 3d
22 61 70 70 73 2d 64 65  74 61 69 6c 5f 5f 74 69
74 6c 65 22 3e 7b 61 70  70 2e 6e 61 6d 65 7d 3c
2f 68 32 3e 0a 20 20 20  20 20 20 20 20 20 20 20
20 20 20 20 20 20 20 20  20 3c 70 20 63 6c 61 73
73 4e 61 6d 65 3d 22 61  70 70 73 2d 64 65 74 61
69 6c 5f 5f 73 75 62 74  69 74 6c 65 22 3e 7b 61
70 70 2e 64 65 73 63 72  69 70 74 69 6f 6e 7d 3c
2f 70 3e 0a 20 20 20 20  20 20 20 20 20 20 20 20
20 20 20 20 3c 2f 64 69  76 3e 0a 20 20 20 20 20
20 20 20 20 20 20 20 3c  2f 64 69 76 3e 0a 20 20
20 20 20 20 20 20 20 20  20 20 3c 64 69 76 20 63
6c 61 73 73 4e 61 6d 65  3d 22 61 70 70 73 2d 64
65 74 61 69 6c 5f 5f 62  6f 64 79 20 65 6c 65 67
61 6e 74 2d 73 63 72 6f  6c 6c 62 61 72 22 3e 0a
20 20 20 20 20 20 20 20  20 20 20 20 20 20 20 20
3c 64 69 76 20 63 6c 61  73 73 4e 61 6d 65 3d 22
61 70 70 73 2d 70 72 65  76 69 65 77 22 3e 0a 20
20 20 20 20 20 20 20 20  20 20 20 20 20 20 20 20
20 20 20 3c 64 69 76 20  63 6c 61 73 73 4e 61 6d
65 3d 22 61 70 70 73 2d  70 72 65 76 69 65 77 5f
5f 6d 6f 63 6b 22 3e 0a  20 20 20 20 20 20 20 20
20 20 20 20 20 20 20 20  20 20 20 20 20 20 20 20
3c 73 65 63 74 69 6f 6e  20 63 6c 61 73 73 4e 61
6d 65 3d 22 61 70 70 73  2d 72 75 6e 74 69 6d 65
2d 73 65 63 74 69 6f 6e  22 3e 0a 20 20 20 20 20
20 20 20 20 20 20 20 20  20 20 20 20 20 20 20 20
20 20 20 20 20 20 20 3c  64 69 76 20 63 6c 61 73
73 4e 61 6d 65 3d 22 61  70 70 73 2d 72 75 6e 74
69 6d 65 2d 73 65 63 74  69 6f 6e 5f 5f 74 69 74
6c 65 22 3e 7b 74 65 78  74 2e 72 75 6e 74 69 6d
65 49 6e 70 75 74 7d 3c  2f 64 69 76 3e 0a 20 20
20 20 20 20 20 20 20 20  20 20 20 20 20 20 20 20
20 20 20 20 20 20 20 20  20 20 7b 69 73 54 6f 6f
6c 20 3f 20 28 0a 20 20  20 20 20 20 20 20 20 20
20 20 20 20 20 20 20 20  20 20 20 20 20 20 20 20
20 20 20 20 20 20 3c 3e  0a 20 20 20 20 20 20 20
20 20 20 20 20 20 20 20  20 20 20 20 20 20 20 20
20 20 20 20 20 20 20 20  20 20 20 20 20 7b 73 68
6f 77 46 69 6c 65 49 6e  70 75 74 20 26 26 20 28
0a 20 20 20 20 20 20 20  20 20 20 20 20 20 20 20
20 20 20 20 20 20 20 20  20 20 20 20 20 20 20 20
20 20 20 20 20 20 20 20  20 3c 6c 61 62 65 6c 20
63 6c 61 73 73 4e 61 6d  65 3d 22 61 70 70 73 2d
64 72 6f 70 2d 7a 6f 6e  65 22 3e 0a 20 20 20 20
20 20 20 20 20 20 20 20  20 20 20 20 20 20 20 20
20 20 20 20 20 20 20 20  20 20 20 20 20 20 20 20
20 20 20 20 20 20 20 20  3c 69 6e 70 75 74 0a 20
20 20 20 20 20 20 20 20  20 20 20 20 20 20 20 20
20 20 20 20 20 20 20 20  20 20 20 20 20 20 20 20
20 20 20 20 20 20 20 20  20 20 20 20 20 20 20 74
79 70 65 3d 22 66 69 6c  65 22 0a 20 20 20 20 20
20 20 20 20 20 20 20 20  20 20 20 20 20 20 20 20
20 20 20 20 20 20 20 20  20 20 20 20 20 20 20 20
20 20 20 20 20 20 20 20  20 20 20 6d 75 6c 74 69
70 6c 65 3d 7b 61 6c 6c  6f 77 4d 75 6c 74 69 70
6c 65 46 69 6c 65 73 7d  0a 20 20 20 20 20 20 20
20 20 20 20 20 20 20 20  20 20 20 20 20 20 20 20
20 20 20 20 20 20 20 20  20 20 20 20 20 20 20 20
20 20 20 20 20 20 20 20  20 6f 6e 43 68 61 6e 67
65 3d 7b 28 65 76 65 6e  74 29 20 3d 3e 20 7b 0a
20 20 20 20 20 20 20 20  20 20 20 20 20 20 20 20
20 20 20 20 20 20 20 20  20 20 20 20 20 20 20 20
20 20 20 20 20 20 20 20  20 20 20 20 20 20 20 20
20 20 20 20 63 6f 6e 73  74 20 66 69 6c 65 73 20
3d 20 41 72 72 61 79 2e  66 72 6f 6d 28 65 76 65
6e 74 2e 63 75 72 72 65  6e 74 54 61 72 67 65 74
2e 66 69 6c 65 73 20 7c  7c 20 5b 5d 29 3b 0a 20
20 20 20 20 20 20 20 20  20 20 20 20 20 20 20 20
20 20 20 20 20 20 20 20  20 20 20 20 20 20 20 20
20 20 20 20 20 20 20 20  20 20 20 20 20 20 20 20
20 20 20 63 6f 6e 73 74  20 66 69 6c 65 20 3d 20
66 69 6c 65 73 5b 30 5d  20 7c 7c 20 6e 75 6c 6c
3b 0a 20 20 20 20 20 20  20 20 20 20 20 20 20 20
20 20 20 20 20 20 20 20  20 20 20 20 20 20 20 20
20 20 20 20 20 20 20 20  20 20 20 20 20 20 20 20
20 20 20 20 20 20 73 65  74 53 65 6c 65 63 74 65
64 46 69 6c 65 73 28 61  6c 6c 6f 77 4d 75 6c 74
69 70 6c 65 46 69 6c 65  73 20 3f 20 66 69 6c 65
73 20 3a 20 66 69 6c 65  73 2e 73 6c 69 63 65 28
30 2c 20 31 29 29 3b 0a  20 20 20 20 20 20 20 20
20 20 20 20 20 20 20 20  20 20 20 20 20 20 20 20
20 20 20 20 20 20 20 20  20 20 20 20 20 20 20 20
20 20 20 20 20 20 20 20  20 20 20 20 73 65 74 53
65 6c 65 63 74 65 64 46  69 6c 65 28 66 69 6c 65
29 3b 0a 20 20 20 20 20  20 20 20 20 20 20 20 20
20 20 20 20 20 20 20 20  20 20 20 20 20 20 20 20
20 20 20 20 20 20 20 20  20 20 20 20 20 20 20 20
20 20 20 20 20 20 20 73  65 74 46 69 6c 65 4e 61
6d 65 28 61 6c 6c 6f 77  4d 75 6c 74 69 70 6c 65
46 69 6c 65 73 20 26 26  20 66 69 6c 65 73 2e 6c
65 6e 67 74 68 20 3e 20  31 20 3f 20 66 69 6c 65
73 2e 6d 61 70 28 28 69  74 65 6d 29 20 3d 3e 20
69 74 65 6d 2e 6e 61 6d  65 29 2e 6a 6f 69 6e 28
27 2c 20 27 29 20 3a 20  66 69 6c 65 3f 2e 6e 61
6d 65 20 7c 7c 20 27 27  29 3b 0a 20 20 20 20 20
20 20 20 20 20 20 20 20  20 20 20 20 20 20 20 20
20 20 20 20 20 20 20 20  20 20 20 20 20 20 20 20
20 20 20 20 20 20 20 20  20 20 20 20 20 20 20 6d
61 72 6b 44 69 72 74 79  28 29 3b 0a 20 20 20 20
20 20 20 20 20 20 20 20  20 20 20 20 20 20 20 20
20 20 20 20 20 20 20 20  20 20 20 20 20 20 20 20
20 20 20 20 20 20 20 20  20 20 20 20 7d 7d 0a 20
20 20 20 20 20 20 20 20  20 20 20 20 20 20 20 20
20 20 20 20 20 20 20 20  20 20 20 20 20 20 20 20
20 20 20 20 20 20 20 20  20 20 20 2f 3e 0a 20 20
20 20 20 20 20 20 20 20  20 20 20 20 20 20 20 20
20 20 20 20 20 20 20 20  20 20 20 20 20 20 20 20
20 20 20 20 20 20 20 20  20 20 3c 73 70 61 6e 3e
7b 66 69 6c 65 4e 61 6d  65 20 3f 20 60 24 7b 74
65 78 74 2e 73 65 6c 65  63 74 65 64 46 69 6c 65
7d 3a 20 24 7b 66 69 6c  65 4e 61 6d 65 7d 60 20
3a 20 74 65 78 74 2e 75  70 6c 6f 61 64 7d 3c 2f
73 70 61 6e 3e 0a 20 20  20 20 20 20 20 20 20 20
20 20 20 20 20 20 20 20  20 20 20 20 20 20 20 20
20 20 20 20 20 20 20 20  20 20 20 20 20 20 20 20
20 20 3c 73 74 72 6f 6e  67 3e 7b 74 65 78 74 2e
63 68 6f 6f 73 65 46 69  6c 65 7d 3c 2f 73 74 72
6f 6e 67 3e 0a 20 20 20  20 20 20 20 20 20 20 20
20 20 20 20 20 20 20 20  20 20 20 20 20 20 20 20
20 20 20 20 20 20 20 20  20 20 20 20 20 3c 2f 6c
61 62 65 6c 3e 0a 20 20  20 20 20 20 20 20 20 20
20 20 20 20 20 20 20 20  20 20 20 20 20 20 20 20
20 20 20 20 20 20 20 20  20 20 29 7d 0a 20 20 20
20 20 20 20 20 20 20 20  20 20 20 20 20 20 20 20
20 20 20 20 20 20 20 20  20 20 20 20 20 20 20 20
20 7b 73 68 6f 77 50 61  72 61 6d 49 6e 70 75 74
20 26 26 20 28 0a 20 20  20 20 20 20 20 20 20 20
20 20 20 20 20 20 20 20  20 20 20 20 20 20 20 20
20 20 20 20 20 20 20 20  20 20 20 20 20 20 73 6b
69 6c 6c 46 69 65 6c 64  73 2e 6c 65 6e 67 74 68
20 3e 20 30 20 3f 20 28  0a 20 20 20 20 20 20 20
20 20 20 20 20 20 20 20  20 20 20 20 20 20 20 20
20 20 20 20 20 20 20 20  20 20 20 20 20 20 20 20
20 20 20 20 20 3c 64 69  76 20 63 6c 61 73 73 4e
61 6d 65 3d 22 61 70 70  73 2d 74 6f 6f 6c 2d 66
69 65 6c 64 73 22 3e 0a  20 20 20 20 20 20 20 20
20 20 20 20 20 20 20 20  20 20 20 20 20 20 20 20
20 20 20 20 20 20 20 20  20 20 20 20 20 20 20 20
20 20 20 20 20 20 20 20  7b 73 6b 69 6c 6c 46 69
65 6c 64 73 2e 6d 61 70  28 28 66 69 65 6c 64 29
20 3d 3e 20 7b 0a 20 20  20 20 20 20 20 20 20 20
20 20 20 20 20 20 20 20  20 20 20 20 20 20 20 20
20 20 20 20 20 20 20 20  20 20 20 20 20 20 20 20
20 20 20 20 20 20 20 20  20 20 63 6f 6e 73 74 20
76 61 6c 75 65 20 3d 20  66 69 65 6c 64 56 61 6c
75 65 73 5b 66 69 65 6c  64 2e 6e 61 6d 65 5d 20
3f 3f 20 66 69 65 6c 64  2e 64 65 66 61 75 6c 74
20 3f 3f 20 28 66 69 65  6c 64 2e 74 79 70 65 20
3d 3d 3d 20 27 62 6f 6f  6c 65 61 6e 27 20 3f 20
66 61 6c 73 65 20 3a 20  27 27 29 3b 0a 20 20 20
20 20 20 20 20 20 20 20  20 20 20 20 20 20 20 20
20 20 20 20 20 20 20 20  20 20 20 20 20 20 20 20
20 20 20 20 20 20 20 20  20 20 20 20 20 20 20 20
20 72 65 74 75 72 6e 20  28 0a 20 20 20 20 20 20
20 20 20 20 20 20 20 20  20 20 20 20 20 20 20 20
20 20 20 20 20 20 20 20  20 20 20 20 20 20 20 20
20 20 20 20 20 20 20 20  20 20 20 20 20 20 20 20
20 20 3c 64 69 76 20 63  6c 61 73 73 4e 61 6d 65
3d 22 61 70 70 73 2d 66  6f 72 6d 2d 72 6f 77 22
20 6b 65 79 3d 7b 66 69  65 6c 64 2e 6e 61 6d 65
7d 3e 0a 20 20 20 20 20  20 20 20 20 20 20 20 20
20 20 20 20 20 20 20 20  20 20 20 20 20 20 20 20
20 20 20 20 20 20 20 20  20 20 20 20 20 20 20 20
20 20 20 20 20 20 20 20  20 20 20 20 20 20 20 3c
6c 61 62 65 6c 3e 7b 66  69 65 6c 64 2e 6c 61 62
65 6c 20 7c 7c 20 66 69  65 6c 64 2e 6e 61 6d 65
7d 3c 2f 6c 61 62 65 6c  3e 0a 20 20 20 20 20 20
20 20 20 20 20 20 20 20  20 20 20 20 20 20 20 20
20 20 20 20 20 20 20 20  20 20 20 20 20 20 20 20
20 20 20 20 20 20 20 20  20 20 20 20 20 20 20 20
20 20 20 20 20 20 7b 66  69 65 6c 64 2e 74 79 70
65 20 3d 3d 3d 20 27 62  6f 6f 6c 65 61 6e 27 20
3f 20 28 0a 20 20 20 20  20 20 20 20 20 20 20 20
20 20 20 20 20 20 20 20  20 20 20 20 20 20 20 20
20 20 20 20 20 20 20 20  20 20 20 20 20 20 20 20
20 20 20 20 20 20 20 20  20 20 20 20 20 20 20 20
20 20 20 20 3c 6c 61 62  65 6c 20 63 6c 61 73 73
4e 61 6d 65 3d 22 61 70  70 73 2d 63 68 65 63 6b
62 6f 78 2d 66 69 65 6c  64 22 3e 0a 20 20 20 20
20 20 20 20 20 20 20 20  20 20 20 20 20 20 20 20
20 20 20 20 20 20 20 20  20 20 20 20 20 20 20 20
20 20 20 20 20 20 20 20  20 20 20 20 20 20 20 20
20 20 20 20 20 20 20 20  20 20 20 20 20 20 20 20
3c 69 6e 70 75 74 20 74  79 70 65 3d 22 63 68 65
63 6b 62 6f 78 22 20 63  68 65 63 6b 65 64 3d 7b
21 21 76 61 6c 75 65 7d  20 6f 6e 43 68 61 6e 67
65 3d 7b 28 65 76 65 6e  74 29 20 3d 3e 20 7b 0a
20 20 20 20 20 20 20 20  20 20 20 20 20 20 20 20
20 20 20 20 20 20 20 20  20 20 20 20 20 20 20 20
20 20 20 20 20 20 20 20  20 20 20 20 20 20 20 20
20 20 20 20 20 20 20 20  20 20 20 20 20 20 20 20
20 20 20 20 20 20 20 20  73 65 74 46 69 65 6c 64
56 61 6c 75 65 73 28 28  63 75 72 72 65 6e 74 29
20 3d 3e 20 28 7b 20 2e  2e 2e 63 75 72 72 65 6e
74 2c 20 5b 66 69 65 6c  64 2e 6e 61 6d 65 5d 3a
20 65 76 65 6e 74 2e 74  61 72 67 65 74 2e 63 68
65 63 6b 65 64 20 7d 29  29 3b 0a 20 20 20 20 20
20 20 20 20 20 20 20 20  20 20 20 20 20 20 20 20
20 20 20 20 20 20 20 20  20 20 20 20 20 20 20 20
20 20 20 20 20 20 20 20  20 20 20 20 20 20 20 20
20 20 20 20 20 20 20 20  20 20 20 20 20 20 20 20
20 20 20 6d 61 72 6b 44  69 72 74 79 28 29 3b 0a
20 20 20 20 20 20 20 20  20 20 20 20 20 20 20 20
20 20 20 20 20 20 20 20  20 20 20 20 20 20 20 20
20 20 20 20 20 20 20 20  20 20 20 20 20 20 20 20
20 20 20 20 20 20 20 20  20 20 20 20 20 20 20 20
20 20 20 20 7d 7d 20 2f  3e 0a 20 20 20 20 20 20
20 20 20 20 20 20 20 20  20 20 20 20 20 20 20 20
20 20 20 20 20 20 20 20  20 20 20 20 20 20 20 20
20 20 20 20 20 20 20 20  20 20 20 20 20 20 20 20
20 20 20 20 20 20 20 20  20 20 20 20 20 20 3c 73
70 61 6e 3e 7b 69 73 5a  68 28 6c 61 6e 67 29 20
3f 20 27 5c 75 35 34 32  66 5c 75 37 35 32 38 27
20 3a 20 27 45 6e 61 62  6c 65 64 27 7d 3c 2f 73
70 61 6e 3e 0a 20 20 20  20 20 20 20 20 20 20 20
20 20 20 20 20 20 20 20  20 20 20 20 20 20 20 20
20 20 20 20 20 20 20 20  20 20 20 20 20 20 20 20
20 20 20 20 20 20 20 20  20 20 20 20 20 20 20 20
20 20 20 20 20 3c 2f 6c  61 62 65 6c 3e 0a 20 20
20 20 20 20 20 20 20 20  20 20 20 20 20 20 20 20
20 20 20 20 20 20 20 20  20 20 20 20 20 20 20 20
20 20 20 20 20 20 20 20  20 20 20 20 20 20 20 20
20 20 20 20 20 20 20 20  20 20 29 20 3a 20 66 69
65 6c 64 2e 74 79 70 65  20 3d 3d 3d 20 27 73 65
6c 65 63 74 27 20 3f 20  28 0a 20 20 20 20 20 20
20 20 20 20 20 20 20 20  20 20 20 20 20 20 20 20
20 20 20 20 20 20 20 20  20 20 20 20 20 20 20 20
20 20 20 20 20 20 20 20  20 20 20 20 20 20 20 20
20 20 20 20 20 20 20 20  20 20 3c 73 65 6c 65 63
74 20 61 72 69 61 2d 6c  61 62 65 6c 3d 7b 66 69
65 6c 64 2e 6c 61 62 65  6c 20 7c 7c 20 66 69 65
6c 64 2e 6e 61 6d 65 7d  20 76 61 6c 75 65 3d 7b
53 74 72 69 6e 67 28 76  61 6c 75 65 29 7d 20 6f
6e 43 68 61 6e 67 65 3d  7b 28 65 76 65 6e 74 29
20 3d 3e 20 7b 0a 20 20  20 20 20 20 20 20 20 20
20 20 20 20 20 20 20 20  20 20 20 20 20 20 20 20
20 20 20 20 20 20 20 20  20 20 20 20 20 20 20 20
20 20 20 20 20 20 20 20  20 20 20 20 20 20 20 20
20 20 20 20 20 20 20 20  20 20 73 65 74 46 69 65
6c 64 56 61 6c 75 65 73  28 28 63 75 72 72 65 6e
74 29 20 3d 3e 20 28 7b  20 2e 2e 2e 63 75 72 72
65 6e 74 2c 20 5b 66 69  65 6c 64 2e 6e 61 6d 65
5d 3a 20 65 76 65 6e 74  2e 74 61 72 67 65 74 2e
76 61 6c 75 65 20 7d 29  29 3b 0a 20 20 20 20 20
20 20 20 20 20 20 20 20  20 20 20 20 20 20 20 20
20 20 20 20 20 20 20 20  20 20 20 20 20 20 20 20
20 20 20 20 20 20 20 20  20 20 20 20 20 20 20 20
20 20 20 20 20 20 20 20  20 20 20 20 20 20 20 6d
61 72 6b 44 69 72 74 79  28 29 3b 0a 20 20 20 20
20 20 20 20 20 20 20 20  20 20 20 20 20 20 20 20
20 20 20 20 20 20 20 20  20 20 20 20 20 20 20 20
20 20 20 20 20 20 20 20  20 20 20 20 20 20 20 20
20 20 20 20 20 20 20 20  20 20 20 20 7d 7d 3e 0a
20 20 20 20 20 20 20 20  20 20 20 20 20 20 20 20
20 20 20 20 20 20 20 20  20 20 20 20 20 20 20 20
20 20 20 20 20 20 20 20  20 20 20 20 20 20 20 20
20 20 20 20 20 20 20 20  20 20 20 20 20 20 20 20
20 20 20 20 7b 28 66 69  65 6c 64 2e 6f 70 74 69
6f 6e 73 20 7c 7c 20 5b  5d 29 2e 6d 61 70 28 28
6f 70 74 69 6f 6e 29 20  3d 3e 20 3c 6f 70 74 69
6f 6e 20 6b 65 79 3d 7b  6f 70 74 69 6f 6e 7d 20
76 61 6c 75 65 3d 7b 6f  70 74 69 6f 6e 7d 3e 7b
6f 70 74 69 6f 6e 7d 3c  2f 6f 70 74 69 6f 6e 3e
29 7d 0a 20 20 20 20 20  20 20 20 20 20 20 20 20
20 20 20 20 20 20 20 20  20 20 20 20 20 20 20 20
20 20 20 20 20 20 20 20  20 20 20 20 20 20 20 20
20 20 20 20 20 20 20 20  20 20 20 20 20 20 20 20
20 20 20 3c 2f 73 65 6c  65 63 74 3e 0a 20 20 20
20 20 20 20 20 20 20 20  20 20 20 20 20 20 20 20
20 20 20 20 20 20 20 20  20 20 20 20 20 20 20 20
20 20 20 20 20 20 20 20  20 20 20 20 20 20 20 20
20 20 20 20 20 20 20 20  20 29 20 3a 20 28 0a 20
20 20 20 20 20 20 20 20  20 20 20 20 20 20 20 20
20 20 20 20 20 20 20 20  20 20 20 20 20 20 20 20
20 20 20 20 20 20 20 20  20 20 20 20 20 20 20 20
20 20 20 20 20 20 20 20  20 20 20 20 20 20 20 3c
69 6e 70 75 74 20 61 72  69 61 2d 6c 61 62 65 6c
3d 7b 66 69 65 6c 64 2e  6c 61 62 65 6c 20 7c 7c
20 66 69 65 6c 64 2e 6e  61 6d 65 7d 20 76 61 6c
75 65 3d 7b 53 74 72 69  6e 67 28 76 61 6c 75 65
29 7d 20 72 65 71 75 69  72 65 64 3d 7b 66 69 65
6c 64 2e 72 65 71 75 69  72 65 64 7d 20 6f 6e 43
68 61 6e 67 65 3d 7b 28  65 76 65 6e 74 29 20 3d
3e 20 7b 0a 20 20 20 20  20 20 20 20 20 20 20 20
20 20 20 20 20 20 20 20  20 20 20 20 20 20 20 20
20 20 20 20 20 20 20 20  20 20 20 20 20 20 20 20
20 20 20 20 20 20 20 20  20 20 20 20 20 20 20 20
20 20 20 20 20 20 20 20  73 65 74 46 69 65 6c 64
56 61 6c 75 65 73 28 28  63 75 72 72 65 6e 74 29
20 3d 3e 20 28 7b 20 2e  2e 2e 63 75 72 72 65 6e
74 2c 20 5b 66 69 65 6c  64 2e 6e 61 6d 65 5d 3a
20 65 76 65 6e 74 2e 74  61 72 67 65 74 2e 76 61
6c 75 65 20 7d 29 29 3b  0a 20 20 20 20 20 20 20
20 20 20 20 20 20 20 20  20 20 20 20 20 20 20 20
20 20 20 20 20 20 20 20  20 20 20 20 20 20 20 20
20 20 20 20 20 20 20 20  20 20 20 20 20 20 20 20
20 20 20 20 20 20 20 20  20 20 20 20 20 6d 61 72
6b 44 69 72 74 79 28 29  3b 0a 20 20 20 20 20 20
20 20 20 20 20 20 20 20  20 20 20 20 20 20 20 20
20 20 20 20 20 20 20 20  20 20 20 20 20 20 20 20
20 20 20 20 20 20 20 20  20 20 20 20 20 20 20 20
20 20 20 20 20 20 20 20  20 20 7d 7d 20 2f 3e 0a
20 20 20 20 20 20 20 20  20 20 20 20 20 20 20 20
20 20 20 20 20 20 20 20  20 20 20 20 20 20 20 20
20 20 20 20 20 20 20 20  20 20 20 20 20 20 20 20
20 20 20 20 20 20 20 20  20 20 20 20 29 7d 0a 20
20 20 20 20 20 20 20 20  20 20 20 20 20 20 20 20
20 20 20 20 20 20 20 20  20 20 20 20 20 20 20 20
20 20 20 20 20 20 20 20  20 20 20 20 20 20 20 20
20 20 20 20 20 20 20 3c  2f 64 69 76 3e 0a 20 20
20 20 20 20 20 20 20 20  20 20 20 20 20 20 20 20
20 20 20 20 20 20 20 20  20 20 20 20 20 20 20 20
20 20 20 20 20 20 20 20  20 20 20 20 20 20 20 20
20 20 29 3b 0a 20 20 20  20 20 20 20 20 20 20 20
20 20 20 20 20 20 20 20  20 20 20 20 20 20 20 20
20 20 20 20 20 20 20 20  20 20 20 20 20 20 20 20
20 20 20 20 20 7d 29 7d  0a 20 20 20 20 20 20 20
20 20 20 20 20 20 20 20  20 20 20 20 20 20 20 20
20 20 20 20 20 20 20 20  20 20 20 20 20 20 20 20
20 20 20 20 20 3c 2f 64  69 76 3e 0a 20 20 20 20
20 20 20 20 20 20 20 20  20 20 20 20 20 20 20 20
20 20 20 20 20 20 20 20  20 20 20 20 20 20 20 20
20 20 20 20 29 20 3a 20  28 0a 20 20 20 20 20 20
20 20 20 20 20 20 20 20  20 20 20 20 20 20 20 20
20 20 20 20 20 20 20 20  20 20 20 20 20 20 20 20
20 20 20 20 20 20 3c 64  69 76 20 63 6c 61 73 73
4e 61 6d 65 3d 22 61 70  70 73 2d 66 6f 72 6d 2d
72 6f 77 22 3e 0a 20 20  20 20 20 20 20 20 20 20
20 20 20 20 20 20 20 20  20 20 20 20 20 20 20 20
20 20 20 20 20 20 20 20  20 20 20 20 20 20 20 20
20 20 20 20 20 20 3c 6c  61 62 65 6c 3e 7b 69 73
5a 68 28 6c 61 6e 67 29  20 3f 20 27 5c 75 35 33
63 32 5c 75 36 35 37 30  27 20 3a 20 27 50 61 72
61 6d 65 74 65 72 73 27  7d 3c 2f 6c 61 62 65 6c
3e 0a 20 20 20 20 20 20  20 20 20 20 20 20 20 20
20 20 20 20 20 20 20 20  20 20 20 20 20 20 20 20
20 20 20 20 20 20 20 20  20 20 20 20 20 20 20 20
20 20 3c 74 65 78 74 61  72 65 61 20 76 61 6c 75
65 3d 7b 74 6f 6f 6c 50  61 72 61 6d 73 7d 20 6f
6e 43 68 61 6e 67 65 3d  7b 28 65 76 65 6e 74 29
20 3d 3e 20 7b 0a 20 20  20 20 20 20 20 20 20 20
20 20 20 20 20 20 20 20  20 20 20 20 20 20 20 20
20 20 20 20 20 20 20 20  20 20 20 20 20 20 20 20
20 20 20 20 20 20 20 20  20 20 73 65 74 54 6f 6f
6c 50 61 72 61 6d 73 28  65 76 65 6e 74 2e 74 61
72 67 65 74 2e 76 61 6c  75 65 29 3b 0a 20 20 20
20 20 20 20 20 20 20 20  20 20 20 20 20 20 20 20
20 20 20 20 20 20 20 20  20 20 20 20 20 20 20 20
20 20 20 20 20 20 20 20  20 20 20 20 20 20 20 20
20 6d 61 72 6b 44 69 72  74 79 28 29 3b 0a 20 20
20 20 20 20 20 20 20 20  20 20 20 20 20 20 20 20
20 20 20 20 20 20 20 20  20 20 20 20 20 20 20 20
20 20 20 20 20 20 20 20  20 20 20 20 20 20 7d 7d
20 70 6c 61 63 65 68 6f  6c 64 65 72 3d 7b 69 73
5a 68 28 6c 61 6e 67 29  20 3f 20 27 5c 75 38 66
39 33 5c 75 35 31 36 35  5c 75 35 39 30 34 5c 75
37 34 30 36 5c 75 38 39  38 31 5c 75 36 63 34 32
5c 75 36 32 31 36 5c 75  38 38 36 38 5c 75 35 33
35 35 5c 75 35 33 63 32  5c 75 36 35 37 30 5c 75
33 30 30 32 27 20 3a 20  27 45 6e 74 65 72 20 70
72 6f 63 65 73 73 69 6e  67 20 69 6e 73 74 72 75
63 74 69 6f 6e 73 20 6f  72 20 66 6f 72 6d 20 70
61 72 61 6d 65 74 65 72  73 2e 27 7d 20 2f 3e 0a
20 20 20 20 20 20 20 20  20 20 20 20 20 20 20 20
20 20 20 20 20 20 20 20  20 20 20 20 20 20 20 20
20 20 20 20 20 20 20 20  20 20 20 20 3c 2f 64 69
76 3e 0a 20 20 20 20 20  20 20 20 20 20 20 20 20
20 20 20 20 20 20 20 20  20 20 20 20 20 20 20 20
20 20 20 20 20 20 20 20  20 20 20 29 0a 20 20 20
20 20 20 20 20 20 20 20  20 20 20 20 20 20 20 20
20 20 20 20 20 20 20 20  20 20 20 20 20 20 20 20
20 29 7d 0a 20 20 20 20  20 20 20 20 20 20 20 20
20 20 20 20 20 20 20 20  20 20 20 20 20 20 20 20
20 20 20 20 20 20 20 20  3c 64 69 76 20 63 6c 61
73 73 4e 61 6d 65 3d 22  61 70 70 73 2d 66 6f 72
6d 2d 72 6f 77 22 3e 0a  20 20 20 20 20 20 20 20
20 20 20 20 20 20 20 20  20 20 20 20 20 20 20 20
20 20 20 20 20 20 20 20  20 20 20 20 20 20 20 20
3c 6c 61 62 65 6c 3e 7b  74 65 78 74 2e 6f 75 74
70 75 74 7d 3c 2f 6c 61  62 65 6c 3e 0a 20 20 20
20 20 20 20 20 20 20 20  20 20 20 20 20 20 20 20
20 20 20 20 20 20 20 20  20 20 20 20 20 20 20 20
20 20 20 20 20 3c 73 65  6c 65 63 74 20 76 61 6c
75 65 3d 7b 6f 75 74 70  75 74 4d 6f 64 65 7d 20
6f 6e 43 68 61 6e 67 65  3d 7b 28 65 76 65 6e 74
29 20 3d 3e 20 7b 0a 20  20 20 20 20 20 20 20 20
20 20 20 20 20 20 20 20  20 20 20 20 20 20 20 20
20 20 20 20 20 20 20 20  20 20 20 20 20 20 20 20
20 20 20 73 65 74 4f 75  74 70 75 74 4d 6f 64 65
28 65 76 65 6e 74 2e 74  61 72 67 65 74 2e 76 61
6c 75 65 29 3b 0a 20 20  20 20 20 20 20 20 20 20
20 20 20 20 20 20 20 20  20 20 20 20 20 20 20 20
20 20 20 20 20 20 20 20  20 20 20 20 20 20 20 20
20 20 6d 61 72 6b 44 69  72 74 79 28 29 3b 0a 20
20 20 20 20 20 20 20 20  20 20 20 20 20 20 20 20
20 20 20 20 20 20 20 20  20 20 20 20 20 20 20 20
20 20 20 20 20 20 20 7d  7d 3e 0a 20 20 20 20 20
20 20 20 20 20 20 20 20  20 20 20 20 20 20 20 20
20 20 20 20 20 20 20 20  20 20 20 20 20 20 20 20
20 20 20 20 20 20 20 7b  6f 75 74 70 75 74 4d 6f
64 65 73 2e 6d 61 70 28  28 6d 6f 64 65 29 20 3d
3e 20 3c 6f 70 74 69 6f  6e 20 6b 65 79 3d 7b 6d
6f 64 65 7d 20 76 61 6c  75 65 3d 7b 6d 6f 64 65
7d 3e 7b 6f 75 74 70 75  74 4d 6f 64 65 4c 61 62
65 6c 28 6d 6f 64 65 29  7d 3c 2f 6f 70 74 69 6f
6e 3e 29 7d 0a 20 20 20  20 20 20 20 20 20 20 20
20 20 20 20 20 20 20 20  20 20 20 20 20 20 20 20
20 20 20 20 20 20 20 20  20 20 20 20 20 3c 2f 73
65 6c 65 63 74 3e 0a 20  20 20 20 20 20 20 20 20
20 20 20 20 20 20 20 20  20 20 20 20 20 20 20 20
20 20 20 20 20 20 20 20  20 20 20 3c 2f 64 69 76
3e 0a 20 20 20 20 20 20  20 20 20 20 20 20 20 20
20 20 20 20 20 20 20 20  20 20 20 20 20 20 20 20
20 20 3c 2f 3e 0a 20 20  20 20 20 20 20 20 20 20
20 20 20 20 20 20 20 20  20 20 20 20 20 20 20 20
20 20 29 20 3a 20 69 73  41 75 74 6f 6d 61 74 69
6f 6e 20 3f 20 28 0a 20  20 20 20 20 20 20 20 20
20 20 20 20 20 20 20 20  20 20 20 20 20 20 20 20
20 20 20 20 20 20 20 3c  3e 0a 20 20 20 20 20 20
20 20 20 20 20 20 20 20  20 20 20 20 20 20 20 20
20 20 20 20 20 20 20 20  20 20 20 20 20 20 3c 64
69 76 20 63 6c 61 73 73  4e 61 6d 65 3d 22 61 70
70 73 2d 66 6f 72 6d 2d  72 6f 77 22 3e 3c 6c 61
62 65 6c 3e 7b 69 73 5a  68 28 6c 61 6e 67 29 20
3f 20 27 5c 75 38 66 64  30 5c 75 38 38 34 63 5c
75 36 61 32 31 5c 75 35  66 30 66 27 20 3a 20 27
4d 6f 64 65 27 7d 3c 2f  6c 61 62 65 6c 3e 3c 73
65 6c 65 63 74 20 64 65  66 61 75 6c 74 56 61 6c
75 65 3d 22 6d 61 6e 75  61 6c 22 3e 3c 6f 70 74
69 6f 6e 20 76 61 6c 75  65 3d 22 6d 61 6e 75 61
6c 22 3e 7b 69 73 5a 68  28 6c 61 6e 67 29 20 3f
20 27 5c 75 36 32 34 62  5c 75 35 32 61 38 5c 75
36 32 36 37 5c 75 38 38  34 63 27 20 3a 20 27 4d
61 6e 75 61 6c 20 72 75  6e 27 7d 3c 2f 6f 70 74
69 6f 6e 3e 3c 6f 70 74  69 6f 6e 20 76 61 6c 75
65 3d 22 73 63 68 65 64  75 6c 65 22 3e 7b 69 73
5a 68 28 6c 61 6e 67 29  20 3f 20 27 5c 75 35 62
39 61 5c 75 36 35 66 36  5c 75 36 32 36 37 5c 75
38 38 34 63 27 20 3a 20  27 53 63 68 65 64 75 6c
65 64 27 7d 3c 2f 6f 70  74 69 6f 6e 3e 3c 6f 70
74 69 6f 6e 20 76 61 6c  75 65 3d 22 6d 6f 6e 69
74 6f 72 22 3e 7b 69 73  5a 68 28 6c 61 6e 67 29
20 3f 20 27 5c 75 36 33  30 31 5c 75 37 65 65 64
5c 75 37 36 64 31 5c 75  36 33 61 37 27 20 3a 20
27 43 6f 6e 74 69 6e 75  6f 75 73 20 6d 6f 6e 69
74 6f 72 27 7d 3c 2f 6f  70 74 69 6f 6e 3e 3c 2f
73 65 6c 65 63 74 3e 3c  2f 64 69 76 3e 0a 20 20
20 20 20 20 20 20 20 20  20 20 20 20 20 20 20 20
20 20 20 20 20 20 20 20  20 20 20 20 20 20 20 20
20 20 3c 64 69 76 20 63  6c 61 73 73 4e 61 6d 65
3d 22 61 70 70 73 2d 66  6f 72 6d 2d 72 6f 77 22
3e 3c 6c 61 62 65 6c 3e  7b 69 73 5a 68 28 6c 61
6e 67 29 20 3f 20 27 5c  75 37 32 62 36 5c 75 36
30 30 31 27 20 3a 20 27  53 74 61 74 75 73 27 7d
3c 2f 6c 61 62 65 6c 3e  3c 69 6e 70 75 74 20 72
65 61 64 4f 6e 6c 79 20  76 61 6c 75 65 3d 7b 72
75 6e 53 74 61 74 65 20  3d 3d 3d 20 27 64 6f 6e
65 27 20 3f 20 28 69 73  5a 68 28 6c 61 6e 67 29
20 3f 20 27 5c 75 38 66  64 30 5c 75 38 38 34 63
5c 75 34 65 32 64 27 20  3a 20 27 52 75 6e 6e 69
6e 67 27 29 20 3a 20 74  65 78 74 2e 72 65 61 64
79 4f 75 74 70 75 74 7d  20 2f 3e 3c 2f 64 69 76
3e 0a 20 20 20 20 20 20  20 20 20 20 20 20 20 20
20 20 20 20 20 20 20 20  20 20 20 20 20 20 20 20
20 20 20 20 20 20 3c 64  69 76 20 63 6c 61 73 73
4e 61 6d 65 3d 22 61 70  70 73 2d 66 6f 72 6d 2d
72 6f 77 22 3e 3c 6c 61  62 65 6c 3e 7b 69 73 5a
68 28 6c 61 6e 67 29 20  3f 20 27 5c 75 35 39 30
37 5c 75 36 63 65 38 27  20 3a 20 27 4e 6f 74 65
27 7d 3c 2f 6c 61 62 65  6c 3e 3c 74 65 78 74 61
72 65 61 20 64 65 66 61  75 6c 74 56 61 6c 75 65
3d 7b 69 73 5a 68 28 6c  61 6e 67 29 20 3f 20 27
5c 75 37 35 33 31 20 41  67 65 6e 74 20 5c 75 37
65 66 34 5c 75 36 32 61  34 5c 75 39 35 37 66 5c
75 38 66 64 30 5c 75 38  38 34 63 5c 75 34 65 66
62 5c 75 35 32 61 31 5c  75 66 66 30 63 5c 75 35
65 37 36 5c 75 35 37 32  38 5c 75 35 65 39 34 5c
75 37 35 32 38 20 74 61  62 20 5c 75 34 65 32 64
5c 75 35 36 64 65 5c 75  36 32 61 35 5c 75 37 65
64 33 5c 75 36 37 39 63  5c 75 33 30 30 32 27 20
3a 20 27 41 67 65 6e 74  20 6d 61 69 6e 74 61 69
6e 73 20 74 68 65 20 6c  6f 6e 67 2d 72 75 6e 6e
69 6e 67 20 74 61 73 6b  20 61 6e 64 20 72 65 70
6f 72 74 73 20 72 65 73  75 6c 74 73 20 69 6e 20
74 68 65 20 61 70 70 20  74 61 62 2e 27 7d 20 2f
3e 3c 2f 64 69 76 3e 0a  20 20 20 20 20 20 20 20
20 20 20 20 20 20 20 20  20 20 20 20 20 20 20 20
20 20 20 20 20 20 20 20  3c 2f 3e 0a 20 20 20 20
20 20 20 20 20 20 20 20  20 20 20 20 20 20 20 20
20 20 20 20 20 20 20 20  29 20 3a 20 28 0a 20 20
20 20 20 20 20 20 20 20  20 20 20 20 20 20 20 20
20 20 20 20 20 20 20 20  20 20 20 20 20 20 3c 3e
0a 20 20 20 20 20 20 20  20 20 20 20 20 20 20 20
20 20 20 20 20 20 20 20  20 20 20 20 20 20 20 20
20 20 20 20 20 3c 64 69  76 20 63 6c 61 73 73 4e
61 6d 65 3d 22 61 70 70  73 2d 66 6f 72 6d 2d 72
6f 77 22 3e 3c 6c 61 62  65 6c 3e 7b 69 73 5a 68
28 6c 61 6e 67 29 20 3f  20 27 5c 75 34 65 31 61
5c 75 35 32 61 31 5c 75  35 62 66 39 5c 75 38 63
36 31 27 20 3a 20 27 45  6e 74 69 74 79 27 7d 3c
2f 6c 61 62 65 6c 3e 3c  69 6e 70 75 74 20 76 61
6c 75 65 3d 7b 62 75 73  69 6e 65 73 73 45 6e 74
69 74 79 7d 20 6f 6e 43  68 61 6e 67 65 3d 7b 28
65 76 65 6e 74 29 20 3d  3e 20 7b 0a 20 20 20 20
20 20 20 20 20 20 20 20  20 20 20 20 20 20 20 20
20 20 20 20 20 20 20 20  20 20 20 20 20 20 20 20
20 20 20 20 73 65 74 42  75 73 69 6e 65 73 73 45
6e 74 69 74 79 28 65 76  65 6e 74 2e 74 61 72 67
65 74 2e 76 61 6c 75 65  29 3b 0a 20 20 20 20 20
20 20 20 20 20 20 20 20  20 20 20 20 20 20 20 20
20 20 20 20 20 20 20 20  20 20 20 20 20 20 20 20
20 20 20 6d 61 72 6b 44  69 72 74 79 28 29 3b 0a
20 20 20 20 20 20 20 20  20 20 20 20 20 20 20 20
20 20 20 20 20 20 20 20  20 20 20 20 20 20 20 20
20 20 20 20 7d 7d 20 2f  3e 3c 2f 64 69 76 3e 0a
20 20 20 20 20 20 20 20  20 20 20 20 20 20 20 20
20 20 20 20 20 20 20 20  20 20 20 20 20 20 20 20
20 20 20 20 3c 64 69 76  20 63 6c 61 73 73 4e 61
6d 65 3d 22 61 70 70 73  2d 66 6f 72 6d 2d 72 6f
77 22 3e 3c 6c 61 62 65  6c 3e 7b 69 73 5a 68 28
6c 61 6e 67 29 20 3f 20  27 5c 75 36 34 63 64 5c
75 34 66 35 63 27 20 3a  20 27 41 63 74 69 6f 6e
27 7d 3c 2f 6c 61 62 65  6c 3e 3c 73 65 6c 65 63
74 20 76 61 6c 75 65 3d  7b 62 75 73 69 6e 65 73
73 41 63 74 69 6f 6e 7d  20 6f 6e 43 68 61 6e 67
65 3d 7b 28 65 76 65 6e  74 29 20 3d 3e 20 7b 0a
20 20 20 20 20 20 20 20  20 20 20 20 20 20 20 20
20 20 20 20 20 20 20 20  20 20 20 20 20 20 20 20
20 20 20 20 20 20 20 20  73 65 74 42 75 73 69 6e
65 73 73 41 63 74 69 6f  6e 28 65 76 65 6e 74 2e
74 61 72 67 65 74 2e 76  61 6c 75 65 29 3b 0a 20
20 20 20 20 20 20 20 20  20 20 20 20 20 20 20 20
20 20 20 20 20 20 20 20  20 20 20 20 20 20 20 20
20 20 20 20 20 20 20 6d  61 72 6b 44 69 72 74 79
28 29 3b 0a 20 20 20 20  20 20 20 20 20 20 20 20
20 20 20 20 20 20 20 20  20 20 20 20 20 20 20 20
20 20 20 20 20 20 20 20  7d 7d 3e 3c 6f 70 74 69
6f 6e 20 76 61 6c 75 65  3d 22 63 72 65 61 74 65
22 3e 7b 69 73 5a 68 28  6c 61 6e 67 29 20 3f 20
27 5c 75 36 35 62 30 5c  75 35 65 66 61 5c 75 38
62 62 30 5c 75 35 66 35  35 27 20 3a 20 27 43 72
65 61 74 65 20 72 65 63  6f 72 64 27 7d 3c 2f 6f
70 74 69 6f 6e 3e 3c 6f  70 74 69 6f 6e 20 76 61
6c 75 65 3d 22 71 75 65  72 79 22 3e 7b 69 73 5a
68 28 6c 61 6e 67 29 20  3f 20 27 5c 75 36 37 65
35 5c 75 38 62 65 32 5c  75 36 35 37 30 5c 75 36
33 36 65 27 20 3a 20 27  51 75 65 72 79 20 64 61
74 61 27 7d 3c 2f 6f 70  74 69 6f 6e 3e 3c 6f 70
74 69 6f 6e 20 76 61 6c  75 65 3d 22 72 65 70 6f
72 74 22 3e 7b 69 73 5a  68 28 6c 61 6e 67 29 20
3f 20 27 5c 75 37 35 31  66 5c 75 36 32 31 30 5c
75 36 32 61 35 5c 75 38  38 36 38 27 20 3a 20 27
47 65 6e 65 72 61 74 65  20 72 65 70 6f 72 74 27
7d 3c 2f 6f 70 74 69 6f  6e 3e 3c 2f 73 65 6c 65
63 74 3e 3c 2f 64 69 76  3e 0a 20 20 20 20 20 20
20 20 20 20 20 20 20 20  20 20 20 20 20 20 20 20
20 20 20 20 20 20 20 20  20 20 20 20 20 20 3c 64
69 76 20 63 6c 61 73 73  4e 61 6d 65 3d 22 61 70
70 73 2d 66 6f 72 6d 2d  72 6f 77 22 3e 3c 6c 61
62 65 6c 3e 7b 69 73 5a  68 28 6c 61 6e 67 29 20
3f 20 27 5c 75 35 39 30  37 5c 75 36 63 65 38 27
20 3a 20 27 4e 6f 74 65  27 7d 3c 2f 6c 61 62 65
6c 3e 3c 74 65 78 74 61  72 65 61 20 76 61 6c 75
65 3d 7b 62 75 73 69 6e  65 73 73 4e 6f 74 65 7d
20 6f 6e 43 68 61 6e 67  65 3d 7b 28 65 76 65 6e
74 29 20 3d 3e 20 7b 0a  20 20 20 20 20 20 20 20
20 20 20 20 20 20 20 20  20 20 20 20 20 20 20 20
20 20 20 20 20 20 20 20  20 20 20 20 20 20 20 20
73 65 74 42 75 73 69 6e  65 73 73 4e 6f 74 65 28
65 76 65 6e 74 2e 74 61  72 67 65 74 2e 76 61 6c
75 65 29 3b 0a 20 20 20  20 20 20 20 20 20 20 20
20 20 20 20 20 20 20 20  20 20 20 20 20 20 20 20
20 20 20 20 20 20 20 20  20 20 20 20 20 6d 61 72
6b 44 69 72 74 79 28 29  3b 0a 20 20 20 20 20 20
20 20 20 20 20 20 20 20  20 20 20 20 20 20 20 20
20 20 20 20 20 20 20 20  20 20 20 20 20 20 7d 7d
20 70 6c 61 63 65 68 6f  6c 64 65 72 3d 7b 69 73
5a 68 28 6c 61 6e 67 29  20 3f 20 27 5c 75 38 66
39 33 5c 75 35 31 36 35  5c 75 34 65 31 61 5c 75
35 32 61 31 5c 75 36 31  30 66 5c 75 35 36 66 65
5c 75 66 66 30 63 41 67  65 6e 74 20 5c 75 37 35
31 66 5c 75 36 32 31 30  5c 75 35 32 61 38 5c 75
36 30 30 31 5c 75 37 35  34 63 5c 75 39 37 36 32
5c 75 35 65 37 36 5c 75  39 30 31 61 5c 75 38 66
63 37 20 44 61 74 61 53  72 76 20 5c 75 36 32 36
37 5c 75 38 38 34 63 5c  75 33 30 30 32 27 20 3a
20 27 45 6e 74 65 72 20  62 75 73 69 6e 65 73 73
20 69 6e 74 65 6e 74 2e  20 41 67 65 6e 74 20 72
65 6e 64 65 72 73 20 61  20 64 79 6e 61 6d 69 63
20 55 49 20 61 6e 64 20  65 78 65 63 75 74 65 73
20 74 68 72 6f 75 67 68  20 44 61 74 61 53 72 76
2e 27 7d 20 2f 3e 3c 2f  64 69 76 3e 0a 20 20 20
20 20 20 20 20 20 20 20  20 20 20 20 20 20 20 20
20 20 20 20 20 20 20 20  20 20 20 20 20 20 20 20
20 3c 64 69 76 20 63 6c  61 73 73 4e 61 6d 65 3d
22 61 70 70 73 2d 63 61  70 61 62 69 6c 69 74 79
2d 73 74 72 69 70 22 3e  0a 20 20 20 20 20 20 20
20 20 20 20 20 20 20 20  20 20 20 20 20 20 20 20
20 20 20 20 20 20 20 20  20 20 20 20 20 20 20 20
20 3c 73 70 61 6e 3e 7b  61 70 70 2e 6d 61 6e 69
66 65 73 74 3f 2e 64 61  74 61 73 72 76 3f 2e 64
6f 6d 61 69 6e 20 7c 7c  20 27 44 61 74 61 53 72
76 27 7d 3c 2f 73 70 61  6e 3e 0a 20 20 20 20 20
20 20 20 20 20 20 20 20  20 20 20 20 20 20 20 20
20 20 20 20 20 20 20 20  20 20 20 20 20 20 20 20
20 20 20 3c 73 70 61 6e  3e 7b 61 70 70 2e 6d 61
6e 69 66 65 73 74 3f 2e  64 61 74 61 73 72 76 3f
2e 70 72 65 66 65 72 72  65 64 41 63 74 69 6f 6e
20 7c 7c 20 62 75 73 69  6e 65 73 73 41 63 74 69
6f 6e 7d 3c 2f 73 70 61  6e 3e 0a 20 20 20 20 20
20 20 20 20 20 20 20 20  20 20 20 20 20 20 20 20
20 20 20 20 20 20 20 20  20 20 20 20 20 20 20 20
20 20 20 3c 73 70 61 6e  3e 7b 61 70 70 2e 6d 61
6e 69 66 65 73 74 3f 2e  64 61 74 61 73 72 76 3f
2e 70 72 65 66 65 72 72  65 64 56 69 65 77 20 7c
7c 20 61 70 70 2e 6d 61  6e 69 66 65 73 74 3f 2e
64 61 74 61 73 72 76 3f  2e 70 72 65 66 65 72 72
65 64 52 65 70 6f 72 74  20 7c 7c 20 61 70 70 2e
6d 61 6e 69 66 65 73 74  3f 2e 64 61 74 61 73 72
76 3f 2e 70 72 65 66 65  72 72 65 64 44 61 73 68
62 6f 61 72 64 20 7c 7c  20 27 2d 27 7d 3c 2f 73
70 61 6e 3e 0a 20 20 20  20 20 20 20 20 20 20 20
20 20 20 20 20 20 20 20  20 20 20 20 20 20 20 20
20 20 20 20 20 20 20 20  20 3c 2f 64 69 76 3e 0a
20 20 20 20 20 20 20 20  20 20 20 20 20 20 20 20
20 20 20 20 20 20 20 20  20 20 20 20 20 20 20 20
3c 2f 3e 0a 20 20 20 20  20 20 20 20 20 20 20 20
20 20 20 20 20 20 20 20  20 20 20 20 20 20 20 20
29 7d 0a 20 20 20 20 20  20 20 20 20 20 20 20 20
20 20 20 20 20 20 20 20  20 20 20 3c 2f 73 65 63
74 69 6f 6e 3e 0a 20 20  20 20 20 20 20 20 20 20
20 20 20 20 20 20 20 20  20 20 20 20 20 20 3c 73
65 63 74 69 6f 6e 20 63  6c 61 73 73 4e 61 6d 65
3d 22 61 70 70 73 2d 72  75 6e 74 69 6d 65 2d 73
65 63 74 69 6f 6e 22 3e  0a 20 20 20 20 20 20 20
20 20 20 20 20 20 20 20  20 20 20 20 20 20 20 20
20 20 20 20 20 3c 64 69  76 20 63 6c 61 73 73 4e
61 6d 65 3d 22 61 70 70  73 2d 72 75 6e 74 69 6d
65 2d 73 65 63 74 69 6f  6e 5f 5f 74 69 74 6c 65
22 3e 7b 74 65 78 74 2e  72 75 6e 74 69 6d 65 53
74 61 74 75 73 7d 3c 2f  64 69 76 3e 0a 20 20 20
20 20 20 20 20 20 20 20  20 20 20 20 20 20 20 20
20 20 20 20 20 20 20 20  20 3c 64 69 76 20 63 6c
61 73 73 4e 61 6d 65 3d  22 61 70 70 73 2d 72 65
73 75 6c 74 2d 70 61 6e  65 6c 22 20 64 61 74 61
2d 73 74 61 74 65 3d 7b  72 75 6e 53 74 61 74 65
7d 3e 0a 20 20 20 20 20  20 20 20 20 20 20 20 20
20 20 20 20 20 20 20 20  20 20 20 20 20 20 20 20
20 20 20 3c 73 70 61 6e  3e 7b 72 75 6e 53 74 61
74 65 20 3d 3d 3d 20 27  64 6f 6e 65 27 20 3f 20
74 65 78 74 2e 72 75 6e  43 6f 6d 70 6c 65 74 65
64 20 3a 20 72 75 6e 53  74 61 74 65 20 3d 3d 3d
20 27 72 75 6e 6e 69 6e  67 27 20 3f 20 73 6b 69
6c 6c 52 75 6e 50 72 6f  67 72 65 73 73 4d 65 73
73 61 67 65 28 73 6b 69  6c 6c 52 75 6e 53 74 61
74 75 73 2c 20 74 65 78  74 2e 73 6b 69 6c 6c 52
75 6e 52 75 6e 6e 69 6e  67 2c 20 72 75 6e 49 44
29 20 3a 20 72 75 6e 53  74 61 74 65 20 3d 3d 3d
20 27 65 72 72 6f 72 27  20 3f 20 76 61 6c 69 64
61 74 69 6f 6e 4d 65 73  73 61 67 65 20 3a 20 72
75 6e 53 74 61 74 65 20  3d 3d 3d 20 27 63 61 6e
63 65 6c 6c 65 64 27 20  3f 20 74 65 78 74 2e 73
6b 69 6c 6c 52 75 6e 43  61 6e 63 65 6c 6c 65 64
20 3a 20 74 65 78 74 2e  72 65 61 64 79 4f 75 74
70 75 74 7d 3c 2f 73 70  61 6e 3e 0a 20 20 20 20
20 20 20 20 20 20 20 20  20 20 20 20 20 20 20 20
20 20 20 20 20 20 20 20  3c 2f 64 69 76 3e 0a 20
20 20 20 20 20 20 20 20  20 20 20 20 20 20 20 20
20 20 20 20 20 20 20 20  20 20 20 7b 69 73 54 6f
6f 6c 20 26 26 20 3c 53  6b 69 6c 6c 52 75 6e 45
76 69 64 65 6e 63 65 20  73 74 61 74 75 73 3d 7b
73 6b 69 6c 6c 52 75 6e  53 74 61 74 75 73 7d 20
72 75 6e 53 74 61 74 65  3d 7b 72 75 6e 53 74 61
74 65 7d 20 74 65 78 74  3d 7b 74 65 78 74 7d 20
2f 3e 7d 0a 20 20 20 20  20 20 20 20 20 20 20 20
20 20 20 20 20 20 20 20  20 20 20 20 3c 2f 73 65
63 74 69 6f 6e 3e 0a 20  20 20 20 20 20 20 20 20
20 20 20 20 20 20 20 20  20 20 20 20 20 20 20 3c
64 69 76 20 63 6c 61 73  73 4e 61 6d 65 3d 22 61
70 70 73 2d 61 63 74 69  6f 6e 73 22 3e 0a 20 20
20 20 20 20 20 20 20 20  20 20 20 20 20 20 20 20
20 20 20 20 20 20 20 20  20 20 3c 62 75 74 74 6f
6e 20 63 6c 61 73 73 4e  61 6d 65 3d 22 61 70 70
73 2d 73 65 63 6f 6e 64  61 72 79 2d 62 75 74 74
6f 6e 22 20 74 79 70 65  3d 22 62 75 74 74 6f 6e
22 20 6f 6e 43 6c 69 63  6b 3d 7b 28 29 20 3d 3e
20 7b 0a 20 20 20 20 20  20 20 20 20 20 20 20 20
20 20 20 20 20 20 20 20  20 20 20 20 20 20 20 20
20 20 20 73 65 74 46 69  6c 65 4e 61 6d 65 28 27
27 29 3b 0a 20 20 20 20  20 20 20 20 20 20 20 20
20 20 20 20 20 20 20 20  20 20 20 20 20 20 20 20
20 20 20 20 73 65 74 53  65 6c 65 63 74 65 64 46
69 6c 65 28 6e 75 6c 6c  29 3b 0a 20 20 20 20 20
20 20 20 20 20 20 20 20  20 20 20 20 20 20 20 20
20 20 20 20 20 20 20 20  20 20 20 73 65 74 53 65
6c 65 63 74 65 64 46 69  6c 65 73 28 5b 5d 29 3b
0a 20 20 20 20 20 20 20  20 20 20 20 20 20 20 20
20 20 20 20 20 20 20 20  20 20 20 20 20 20 20 20
20 73 65 74 54 6f 6f 6c  50 61 72 61 6d 73 28 27
27 29 3b 0a 20 20 20 20  20 20 20 20 20 20 20 20
20 20 20 20 20 20 20 20  20 20 20 20 20 20 20 20
20 20 20 20 73 65 74 46  69 65 6c 64 56 61 6c 75
65 73 28 7b 7d 29 3b 0a  20 20 20 20 20 20 20 20
20 20 20 20 20 20 20 20  20 20 20 20 20 20 20 20
20 20 20 20 20 20 20 20  73 65 74 4f 75 74 70 75
74 4d 6f 64 65 28 6f 75  74 70 75 74 4d 6f 64 65
73 5b 30 5d 29 3b 0a 20  20 20 20 20 20 20 20 20
20 20 20 20 20 20 20 20  20 20 20 20 20 20 20 20
20 20 20 20 20 20 20 73  65 74 42 75 73 69 6e 65
73 73 45 6e 74 69 74 79  28 61 70 70 2e 63 61 74
65 67 6f 72 79 29 3b 0a  20 20 20 20 20 20 20 20
20 20 20 20 20 20 20 20  20 20 20 20 20 20 20 20
20 20 20 20 20 20 20 20  73 65 74 42 75 73 69 6e
65 73 73 41 63 74 69 6f  6e 28 27 63 72 65 61 74
65 27 29 3b 0a 20 20 20  20 20 20 20 20 20 20 20
20 20 20 20 20 20 20 20  20 20 20 20 20 20 20 20
20 20 20 20 20 73 65 74  42 75 73 69 6e 65 73 73
4e 6f 74 65 28 27 27 29  3b 0a 20 20 20 20 20 20
20 20 20 20 20 20 20 20  20 20 20 20 20 20 20 20
20 20 20 20 20 20 20 20  20 20 73 65 74 52 75 6e
53 74 61 74 65 28 27 69  64 6c 65 27 29 3b 0a 20
20 20 20 20 20 20 20 20  20 20 20 20 20 20 20 20
20 20 20 20 20 20 20 20  20 20 20 20 20 20 20 73
65 74 56 61 6c 69 64 61  74 69 6f 6e 4d 65 73 73
61 67 65 28 27 27 29 3b  0a 20 20 20 20 20 20 20
20 20 20 20 20 20 20 20  20 20 20 20 20 20 20 20
20 20 20 20 20 20 20 20  20 73 65 74 52 75 6e 49
44 28 27 27 29 3b 0a 20  20 20 20 20 20 20 20 20
20 20 20 20 20 20 20 20  20 20 20 20 20 20 20 20
20 20 20 20 20 20 20 73  65 74 53 6b 69 6c 6c 52
75 6e 53 74 61 74 75 73  28 6e 75 6c 6c 29 3b 0a
20 20 20 20 20 20 20 20  20 20 20 20 20 20 20 20
20 20 20 20 20 20 20 20  20 20 20 20 20 20 20 20
73 65 74 43 75 72 72 65  6e 74 52 75 6e 43 6f 6e
74 65 78 74 28 7b 20 69  6e 70 75 74 53 75 6d 6d
61 72 79 3a 20 27 27 2c  20 6f 75 74 70 75 74 4d
6f 64 65 3a 20 27 27 20  7d 29 3b 0a 20 20 20 20
20 20 20 20 20 20 20 20  20 20 20 20 20 20 20 20
20 20 20 20 20 20 20 20  7d 7d 3e 7b 74 65 78 74
2e 72 65 73 65 74 7d 3c  2f 62 75 74 74 6f 6e 3e
0a 20 20 20 20 20 20 20  20 20 20 20 20 20 20 20
20 20 20 20 20 20 20 20  20 20 20 20 20 7b 72 75
6e 53 74 61 74 65 20 3d  3d 3d 20 27 72 75 6e 6e
69 6e 67 27 20 26 26 20  72 75 6e 49 44 20 26 26
20 3c 62 75 74 74 6f 6e  20 63 6c 61 73 73 4e 61
6d 65 3d 22 61 70 70 73  2d 73 65 63 6f 6e 64 61
72 79 2d 62 75 74 74 6f  6e 22 20 74 79 70 65 3d
22 62 75 74 74 6f 6e 22  20 6f 6e 43 6c 69 63 6b
3d 7b 63 61 6e 63 65 6c  52 75 6e 7d 3e 7b 74 65
78 74 2e 63 61 6e 63 65  6c 52 75 6e 7d 3c 2f 62
75 74 74 6f 6e 3e 7d 0a  20 20 20 20 20 20 20 20
20 20 20 20 20 20 20 20  20 20 20 20 20 20 20 20
20 20 20 20 3c 62 75 74  74 6f 6e 20 63 6c 61 73
73 4e 61 6d 65 3d 22 61  70 70 73 2d 70 72 69 6d
61 72 79 2d 62 75 74 74  6f 6e 22 20 74 79 70 65
3d 22 62 75 74 74 6f 6e  22 20 64 69 73 61 62 6c
65 64 3d 7b 72 75 6e 53  74 61 74 65 20 3d 3d 3d
20 27 72 75 6e 6e 69 6e  67 27 7d 20 6f 6e 43 6c
69 63 6b 3d 7b 72 75 6e  41 70 70 7d 3e 7b 74 65
78 74 2e 72 75 6e 7d 3c  2f 62 75 74 74 6f 6e 3e
0a 20 20 20 20 20 20 20  20 20 20 20 20 20 20 20
20 20 20 20 20 20 20 20  20 3c 2f 64 69 76 3e 0a
20 20 20 20 20 20 20 20  20 20 20 20 20 20 20 20
20 20 20 20 20 20 20 20  3c 41 70 70 52 75 6e 4f
75 74 70 75 74 20 73 74  61 74 75 73 3d 7b 73 6b
69 6c 6c 52 75 6e 53 74  61 74 75 73 7d 20 72 75
6e 53 74 61 74 65 3d 7b  72 75 6e 53 74 61 74 65
7d 20 72 65 73 75 6c 74  54 65 78 74 3d 7b 72 65
73 75 6c 74 54 65 78 74  7d 20 69 73 54 6f 6f 6c
3d 7b 69 73 54 6f 6f 6c  7d 20 74 65 78 74 3d 7b
74 65 78 74 7d 20 2f 3e  0a 20 20 20 20 20 20 20
20 20 20 20 20 20 20 20  20 20 20 20 20 20 20 20
20 7b 69 73 54 6f 6f 6c  20 26 26 20 28 0a 20 20
20 20 20 20 20 20 20 20  20 20 20 20 20 20 20 20
20 20 20 20 20 20 20 20  20 20 3c 73 65 63 74 69
6f 6e 20 63 6c 61 73 73  4e 61 6d 65 3d 22 61 70
70 73 2d 72 75 6e 2d 68  69 73 74 6f 72 79 22 3e
0a 20 20 20 20 20 20 20  20 20 20 20 20 20 20 20
20 20 20 20 20 20 20 20  20 20 20 20 20 20 20 20
20 3c 64 69 76 20 63 6c  61 73 73 4e 61 6d 65 3d
22 61 70 70 73 2d 70 72  65 76 69 65 77 2d 74 69
74 6c 65 2d 72 6f 77 22  3e 0a 20 20 20 20 20 20
20 20 20 20 20 20 20 20  20 20 20 20 20 20 20 20
20 20 20 20 20 20 20 20  20 20 20 20 20 20 3c 64
69 76 20 63 6c 61 73 73  4e 61 6d 65 3d 22 61 70
70 73 2d 64 65 66 69 6e  69 74 69 6f 6e 5f 5f 74
69 74 6c 65 22 3e 7b 74  65 78 74 2e 72 75 6e 48
69 73 74 6f 72 79 7d 3c  2f 64 69 76 3e 0a 20 20
20 20 20 20 20 20 20 20  20 20 20 20 20 20 20 20
20 20 20 20 20 20 20 20  20 20 20 20 20 20 20 20
20 20 3c 64 69 76 20 63  6c 61 73 73 4e 61 6d 65
3d 22 61 70 70 73 2d 72  75 6e 2d 68 69 73 74 6f
72 79 5f 5f 74 6f 6f 6c  73 22 3e 0a 20 20 20 20
20 20 20 20 20 20 20 20  20 20 20 20 20 20 20 20
20 20 20 20 20 20 20 20  20 20 20 20 20 20 20 20
20 20 20 20 3c 73 70 61  6e 20 63 6c 61 73 73 4e
61 6d 65 3d 22 61 70 70  73 2d 63 6f 75 6e 74 22
3e 7b 72 75 6e 48 69 73  74 6f 72 79 2e 6c 65 6e
67 74 68 7d 3c 2f 73 70  61 6e 3e 0a 20 20 20 20
20 20 20 20 20 20 20 20  20 20 20 20 20 20 20 20
20 20 20 20 20 20 20 20  20 20 20 20 20 20 20 20
20 20 20 20 3c 62 75 74  74 6f 6e 20 63 6c 61 73
73 4e 61 6d 65 3d 22 61  70 70 73 2d 73 65 63 6f
6e 64 61 72 79 2d 62 75  74 74 6f 6e 22 20 74 79
70 65 3d 22 62 75 74 74  6f 6e 22 20 64 69 73 61
62 6c 65 64 3d 7b 72 75  6e 48 69 73 74 6f 72 79
2e 6c 65 6e 67 74 68 20  3d 3d 3d 20 30 7d 20 6f
6e 43 6c 69 63 6b 3d 7b  28 29 20 3d 3e 20 7b 0a
20 20 20 20 20 20 20 20  20 20 20 20 20 20 20 20
20 20 20 20 20 20 20 20  20 20 20 20 20 20 20 20
20 20 20 20 20 20 20 20  20 20 20 20 63 6c 65 61
72 41 70 70 52 75 6e 48  69 73 74 6f 72 79 28 61
70 70 2e 69 64 29 3b 0a  20 20 20 20 20 20 20 20
20 20 20 20 20 20 20 20  20 20 20 20 20 20 20 20
20 20 20 20 20 20 20 20  20 20 20 20 20 20 20 20
20 20 20 20 73 65 74 52  75 6e 48 69 73 74 6f 72
79 28 5b 5d 29 3b 0a 20  20 20 20 20 20 20 20 20
20 20 20 20 20 20 20 20  20 20 20 20 20 20 20 20
20 20 20 20 20 20 20 20  20 20 20 20 20 20 20 7d
7d 3e 7b 74 65 78 74 2e  63 6c 65 61 72 48 69 73
74 6f 72 79 7d 3c 2f 62  75 74 74 6f 6e 3e 0a 20
20 20 20 20 20 20 20 20  20 20 20 20 20 20 20 20
20 20 20 20 20 20 20 20  20 20 20 20 20 20 20 20
20 20 20 3c 2f 64 69 76  3e 0a 20 20 20 20 20 20
20 20 20 20 20 20 20 20  20 20 20 20 20 20 20 20
20 20 20 20 20 20 20 20  20 20 3c 2f 64 69 76 3e
0a 20 20 20 20 20 20 20  20 20 20 20 20 20 20 20
20 20 20 20 20 20 20 20  20 20 20 20 20 20 20 20
20 7b 72 75 6e 48 69 73  74 6f 72 79 2e 6c 65 6e
67 74 68 20 3d 3d 3d 20  30 20 3f 20 28 0a 20 20
20 20 20 20 20 20 20 20  20 20 20 20 20 20 20 20
20 20 20 20 20 20 20 20  20 20 20 20 20 20 20 20
20 20 3c 64 69 76 20 63  6c 61 73 73 4e 61 6d 65
3d 22 61 70 70 73 2d 72  75 6e 2d 68 69 73 74 6f
72 79 5f 5f 65 6d 70 74  79 22 3e 7b 74 65 78 74
2e 6e 6f 52 75 6e 48 69  73 74 6f 72 79 7d 3c 2f
64 69 76 3e 0a 20 20 20  20 20 20 20 20 20 20 20
20 20 20 20 20 20 20 20  20 20 20 20 20 20 20 20
20 20 20 20 20 29 20 3a  20 28 0a 20 20 20 20 20
20 20 20 20 20 20 20 20  20 20 20 20 20 20 20 20
20 20 20 20 20 20 20 20  20 20 20 20 20 20 20 3c
64 69 76 20 63 6c 61 73  73 4e 61 6d 65 3d 22 61
70 70 73 2d 72 75 6e 2d  68 69 73 74 6f 72 79 5f
5f 6c 69 73 74 22 3e 0a  20 20 20 20 20 20 20 20
20 20 20 20 20 20 20 20  20 20 20 20 20 20 20 20
20 20 20 20 20 20 20 20  20 20 20 20 20 20 20 20
7b 72 75 6e 48 69 73 74  6f 72 79 2e 6d 61 70 28
28 69 74 65 6d 29 20 3d  3e 20 28 0a 20 20 20 20
20 20 20 20 20 20 20 20  20 20 20 20 20 20 20 20
20 20 20 20 20 20 20 20  20 20 20 20 20 20 20 20
20 20 20 20 20 20 20 20  3c 64 69 76 20 63 6c 61
73 73 4e 61 6d 65 3d 22  61 70 70 73 2d 72 75 6e
2d 68 69 73 74 6f 72 79  5f 5f 69 74 65 6d 22 20
64 61 74 61 2d 73 74 61  74 65 3d 7b 69 74 65 6d
2e 73 74 61 74 75 73 7d  20 6b 65 79 3d 7b 60 24
7b 69 74 65 6d 2e 72 75  6e 49 44 7d 2d 24 7b 69
74 65 6d 2e 61 74 7d 60  7d 3e 0a 20 20 20 20 20
20 20 20 20 20 20 20 20  20 20 20 20 20 20 20 20
20 20 20 20 20 20 20 20  20 20 20 20 20 20 20 20
20 20 20 20 20 20 20 20  20 20 20 3c 64 69 76 3e
0a 20 20 20 20 20 20 20  20 20 20 20 20 20 20 20
20 20 20 20 20 20 20 20  20 20 20 20 20 20 20 20
20 20 20 20 20 20 20 20  20 20 20 20 20 20 20 20
20 20 20 20 20 3c 73 74  72 6f 6e 67 3e 7b 69 74
65 6d 2e 69 6e 70 75 74  53 75 6d 6d 61 72 79 20
7c 7c 20 69 74 65 6d 2e  72 75 6e 49 44 7d 3c 2f
73 74 72 6f 6e 67 3e 0a  20 20 20 20 20 20 20 20
20 20 20 20 20 20 20 20  20 20 20 20 20 20 20 20
20 20 20 20 20 20 20 20  20 20 20 20 20 20 20 20
20 20 20 20 20 20 20 20  20 20 20 20 3c 73 70 61
6e 3e 7b 66 6f 72 6d 61  74 52 75 6e 48 69 73 74
6f 72 79 54 69 6d 65 28  69 74 65 6d 2e 61 74 29
7d 20 c2 b7 20 7b 69 74  65 6d 2e 6f 75 74 70 75
74 4d 6f 64 65 2e 74 6f  55 70 70 65 72 43 61 73
65 28 29 7d 20 c2 b7 20  7b 69 74 65 6d 2e 72 75
6e 49 44 7d 3c 2f 73 70  61 6e 3e 0a 20 20 20 20
20 20 20 20 20 20 20 20  20 20 20 20 20 20 20 20
20 20 20 20 20 20 20 20  20 20 20 20 20 20 20 20
20 20 20 20 20 20 20 20  20 20 20 20 20 20 20 20
7b 28 69 74 65 6d 2e 61  72 74 69 66 61 63 74 55
52 49 20 7c 7c 20 69 74  65 6d 2e 61 72 74 69 66
61 63 74 50 61 74 68 29  20 26 26 20 3c 63 6f 64
65 3e 7b 69 74 65 6d 2e  61 72 74 69 66 61 63 74
55 52 49 20 7c 7c 20 69  74 65 6d 2e 61 72 74 69
66 61 63 74 50 61 74 68  7d 3c 2f 63 6f 64 65 3e
7d 0a 20 20 20 20 20 20  20 20 20 20 20 20 20 20
20 20 20 20 20 20 20 20  20 20 20 20 20 20 20 20
20 20 20 20 20 20 20 20  20 20 20 20 20 20 20 20
20 20 3c 2f 64 69 76 3e  0a 20 20 20 20 20 20 20
20 20 20 20 20 20 20 20  20 20 20 20 20 20 20 20
20 20 20 20 20 20 20 20  20 20 20 20 20 20 20 20
20 20 20 20 20 3c 64 69  76 20 63 6c 61 73 73 4e
61 6d 65 3d 22 61 70 70  73 2d 72 75 6e 2d 68 69
73 74 6f 72 79 5f 5f 73  69 64 65 22 3e 0a 20 20
20 20 20 20 20 20 20 20  20 20 20 20 20 20 20 20
20 20 20 20 20 20 20 20  20 20 20 20 20 20 20 20
20 20 20 20 20 20 20 20  20 20 20 20 20 20 3c 65
6d 3e 7b 69 74 65 6d 2e  6d 65 73 73 61 67 65 20
7c 7c 20 69 74 65 6d 2e  73 74 61 74 75 73 7d 3c
2f 65 6d 3e 0a 20 20 20  20 20 20 20 20 20 20 20
20 20 20 20 20 20 20 20  20 20 20 20 20 20 20 20
20 20 20 20 20 20 20 20  20 20 20 20 20 20 20 20
20 20 20 20 20 7b 28 69  74 65 6d 2e 61 72 74 69
66 61 63 74 55 52 49 20  7c 7c 20 69 74 65 6d 2e
61 72 74 69 66 61 63 74  50 61 74 68 29 20 26 26
20 28 0a 20 20 20 20 20  20 20 20 20 20 20 20 20
20 20 20 20 20 20 20 20  20 20 20 20 20 20 20 20
20 20 20 20 20 20 20 20  20 20 20 20 20 20 20 20
20 20 20 20 20 20 20 3c  64 69 76 20 63 6c 61 73
73 4e 61 6d 65 3d 22 61  70 70 73 2d 72 75 6e 2d
68 69 73 74 6f 72 79 5f  5f 61 63 74 69 6f 6e 73
22 3e 0a 20 20 20 20 20  20 20 20 20 20 20 20 20
20 20 20 20 20 20 20 20  20 20 20 20 20 20 20 20
20 20 20 20 20 20 20 20  20 20 20 20 20 20 20 20
20 20 20 20 20 20 20 20  20 20 20 20 20 20 20 3c
62 75 74 74 6f 6e 20 63  6c 61 73 73 4e 61 6d 65
3d 22 61 70 70 73 2d 6c  69 6e 6b 2d 62 75 74 74
6f 6e 22 20 74 79 70 65  3d 22 62 75 74 74 6f 6e
22 20 6f 6e 43 6c 69 63  6b 3d 7b 28 29 20 3d 3e
20 76 6f 69 64 20 6f 70  65 6e 53 6b 69 6c 6c 52
75 6e 41 72 74 69 66 61  63 74 46 72 6f 6d 55 49
28 69 74 65 6d 2e 72 75  6e 49 44 2c 20 69 74 65
6d 2e 61 72 74 69 66 61  63 74 49 44 20 7c 7c 20
69 74 65 6d 2e 61 72 74  69 66 61 63 74 55 52 49
20 7c 7c 20 27 27 2c 20  69 74 65 6d 2e 61 72 74
69 66 61 63 74 50 61 74  68 20 7c 7c 20 27 27 2c
20 69 74 65 6d 2e 61 72  74 69 66 61 63 74 44 6f
77 6e 6c 6f 61 64 53 74  61 74 65 20 3d 3d 3d 20
27 72 65 6d 6f 74 65 27  29 7d 3e 7b 69 74 65 6d
2e 61 72 74 69 66 61 63  74 44 6f 77 6e 6c 6f 61
64 53 74 61 74 65 20 3d  3d 3d 20 27 72 65 6d 6f
74 65 27 20 3f 20 74 65  78 74 2e 64 6f 77 6e 6c
6f 61 64 41 72 74 69 66  61 63 74 20 3a 20 74 65
78 74 2e 6f 70 65 6e 41  72 74 69 66 61 63 74 7d
3c 2f 62 75 74 74 6f 6e  3e 0a 20 20 20 20 20 20
20 20 20 20 20 20 20 20  20 20 20 20 20 20 20 20
20 20 20 20 20 20 20 20  20 20 20 20 20 20 20 20
20 20 20 20 20 20 20 20  20 20 20 20 20 20 20 20
20 20 20 20 20 20 3c 62  75 74 74 6f 6e 20 63 6c
61 73 73 4e 61 6d 65 3d  22 61 70 70 73 2d 6c 69
6e 6b 2d 62 75 74 74 6f  6e 22 20 74 79 70 65 3d
22 62 75 74 74 6f 6e 22  20 6f 6e 43 6c 69 63 6b
3d 7b 28 29 20 3d 3e 20  76 6f 69 64 20 72 65 76
65 61 6c 53 6b 69 6c 6c  52 75 6e 41 72 74 69 66
61 63 74 46 72 6f 6d 55  49 28 69 74 65 6d 2e 72
75 6e 49 44 2c 20 69 74  65 6d 2e 61 72 74 69 66
61 63 74 49 44 20 7c 7c  20 69 74 65 6d 2e 61 72
74 69 66 61 63 74 55 52  49 20 7c 7c 20 27 27 2c
20 69 74 65 6d 2e 61 72  74 69 66 61 63 74 50 61
74 68 20 7c 7c 20 27 27  29 7d 3e 7b 74 65 78 74
2e 72 65 76 65 61 6c 41  72 74 69 66 61 63 74 7d
3c 2f 62 75 74 74 6f 6e  3e 0a 20 20 20 20 20 20
20 20 20 20 20 20 20 20  20 20 20 20 20 20 20 20
20 20 20 20 20 20 20 20  20 20 20 20 20 20 20 20
20 20 20 20 20 20 20 20  20 20 20 20 20 20 3c 2f
64 69 76 3e 0a 20 20 20  20 20 20 20 20 20 20 20
20 20 20 20 20 20 20 20  20 20 20 20 20 20 20 20
20 20 20 20 20 20 20 20  20 20 20 20 20 20 20 20
20 20 20 20 20 29 7d 0a  20 20 20 20 20 20 20 20
20 20 20 20 20 20 20 20  20 20 20 20 20 20 20 20
20 20 20 20 20 20 20 20  20 20 20 20 20 20 20 20
20 20 20 20 3c 2f 64 69  76 3e 0a 20 20 20 20 20
20 20 20 20 20 20 20 20  20 20 20 20 20 20 20 20
20 20 20 20 20 20 20 20  20 20 20 20 20 20 20 20
20 20 20 20 20 20 20 3c  2f 64 69 76 3e 0a 20 20
20 20 20 20 20 20 20 20  20 20 20 20 20 20 20 20
20 20 20 20 20 20 20 20  20 20 20 20 20 20 20 20
20 20 20 20 20 20 29 29  7d 0a 20 20 20 20 20 20
20 20 20 20 20 20 20 20  20 20 20 20 20 20 20 20
20 20 20 20 20 20 20 20  20 20 20 20 20 20 3c 2f
64 69 76 3e 0a 20 20 20  20 20 20 20 20 20 20 20
20 20 20 20 20 20 20 20  20 20 20 20 20 20 20 20
20 20 20 20 20 29 7d 0a  20 20 20 20 20 20 20 20
20 20 20 20 20 20 20 20  20 20 20 20 20 20 20 20
20 20 20 20 3c 2f 73 65  63 74 69 6f 6e 3e 0a 20
20 20 20 20 20 20 20 20  20 20 20 20 20 20 20 20
20 20 20 20 20 20 20 29  7d 0a 20 20 20 20 20 20
20 20 20 20 20 20 20 20  20 20 20 20 20 20 3c 2f
64 69 76 3e 0a 20 20 20  20 20 20 20 20 20 20 20
20 20 20 20 20 3c 2f 64  69 76 3e 0a 20 20 20 20
20 20 20 20 20 20 20 20  3c 2f 64 69 76 3e 0a 20
20 20 20 20 20 20 20 3c  2f 3e 0a 20 20 20 20 29
3b 0a 7d 3b 0a 0a 63 6f  6e 73 74 20 53 6b 69 6c
6c 52 75 6e 45 76 69 64  65 6e 63 65 20 3d 20 28
7b 20 73 74 61 74 75 73  2c 20 72 75 6e 53 74 61
74 65 2c 20 74 65 78 74  20 7d 3a 20 7b 20 73 74
61 74 75 73 3a 20 53 6b  69 6c 6c 52 75 6e 53 74
61 74 75 73 56 69 65 77  20 7c 20 6e 75 6c 6c 3b
20 72 75 6e 53 74 61 74  65 3a 20 27 69 64 6c 65
27 20 7c 20 27 72 75 6e  6e 69 6e 67 27 20 7c 20
27 64 6f 6e 65 27 20 7c  20 27 65 72 72 6f 72 27
20 7c 20 27 63 61 6e 63  65 6c 6c 65 64 27 3b 20
74 65 78 74 3a 20 74 79  70 65 6f 66 20 6c 61 62
65 6c 73 2e 7a 68 20 7d  29 20 3d 3e 20 7b 0a 20
20 20 20 63 6f 6e 73 74  20 73 74 65 70 73 20 3d
20 28 73 74 61 74 75 73  3f 2e 73 74 65 70 73 20
7c 7c 20 5b 5d 29 2e 73  6c 69 63 65 28 30 2c 20
36 29 3b 0a 20 20 20 20  69 66 20 28 72 75 6e 53
74 61 74 65 20 3d 3d 3d  20 27 69 64 6c 65 27 20
26 26 20 73 74 65 70 73  2e 6c 65 6e 67 74 68 20
3d 3d 3d 20 30 29 20 7b  0a 20 20 20 20 20 20 20
20 72 65 74 75 72 6e 20  3c 64 69 76 20 63 6c 61
73 73 4e 61 6d 65 3d 22  61 70 70 73 2d 72 75 6e
2d 65 76 69 64 65 6e 63  65 20 61 70 70 73 2d 72
75 6e 2d 65 76 69 64 65  6e 63 65 2d 2d 65 6d 70
74 79 22 3e 7b 74 65 78  74 2e 6e 6f 52 75 6e 45
76 69 64 65 6e 63 65 7d  3c 2f 64 69 76 3e 3b 0a
20 20 20 20 7d 0a 20 20  20 20 72 65 74 75 72 6e
20 28 0a 20 20 20 20 20  20 20 20 3c 73 65 63 74
69 6f 6e 20 63 6c 61 73  73 4e 61 6d 65 3d 22 61
70 70 73 2d 72 75 6e 2d  65 76 69 64 65 6e 63 65
22 3e 0a 20 20 20 20 20  20 20 20 20 20 20 20 3c
64 69 76 20 63 6c 61 73  73 4e 61 6d 65 3d 22 61
70 70 73 2d 72 75 6e 2d  65 76 69 64 65 6e 63 65
5f 5f 68 65 61 64 65 72  22 3e 0a 20 20 20 20 20
20 20 20 20 20 20 20 20  20 20 20 3c 73 74 72 6f
6e 67 3e 7b 74 65 78 74  2e 72 75 6e 53 74 65 70
73 7d 3c 2f 73 74 72 6f  6e 67 3e 0a 20 20 20 20
20 20 20 20 20 20 20 20  20 20 20 20 3c 73 70 61
6e 3e 7b 73 74 61 74 75  73 3f 2e 74 6f 74 61 6c
5f 73 74 65 70 73 20 3f  20 60 24 7b 73 74 65 70
73 2e 6c 65 6e 67 74 68  7d 2f 24 7b 73 74 61 74
75 73 2e 74 6f 74 61 6c  5f 73 74 65 70 73 7d 60
20 3a 20 73 74 65 70 73  2e 6c 65 6e 67 74 68 7d
3c 2f 73 70 61 6e 3e 0a  20 20 20 20 20 20 20 20
20 20 20 20 3c 2f 64 69  76 3e 0a 20 20 20 20 20
20 20 20 20 20 20 20 7b  73 74 65 70 73 2e 6c 65
6e 67 74 68 20 3e 20 30  20 3f 20 28 0a 20 20 20
20 20 20 20 20 20 20 20  20 20 20 20 20 3c 64 69
76 20 63 6c 61 73 73 4e  61 6d 65 3d 22 61 70 70
73 2d 72 75 6e 2d 73 74  65 70 73 22 3e 0a 20 20
20 20 20 20 20 20 20 20  20 20 20 20 20 20 20 20
20 20 7b 73 74 65 70 73  2e 6d 61 70 28 28 73 74
65 70 2c 20 69 6e 64 65  78 29 20 3d 3e 20 28 0a
20 20 20 20 20 20 20 20  20 20 20 20 20 20 20 20
20 20 20 20 20 20 20 20  3c 64 69 76 20 63 6c 61
73 73 4e 61 6d 65 3d 22  61 70 70 73 2d 72 75 6e
2d 73 74 65 70 22 20 64  61 74 61 2d 73 74 61 74
65 3d 7b 6e 6f 72 6d 61  6c 69 7a 65 53 6b 69 6c
6c 52 75 6e 4c 69 66 65  63 79 63 6c 65 28 73 74
65 70 2e 73 74 61 74 75  73 29 7d 20 6b 65 79 3d
7b 60 24 7b 73 74 65 70  2e 69 6e 64 65 78 20 3f
3f 20 69 6e 64 65 78 7d  2d 24 7b 63 6f 6d 70 61
63 74 53 74 65 70 4c 61  62 65 6c 28 73 74 65 70
29 7d 60 7d 3e 0a 20 20  20 20 20 20 20 20 20 20
20 20 20 20 20 20 20 20  20 20 20 20 20 20 20 20
20 20 3c 73 70 61 6e 20  63 6c 61 73 73 4e 61 6d
65 3d 22 61 70 70 73 2d  72 75 6e 2d 73 74 65 70
5f 5f 64 6f 74 22 20 2f  3e 0a 20 20 20 20 20 20
20 20 20 20 20 20 20 20  20 20 20 20 20 20 20 20
20 20 20 20 20 20 3c 64  69 76 3e 0a 20 20 20 20
20 20 20 20 20 20 20 20  20 20 20 20 20 20 20 20
20 20 20 20 20 20 20 20  20 20 20 20 3c 73 74 72
6f 6e 67 3e 7b 63 6f 6d  70 61 63 74 53 74 65 70
4c 61 62 65 6c 28 73 74  65 70 29 7d 3c 2f 73 74
72 6f 6e 67 3e 0a 20 20  20 20 20 20 20 20 20 20
20 20 20 20 20 20 20 20  20 20 20 20 20 20 20 20
20 20 20 20 20 20 3c 73  70 61 6e 3e 7b 5b 73 74
65 70 2e 73 74 61 74 75  73 2c 20 73 74 65 70 2e
64 75 72 61 74 69 6f 6e  5f 6d 73 20 3f 20 60 24
7b 73 74 65 70 2e 64 75  72 61 74 69 6f 6e 5f 6d
73 7d 6d 73 60 20 3a 20  27 27 2c 20 63 6f 6d 70
61 63 74 53 74 65 70 44  65 74 61 69 6c 28 73 74
65 70 29 5d 2e 66 69 6c  74 65 72 28 42 6f 6f 6c
65 61 6e 29 2e 6a 6f 69  6e 28 27 20 c2 b7 20 27
29 7d 3c 2f 73 70 61 6e  3e 0a 20 20 20 20 20 20
20 20 20 20 20 20 20 20  20 20 20 20 20 20 20 20
20 20 20 20 20 20 3c 2f  64 69 76 3e 0a 20 20 20
20 20 20 20 20 20 20 20  20 20 20 20 20 20 20 20
20 20 20 20 20 3c 2f 64  69 76 3e 0a 20 20 20 20
20 20 20 20 20 20 20 20  20 20 20 20 20 20 20 20
29 29 7d 0a 20 20 20 20  20 20 20 20 20 20 20 20
20 20 20 20 3c 2f 64 69  76 3e 0a 20 20 20 20 20
20 20 20 20 20 20 20 29  20 3a 20 28 0a 20 20 20
20 20 20 20 20 20 20 20  20 20 20 20 20 3c 64 69
76 20 63 6c 61 73 73 4e  61 6d 65 3d 22 61 70 70
73 2d 72 75 6e 2d 65 76  69 64 65 6e 63 65 5f 5f
6d 75 74 65 64 22 3e 7b  72 75 6e 53 74 61 74 65
20 3d 3d 3d 20 27 72 75  6e 6e 69 6e 67 27 20 3f
20 74 65 78 74 2e 73 6b  69 6c 6c 52 75 6e 52 75
6e 6e 69 6e 67 20 3a 20  74 65 78 74 2e 6e 6f 52
75 6e 45 76 69 64 65 6e  63 65 7d 3c 2f 64 69 76
3e 0a 20 20 20 20 20 20  20 20 20 20 20 20 29 7d
0a 20 20 20 20 20 20 20  20 3c 2f 73 65 63 74 69
6f 6e 3e 0a 20 20 20 20  29 3b 0a 7d 3b 0a 0a 63
6f 6e 73 74 20 41 70 70  52 75 6e 4f 75 74 70 75
74 20 3d 20 28 7b 20 73  74 61 74 75 73 2c 20 72
75 6e 53 74 61 74 65 2c  20 72 65 73 75 6c 74 54
65 78 74 2c 20 69 73 54  6f 6f 6c 2c 20 74 65 78
74 20 7d 3a 20 7b 20 73  74 61 74 75 73 3a 20 53
6b 69 6c 6c 52 75 6e 53  74 61 74 75 73 56 69 65
77 20 7c 20 6e 75 6c 6c  3b 20 72 75 6e 53 74 61
74 65 3a 20 27 69 64 6c  65 27 20 7c 20 27 72 75
6e 6e 69 6e 67 27 20 7c  20 27 64 6f 6e 65 27 20
7c 20 27 65 72 72 6f 72  27 20 7c 20 27 63 61 6e
63 65 6c 6c 65 64 27 3b  20 72 65 73 75 6c 74 54
65 78 74 3a 20 73 74 72  69 6e 67 3b 20 69 73 54
6f 6f 6c 3a 20 62 6f 6f  6c 65 61 6e 3b 20 74 65
78 74 3a 20 74 79 70 65  6f 66 20 6c 61 62 65 6c
73 2e 7a 68 20 7d 29 20  3d 3e 20 7b 0a 20 20 20
20 63 6f 6e 73 74 20 61  72 74 69 66 61 63 74 20
3d 20 73 6b 69 6c 6c 52  75 6e 50 72 69 6d 61 72
79 41 72 74 69 66 61 63  74 28 73 74 61 74 75 73
29 3b 0a 20 20 20 20 63  6f 6e 73 74 20 61 72 74
69 66 61 63 74 50 61 74  68 20 3d 20 53 74 72 69
6e 67 28 61 72 74 69 66  61 63 74 3f 2e 70 61 74
68 20 7c 7c 20 27 27 29  2e 74 72 69 6d 28 29 3b
0a 20 20 20 20 63 6f 6e  73 74 20 61 72 74 69 66
61 63 74 49 44 20 3d 20  53 74 72 69 6e 67 28 61
72 74 69 66 61 63 74 3f  2e 69 64 20 7c 7c 20 27
27 29 2e 74 72 69 6d 28  29 3b 0a 20 20 20 20 63
6f 6e 73 74 20 61 72 74  69 66 61 63 74 55 52 49
20 3d 20 53 74 72 69 6e  67 28 61 72 74 69 66 61
63 74 3f 2e 75 72 69 20  7c 7c 20 27 27 29 2e 74
72 69 6d 28 29 3b 0a 20  20 20 20 63 6f 6e 73 74
20 72 75 6e 49 44 20 3d  20 53 74 72 69 6e 67 28
73 74 61 74 75 73 3f 2e  72 75 6e 5f 69 64 20 7c
7c 20 27 27 29 2e 74 72  69 6d 28 29 3b 0a 20 20
20 20 63 6f 6e 73 74 20  61 72 74 69 66 61 63 74
53 74 61 74 75 73 20 3d  20 53 74 72 69 6e 67 28
61 72 74 69 66 61 63 74  3f 2e 73 74 61 74 75 73
20 7c 7c 20 73 74 61 74  75 73 3f 2e 73 75 6d 6d
61 72 79 3f 2e 61 72 74  69 66 61 63 74 5f 73 74
61 74 75 73 20 7c 7c 20  27 27 29 2e 74 72 69 6d
28 29 3b 0a 20 20 20 20  63 6f 6e 73 74 20 61 72
74 69 66 61 63 74 4c 61  62 65 6c 20 3d 20 61 72
74 69 66 61 63 74 53 74  61 74 75 73 4c 61 62 65
6c 28 73 74 61 74 75 73  2c 20 74 65 78 74 29 3b
0a 20 20 20 20 63 6f 6e  73 74 20 61 72 74 69 66
61 63 74 4e 61 6d 65 20  3d 20 53 74 72 69 6e 67
28 61 72 74 69 66 61 63  74 3f 2e 6e 61 6d 65 20
7c 7c 20 61 72 74 69 66  61 63 74 50 61 74 68 2e
73 70 6c 69 74 28 2f 5b  5c 5c 2f 5d 2f 29 2e 70
6f 70 28 29 20 7c 7c 20  27 27 29 2e 74 72 69 6d
28 29 3b 0a 20 20 20 20  63 6f 6e 73 74 20 61 72
74 69 66 61 63 74 44 6f  77 6e 6c 6f 61 64 53 74
61 74 65 20 3d 20 53 74  72 69 6e 67 28 61 72 74
69 66 61 63 74 3f 2e 64  6f 77 6e 6c 6f 61 64 5f
73 74 61 74 65 20 7c 7c  20 27 27 29 2e 74 72 69
6d 28 29 2e 74 6f 4c 6f  77 65 72 43 61 73 65 28
29 3b 0a 20 20 20 20 63  6f 6e 73 74 20 61 72 74
69 66 61 63 74 52 65 6d  6f 74 65 4f 6e 6c 79 20
3d 20 61 72 74 69 66 61  63 74 44 6f 77 6e 6c 6f
61 64 53 74 61 74 65 20  3d 3d 3d 20 27 72 65 6d
6f 74 65 27 20 26 26 20  21 61 72 74 69 66 61 63
74 50 61 74 68 3b 0a 20  20 20 20 63 6f 6e 73 74
20 61 72 74 69 66 61 63  74 4d 65 74 61 20 3d 20
5b 61 72 74 69 66 61 63  74 4e 61 6d 65 2c 20 61
72 74 69 66 61 63 74 3f  2e 6d 69 6d 65 5f 74 79
70 65 2c 20 61 72 74 69  66 61 63 74 3f 2e 73 69
7a 65 5f 62 79 74 65 73  20 3f 20 60 24 7b 61 72
74 69 66 61 63 74 2e 73  69 7a 65 5f 62 79 74 65
73 7d 20 62 79 74 65 73  60 20 3a 20 27 27 2c 20
61 72 74 69 66 61 63 74  52 65 6d 6f 74 65 4f 6e
6c 79 20 3f 20 27 72 65  6d 6f 74 65 27 20 3a 20
27 27 5d 2e 66 69 6c 74  65 72 28 42 6f 6f 6c 65
61 6e 29 2e 6a 6f 69 6e  28 27 20 c2 b7 20 27 29
3b 0a 20 20 20 20 63 6f  6e 73 74 20 61 72 74 69
66 61 63 74 52 65 66 20  3d 20 61 72 74 69 66 61
63 74 49 44 20 7c 7c 20  61 72 74 69 66 61 63 74
55 52 49 3b 0a 20 20 20  20 63 6f 6e 73 74 20 68
61 73 41 72 74 69 66 61  63 74 20 3d 20 21 21 28
61 72 74 69 66 61 63 74  52 65 66 20 7c 7c 20 61
72 74 69 66 61 63 74 50  61 74 68 29 3b 0a 20 20
20 20 63 6f 6e 73 74 20  6f 75 74 70 75 74 42 6c
6f 63 6b 73 20 3d 20 73  6b 69 6c 6c 52 75 6e 4f
75 74 70 75 74 42 6c 6f  63 6b 73 28 73 74 61 74
75 73 29 2e 66 69 6c 74  65 72 28 28 62 6c 6f 63
6b 29 20 3d 3e 20 73 6b  69 6c 6c 52 75 6e 4f 75
74 70 75 74 42 6c 6f 63  6b 54 65 78 74 28 62 6c
6f 63 6b 29 29 3b 0a 20  20 20 20 63 6f 6e 73 74
20 73 68 6f 77 54 65 78  74 4f 75 74 70 75 74 20
3d 20 72 75 6e 53 74 61  74 65 20 3d 3d 3d 20 27
64 6f 6e 65 27 20 26 26  20 28 21 69 73 54 6f 6f
6c 20 7c 7c 20 28 21 68  61 73 41 72 74 69 66 61
63 74 20 26 26 20 6f 75  74 70 75 74 42 6c 6f 63
6b 73 2e 6c 65 6e 67 74  68 20 3d 3d 3d 20 30 29
29 3b 0a 20 20 20 20 72  65 74 75 72 6e 20 28 0a
20 20 20 20 20 20 20 20  3c 73 65 63 74 69 6f 6e
20 63 6c 61 73 73 4e 61  6d 65 3d 22 61 70 70 73
2d 72 75 6e 74 69 6d 65  2d 73 65 63 74 69 6f 6e
20 61 70 70 73 2d 72 75  6e 74 69 6d 65 2d 6f 75
74 70 75 74 22 3e 0a 20  20 20 20 20 20 20 20 20
20 20 20 3c 64 69 76 20  63 6c 61 73 73 4e 61 6d
65 3d 22 61 70 70 73 2d  72 75 6e 74 69 6d 65 2d
73 65 63 74 69 6f 6e 5f  5f 74 69 74 6c 65 22 3e
7b 74 65 78 74 2e 72 75  6e 74 69 6d 65 4f 75 74
70 75 74 7d 3c 2f 64 69  76 3e 0a 20 20 20 20 20
20 20 20 20 20 20 20 7b  6f 75 74 70 75 74 42 6c
6f 63 6b 73 2e 6c 65 6e  67 74 68 20 3e 20 30 20
26 26 20 28 0a 20 20 20  20 20 20 20 20 20 20 20
20 20 20 20 20 3c 64 69  76 20 63 6c 61 73 73 4e
61 6d 65 3d 22 61 70 70  73 2d 6f 75 74 70 75 74
2d 62 6c 6f 63 6b 73 22  3e 0a 20 20 20 20 20 20
20 20 20 20 20 20 20 20  20 20 20 20 20 20 7b 6f
75 74 70 75 74 42 6c 6f  63 6b 73 2e 6d 61 70 28
28 62 6c 6f 63 6b 2c 20  69 6e 64 65 78 29 20 3d
3e 20 7b 0a 20 20 20 20  20 20 20 20 20 20 20 20
20 20 20 20 20 20 20 20  20 20 20 20 63 6f 6e 73
74 20 62 6c 6f 63 6b 4b  69 6e 64 20 3d 20 53 74
72 69 6e 67 28 62 6c 6f  63 6b 2e 6b 69 6e 64 20
7c 7c 20 27 74 65 78 74  27 29 2e 74 72 69 6d 28
29 2e 74 6f 4c 6f 77 65  72 43 61 73 65 28 29 3b
0a 20 20 20 20 20 20 20  20 20 20 20 20 20 20 20
20 20 20 20 20 20 20 20  20 63 6f 6e 73 74 20 62
6c 6f 63 6b 54 65 78 74  20 3d 20 73 6b 69 6c 6c
52 75 6e 4f 75 74 70 75  74 42 6c 6f 63 6b 54 65
78 74 28 62 6c 6f 63 6b  29 3b 0a 20 20 20 20 20
20 20 20 20 20 20 20 20  20 20 20 20 20 20 20 20
20 20 20 63 6f 6e 73 74  20 62 6c 6f 63 6b 54 69
74 6c 65 20 3d 20 53 74  72 69 6e 67 28 62 6c 6f
63 6b 2e 74 69 74 6c 65  20 7c 7c 20 28 62 6c 6f
63 6b 4b 69 6e 64 20 3d  3d 3d 20 27 65 72 72 6f
72 27 20 3f 20 27 45 72  72 6f 72 27 20 3a 20 74
65 78 74 2e 6f 75 74 70  75 74 43 6f 6e 74 65 6e
74 29 29 2e 74 72 69 6d  28 29 3b 0a 20 20 20 20
20 20 20 20 20 20 20 20  20 20 20 20 20 20 20 20
20 20 20 20 63 6f 6e 73  74 20 62 6c 6f 63 6b 41
72 74 69 66 61 63 74 20  3d 20 62 6c 6f 63 6b 2e
61 72 74 69 66 61 63 74  3b 0a 20 20 20 20 20 20
20 20 20 20 20 20 20 20  20 20 20 20 20 20 20 20
20 20 63 6f 6e 73 74 20  62 6c 6f 63 6b 41 72 74
69 66 61 63 74 52 65 66  20 3d 20 53 74 72 69 6e
67 28 62 6c 6f 63 6b 2e  61 72 74 69 66 61 63 74
5f 69 64 20 7c 7c 20 62  6c 6f 63 6b 41 72 74 69
66 61 63 74 3f 2e 69 64  20 7c 7c 20 62 6c 6f 63
6b 41 72 74 69 66 61 63  74 3f 2e 75 72 69 20 7c
7c 20 27 27 29 2e 74 72  69 6d 28 29 3b 0a 20 20
20 20 20 20 20 20 20 20  20 20 20 20 20 20 20 20
20 20 20 20 20 20 63 6f  6e 73 74 20 62 6c 6f 63
6b 41 72 74 69 66 61 63  74 50 61 74 68 20 3d 20
53 74 72 69 6e 67 28 62  6c 6f 63 6b 41 72 74 69
66 61 63 74 3f 2e 70 61  74 68 20 7c 7c 20 27 27
29 2e 74 72 69 6d 28 29  3b 0a 20 20 20 20 20 20
20 20 20 20 20 20 20 20  20 20 20 20 20 20 20 20
20 20 63 6f 6e 73 74 20  62 6c 6f 63 6b 52 65 6d
6f 74 65 4f 6e 6c 79 20  3d 20 53 74 72 69 6e 67
28 62 6c 6f 63 6b 41 72  74 69 66 61 63 74 3f 2e
64 6f 77 6e 6c 6f 61 64  5f 73 74 61 74 65 20 7c
7c 20 27 27 29 2e 74 72  69 6d 28 29 2e 74 6f 4c
6f 77 65 72 43 61 73 65  28 29 20 3d 3d 3d 20 27
72 65 6d 6f 74 65 27 20  26 26 20 21 62 6c 6f 63
6b 41 72 74 69 66 61 63  74 50 61 74 68 3b 0a 20
20 20 20 20 20 20 20 20  20 20 20 20 20 20 20 20
20 20 20 20 20 20 20 72  65 74 75 72 6e 20 28 0a
20 20 20 20 20 20 20 20  20 20 20 20 20 20 20 20
20 20 20 20 20 20 20 20  20 20 20 20 3c 64 69 76
20 63 6c 61 73 73 4e 61  6d 65 3d 22 61 70 70 73
2d 6f 75 74 70 75 74 2d  62 6c 6f 63 6b 22 20 64
61 74 61 2d 6b 69 6e 64  3d 7b 62 6c 6f 63 6b 4b
69 6e 64 7d 20 6b 65 79  3d 7b 62 6c 6f 63 6b 2e
69 64 20 7c 7c 20 60 24  7b 62 6c 6f 63 6b 4b 69
6e 64 7d 2d 24 7b 69 6e  64 65 78 7d 60 7d 3e 0a
20 20 20 20 20 20 20 20  20 20 20 20 20 20 20 20
20 20 20 20 20 20 20 20  20 20 20 20 20 20 20 20
3c 73 70 61 6e 3e 7b 62  6c 6f 63 6b 54 69 74 6c
65 7d 3c 2f 73 70 61 6e  3e 0a 20 20 20 20 20 20
20 20 20 20 20 20 20 20  20 20 20 20 20 20 20 20
20 20 20 20 20 20 20 20  20 20 7b 62 6c 6f 63 6b
54 65 78 74 20 26 26 20  3c 70 72 65 3e 7b 62 6c
6f 63 6b 54 65 78 74 7d  3c 2f 70 72 65 3e 7d 0a
20 20 20 20 20 20 20 20  20 20 20 20 20 20 20 20
20 20 20 20 20 20 20 20  20 20 20 20 20 20 20 20
7b 62 6c 6f 63 6b 41 72  74 69 66 61 63 74 52 65
66 20 26 26 20 28 0a 20  20 20 20 20 20 20 20 20
20 20 20 20 20 20 20 20  20 20 20 20 20 20 20 20
20 20 20 20 20 20 20 20  20 20 20 3c 64 69 76 20
63 6c 61 73 73 4e 61 6d  65 3d 22 61 70 70 73 2d
6f 75 74 70 75 74 2d 62  6c 6f 63 6b 5f 5f 61 63
74 69 6f 6e 73 22 3e 0a  20 20 20 20 20 20 20 20
20 20 20 20 20 20 20 20  20 20 20 20 20 20 20 20
20 20 20 20 20 20 20 20  20 20 20 20 20 20 20 20
3c 62 75 74 74 6f 6e 20  63 6c 61 73 73 4e 61 6d
65 3d 22 61 70 70 73 2d  6c 69 6e 6b 2d 62 75 74
74 6f 6e 22 20 74 79 70  65 3d 22 62 75 74 74 6f
6e 22 20 6f 6e 43 6c 69  63 6b 3d 7b 28 29 20 3d
3e 20 76 6f 69 64 20 6f  70 65 6e 53 6b 69 6c 6c
52 75 6e 41 72 74 69 66  61 63 74 46 72 6f 6d 55
49 28 72 75 6e 49 44 2c  20 62 6c 6f 63 6b 41 72
74 69 66 61 63 74 52 65  66 2c 20 62 6c 6f 63 6b
41 72 74 69 66 61 63 74  50 61 74 68 2c 20 62 6c
6f 63 6b 52 65 6d 6f 74  65 4f 6e 6c 79 29 7d 3e
7b 62 6c 6f 63 6b 52 65  6d 6f 74 65 4f 6e 6c 79
20 3f 20 74 65 78 74 2e  64 6f 77 6e 6c 6f 61 64
41 72 74 69 66 61 63 74  20 3a 20 74 65 78 74 2e
6f 70 65 6e 41 72 74 69  66 61 63 74 7d 3c 2f 62
75 74 74 6f 6e 3e 0a 20  20 20 20 20 20 20 20 20
20 20 20 20 20 20 20 20  20 20 20 20 20 20 20 20
20 20 20 20 20 20 20 20  20 20 20 3c 2f 64 69 76
3e 0a 20 20 20 20 20 20  20 20 20 20 20 20 20 20
20 20 20 20 20 20 20 20  20 20 20 20 20 20 20 20
20 20 29 7d 0a 20 20 20  20 20 20 20 20 20 20 20
20 20 20 20 20 20 20 20  20 20 20 20 20 20 20 20
20 3c 2f 64 69 76 3e 0a  20 20 20 20 20 20 20 20
20 20 20 20 20 20 20 20  20 20 20 20 20 20 20 20
29 3b 0a 20 20 20 20 20  20 20 20 20 20 20 20 20
20 20 20 20 20 20 20 7d  29 7d 0a 20 20 20 20 20
20 20 20 20 20 20 20 20  20 20 20 3c 2f 64 69 76
3e 0a 20 20 20 20 20 20  20 20 20 20 20 20 29 7d
0a 20 20 20 20 20 20 20  20 20 20 20 20 7b 68 61
73 41 72 74 69 66 61 63  74 20 3f 20 28 0a 20 20
20 20 20 20 20 20 20 20  20 20 20 20 20 20 3c 64
69 76 20 63 6c 61 73 73  4e 61 6d 65 3d 22 61 70
70 73 2d 72 75 6e 2d 61  72 74 69 66 61 63 74 22
3e 0a 20 20 20 20 20 20  20 20 20 20 20 20 20 20
20 20 20 20 20 20 3c 73  70 61 6e 3e 7b 74 65 78
74 2e 72 75 6e 41 72 74  69 66 61 63 74 73 7d 3c
2f 73 70 61 6e 3e 0a 20  20 20 20 20 20 20 20 20
20 20 20 20 20 20 20 20  20 20 20 3c 73 74 72 6f
6e 67 3e 7b 61 72 74 69  66 61 63 74 4c 61 62 65
6c 20 7c 7c 20 61 72 74  69 66 61 63 74 53 74 61
74 75 73 20 7c 7c 20 74  65 78 74 2e 61 72 74 69
66 61 63 74 52 65 61 64  79 7d 3c 2f 73 74 72 6f
6e 67 3e 0a 20 20 20 20  20 20 20 20 20 20 20 20
20 20 20 20 20 20 20 20  7b 61 72 74 69 66 61 63
74 4d 65 74 61 20 26 26  20 3c 73 70 61 6e 3e 7b
61 72 74 69 66 61 63 74  4d 65 74 61 7d 3c 2f 73
70 61 6e 3e 7d 0a 20 20  20 20 20 20 20 20 20 20
20 20 20 20 20 20 20 20  20 20 3c 63 6f 64 65 3e
7b 61 72 74 69 66 61 63  74 55 52 49 20 7c 7c 20
61 72 74 69 66 61 63 74  4e 61 6d 65 20 7c 7c 20
61 72 74 69 66 61 63 74  50 61 74 68 7d 3c 2f 63
6f 64 65 3e 0a 20 20 20  20 20 20 20 20 20 20 20
20 20 20 20 20 20 20 20  20 3c 64 69 76 20 63 6c
61 73 73 4e 61 6d 65 3d  22 61 70 70 73 2d 72 75
6e 2d 61 72 74 69 66 61  63 74 5f 5f 61 63 74 69
6f 6e 73 22 3e 0a 20 20  20 20 20 20 20 20 20 20
20 20 20 20 20 20 20 20  20 20 20 20 20 20 3c 62
75 74 74 6f 6e 20 63 6c  61 73 73 4e 61 6d 65 3d
22 61 70 70 73 2d 6c 69  6e 6b 2d 62 75 74 74 6f
6e 22 20 74 79 70 65 3d  22 62 75 74 74 6f 6e 22
20 64 69 73 61 62 6c 65  64 3d 7b 21 61 72 74 69
66 61 63 74 52 65 66 20  26 26 20 21 61 72 74 69
66 61 63 74 50 61 74 68  7d 20 6f 6e 43 6c 69 63
6b 3d 7b 28 29 20 3d 3e  20 76 6f 69 64 20 6f 70
65 6e 53 6b 69 6c 6c 52  75 6e 41 72 74 69 66 61
63 74 46 72 6f 6d 55 49  28 72 75 6e 49 44 2c 20
61 72 74 69 66 61 63 74  52 65 66 2c 20 61 72 74
69 66 61 63 74 50 61 74  68 2c 20 61 72 74 69 66
61 63 74 52 65 6d 6f 74  65 4f 6e 6c 79 29 7d 3e
7b 61 72 74 69 66 61 63  74 52 65 6d 6f 74 65 4f
6e 6c 79 20 3f 20 74 65  78 74 2e 64 6f 77 6e 6c
6f 61 64 41 72 74 69 66  61 63 74 20 3a 20 74 65
78 74 2e 6f 70 65 6e 41  72 74 69 66 61 63 74 7d
3c 2f 62 75 74 74 6f 6e  3e 0a 20 20 20 20 20 20
20 20 20 20 20 20 20 20  20 20 20 20 20 20 20 20
20 20 3c 62 75 74 74 6f  6e 20 63 6c 61 73 73 4e
61 6d 65 3d 22 61 70 70  73 2d 6c 69 6e 6b 2d 62
75 74 74 6f 6e 22 20 74  79 70 65 3d 22 62 75 74
74 6f 6e 22 20 64 69 73  61 62 6c 65 64 3d 7b 21
61 72 74 69 66 61 63 74  52 65 66 20 26 26 20 21
61 72 74 69 66 61 63 74  50 61 74 68 7d 20 6f 6e
43 6c 69 63 6b 3d 7b 28  29 20 3d 3e 20 76 6f 69
64 20 72 65 76 65 61 6c  53 6b 69 6c 6c 52 75 6e
41 72 74 69 66 61 63 74  46 72 6f 6d 55 49 28 72
75 6e 49 44 2c 20 61 72  74 69 66 61 63 74 52 65
66 2c 20 61 72 74 69 66  61 63 74 50 61 74 68 29
7d 3e 7b 74 65 78 74 2e  72 65 76 65 61 6c 41 72
74 69 66 61 63 74 7d 3c  2f 62 75 74 74 6f 6e 3e
0a 20 20 20 20 20 20 20  20 20 20 20 20 20 20 20
20 20 20 20 20 3c 2f 64  69 76 3e 0a 20 20 20 20
20 20 20 20 20 20 20 20  20 20 20 20 3c 2f 64 69
76 3e 0a 20 20 20 20 20  20 20 20 20 20 20 20 29
20 3a 20 6f 75 74 70 75  74 42 6c 6f 63 6b 73 2e
6c 65 6e 67 74 68 20 3d  3d 3d 20 30 20 26 26 20
73 68 6f 77 54 65 78 74  4f 75 74 70 75 74 20 3f
20 28 0a 20 20 20 20 20  20 20 20 20 20 20 20 20
20 20 20 3c 64 69 76 20  63 6c 61 73 73 4e 61 6d
65 3d 22 61 70 70 73 2d  6f 75 74 70 75 74 2d 74
65 78 74 22 3e 0a 20 20  20 20 20 20 20 20 20 20
20 20 20 20 20 20 20 20  20 20 3c 73 70 61 6e 3e
7b 74 65 78 74 2e 6f 75  74 70 75 74 54 65 78 74
7d 3c 2f 73 70 61 6e 3e  0a 20 20 20 20 20 20 20
20 20 20 20 20 20 20 20  20 20 20 20 20 3c 70 72
65 3e 7b 72 65 73 75 6c  74 54 65 78 74 7d 3c 2f
70 72 65 3e 0a 20 20 20  20 20 20 20 20 20 20 20
20 20 20 20 20 3c 2f 64  69 76 3e 0a 20 20 20 20
20 20 20 20 20 20 20 20  29 20 3a 20 6f 75 74 70
75 74 42 6c 6f 63 6b 73  2e 6c 65 6e 67 74 68 20
3d 3d 3d 20 30 20 3f 20  28 0a 20 20 20 20 20 20
20 20 20 20 20 20 20 20  20 20 3c 64 69 76 20 63
6c 61 73 73 4e 61 6d 65  3d 22 61 70 70 73 2d 6f
75 74 70 75 74 2d 65 6d  70 74 79 22 3e 7b 61 72
74 69 66 61 63 74 53 74  61 74 75 73 20 7c 7c 20
61 72 74 69 66 61 63 74  4c 61 62 65 6c 20 7c 7c
20 74 65 78 74 2e 6e 6f  4f 75 74 70 75 74 59 65
74 7d 3c 2f 64 69 76 3e  0a 20 20 20 20 20 20 20
20 20 20 20 20 29 20 3a  20 6e 75 6c 6c 7d 0a 20
20 20 20 20 20 20 20 3c  2f 73 65 63 74 69 6f 6e
3e 0a 20 20 20 20 29 3b  0a 7d 3b 0a 0a 66 75 6e
63 74 69 6f 6e 20 73 74  61 62 6c 65 53 74 72 69
6e 67 69 66 79 28 76 61  6c 75 65 3a 20 61 6e 79
29 3a 20 73 74 72 69 6e  67 20 7b 0a 20 20 20 20
69 66 20 28 41 72 72 61  79 2e 69 73 41 72 72 61
79 28 76 61 6c 75 65 29  29 20 72 65 74 75 72 6e
20 60 5b 24 7b 76 61 6c  75 65 2e 6d 61 70 28 28
69 74 65 6d 29 20 3d 3e  20 73 74 61 62 6c 65 53
74 72 69 6e 67 69 66 79  28 69 74 65 6d 29 29 2e
6a 6f 69 6e 28 27 2c 27  29 7d 5d 60 3b 0a 20 20
20 20 69 66 20 28 76 61  6c 75 65 20 26 26 20 74
79 70 65 6f 66 20 76 61  6c 75 65 20 3d 3d 3d 20
27 6f 62 6a 65 63 74 27  29 20 7b 0a 20 20 20 20
20 20 20 20 72 65 74 75  72 6e 20 60 7b 24 7b 4f
62 6a 65 63 74 2e 6b 65  79 73 28 76 61 6c 75 65
29 2e 73 6f 72 74 28 29  2e 6d 61 70 28 28 6b 65
79 29 20 3d 3e 20 60 24  7b 4a 53 4f 4e 2e 73 74
72 69 6e 67 69 66 79 28  6b 65 79 29 7d 3a 24 7b
73 74 61 62 6c 65 53 74  72 69 6e 67 69 66 79 28
76 61 6c 75 65 5b 6b 65  79 5d 29 7d 60 29 2e 6a
6f 69 6e 28 27 2c 27 29  7d 7d 60 3b 0a 20 20 20
20 7d 0a 20 20 20 20 72  65 74 75 72 6e 20 4a 53
4f 4e 2e 73 74 72 69 6e  67 69 66 79 28 76 61 6c
75 65 29 3b 0a 7d 0a 0a  66 75 6e 63 74 69 6f 6e
20 74 65 78 74 48 61 73  68 28 76 61 6c 75 65 3a
20 73 74 72 69 6e 67 29  3a 20 73 74 72 69 6e 67
20 7b 0a 20 20 20 20 6c  65 74 20 68 61 73 68 20
3d 20 32 31 36 36 31 33  36 32 36 31 3b 0a 20 20
20 20 66 6f 72 20 28 6c  65 74 20 69 20 3d 20 30
3b 20 69 20 3c 20 76 61  6c 75 65 2e 6c 65 6e 67
74 68 3b 20 69 20 2b 3d  20 31 29 20 7b 0a 20 20
20 20 20 20 20 20 68 61  73 68 20 5e 3d 20 76 61
6c 75 65 2e 63 68 61 72  43 6f 64 65 41 74 28 69
29 3b 0a 20 20 20 20 20  20 20 20 68 61 73 68 20
3d 20 4d 61 74 68 2e 69  6d 75 6c 28 68 61 73 68
2c 20 31 36 37 37 37 36  31 39 29 3b 0a 20 20 20
20 7d 0a 20 20 20 20 72  65 74 75 72 6e 20 28 68
61 73 68 20 3e 3e 3e 20  30 29 2e 74 6f 53 74 72
69 6e 67 28 31 36 29 2e  70 61 64 53 74 61 72 74
28 38 2c 20 27 30 27 29  3b 0a 7d 0a 0a 66 75 6e
63 74 69 6f 6e 20 61 70  70 44 65 66 69 6e 69 74
69 6f 6e 46 69 6e 67 65  72 70 72 69 6e 74 28 61
70 70 3a 20 41 70 70 45  6e 74 72 79 29 3a 20 73
74 72 69 6e 67 20 7b 0a  20 20 20 20 63 6f 6e 73
74 20 6d 61 6e 69 66 65  73 74 20 3d 20 61 70 70
2e 6d 61 6e 69 66 65 73  74 3b 0a 20 20 20 20 63
6f 6e 73 74 20 72 75 6e  74 69 6d 65 4d 61 6e 69
66 65 73 74 20 3d 20 6d  61 6e 69 66 65 73 74 20
3f 20 7b 0a 20 20 20 20  20 20 20 20 73 63 68 65
6d 61 3a 20 6d 61 6e 69  66 65 73 74 2e 73 63 68
65 6d 61 2c 0a 20 20 20  20 20 20 20 20 69 6e 73
74 61 6c 6c 55 6e 69 74  3a 20 6d 61 6e 69 66 65
73 74 2e 69 6e 73 74 61  6c 6c 55 6e 69 74 2c 0a
20 20 20 20 20 20 20 20  70 72 69 76 61 74 65 4d
61 72 6b 65 72 3a 20 6d  61 6e 69 66 65 73 74 2e
70 72 69 76 61 74 65 4d  61 72 6b 65 72 2c 0a 20
20 20 20 20 20 20 20 65  6e 74 72 79 4b 69 6e 64
3a 20 6d 61 6e 69 66 65  73 74 2e 65 6e 74 72 79
4b 69 6e 64 2c 0a 20 20  20 20 20 20 20 20 6c 61
75 6e 63 68 4d 6f 64 65  3a 20 6d 61 6e 69 66 65
73 74 2e 6c 61 75 6e 63  68 4d 6f 64 65 2c 0a 20
20 20 20 20 20 20 20 2e  2e 2e 28 6d 61 6e 69 66
65 73 74 2e 64 61 74 61  73 72 76 20 3f 20 7b 20
64 61 74 61 73 72 76 3a  20 6d 61 6e 69 66 65 73
74 2e 64 61 74 61 73 72  76 20 7d 20 3a 20 7b 7d
29 2c 0a 20 20 20 20 20  20 20 20 2e 2e 2e 28 6d
61 6e 69 66 65 73 74 2e  73 6b 69 6c 6c 20 3f 20
7b 20 73 6b 69 6c 6c 3a  20 6d 61 6e 69 66 65 73
74 2e 73 6b 69 6c 6c 20  7d 20 3a 20 7b 7d 29 2c
0a 20 20 20 20 7d 20 3a  20 75 6e 64 65 66 69 6e
65 64 3b 0a 20 20 20 20  72 65 74 75 72 6e 20 74
65 78 74 48 61 73 68 28  73 74 61 62 6c 65 53 74
72 69 6e 67 69 66 79 28  7b 0a 20 20 20 20 20 20
20 20 6e 61 6d 65 3a 20  61 70 70 2e 6e 61 6d 65
2c 0a 20 20 20 20 20 20  20 20 64 65 73 63 72 69
70 74 69 6f 6e 3a 20 61  70 70 2e 64 65 73 63 72
69 70 74 69 6f 6e 2c 0a  20 20 20 20 20 20 20 20
63 61 74 65 67 6f 72 79  3a 20 61 70 70 2e 63 61
74 65 67 6f 72 79 2c 0a  20 20 20 20 20 20 20 20
6b 69 6e 64 3a 20 61 70  70 2e 6b 69 6e 64 2c 0a
20 20 20 20 20 20 20 20  69 63 6f 6e 3a 20 61 70
70 2e 69 63 6f 6e 2c 0a  20 20 20 20 20 20 20 20
76 65 72 73 69 6f 6e 3a  20 6e 6f 72 6d 61 6c 69
7a 65 41 70 70 56 65 72  73 69 6f 6e 28 61 70 70
2e 76 65 72 73 69 6f 6e  29 2c 0a 20 20 20 20 20
20 20 20 6d 61 6e 69 66  65 73 74 3a 20 72 75 6e
74 69 6d 65 4d 61 6e 69  66 65 73 74 2c 0a 20 20
20 20 7d 29 29 3b 0a 7d  0a 0a 66 75 6e 63 74 69
6f 6e 20 61 70 70 54 6f  4d 61 6e 69 66 65 73 74
28 61 70 70 3a 20 41 70  70 45 6e 74 72 79 2c 20
73 75 62 6d 69 73 73 69  6f 6e 3f 3a 20 41 70 70
50 75 62 6c 69 73 68 53  75 62 6d 69 73 73 69 6f
6e 29 20 7b 0a 20 20 20  20 63 6f 6e 73 74 20 6d
61 6e 69 66 65 73 74 20  3d 20 61 70 70 2e 6d 61
6e 69 66 65 73 74 3b 0a  20 20 20 20 72 65 74 75
72 6e 20 7b 0a 20 20 20  20 20 20 20 20 73 63 68
65 6d 61 3a 20 6d 61 6e  69 66 65 73 74 3f 2e 73
63 68 65 6d 61 20 7c 7c  20 27 6d 61 63 6c 61 77
2e 61 70 70 2e 76 31 27  2c 0a 20 20 20 20 20 20
20 20 70 72 69 76 61 74  65 4d 61 72 6b 65 72 3a
20 6d 61 6e 69 66 65 73  74 3f 2e 70 72 69 76 61
74 65 4d 61 72 6b 65 72  20 7c 7c 20 27 78 5f 6d
61 63 6c 61 77 5f 61 70  70 73 27 2c 0a 20 20 20
20 20 20 20 20 69 6e 73  74 61 6c 6c 55 6e 69 74
3a 20 6d 61 6e 69 66 65  73 74 3f 2e 69 6e 73 74
61 6c 6c 55 6e 69 74 20  7c 7c 20 27 62 75 69 6c
74 69 6e 27 2c 0a 20 20  20 20 20 20 20 20 61 70
70 3a 20 7b 0a 20 20 20  20 20 20 20 20 20 20 20
20 69 64 3a 20 61 70 70  2e 69 64 2c 0a 20 20 20
20 20 20 20 20 20 20 20  20 6e 61 6d 65 3a 20 61
70 70 2e 6e 61 6d 65 2c  0a 20 20 20 20 20 20 20
20 20 20 20 20 76 65 72  73 69 6f 6e 3a 20 6e 6f
72 6d 61 6c 69 7a 65 41  70 70 56 65 72 73 69 6f
6e 28 61 70 70 2e 76 65  72 73 69 6f 6e 29 2c 0a
20 20 20 20 20 20 20 20  20 20 20 20 64 65 73 63
72 69 70 74 69 6f 6e 3a  20 61 70 70 2e 64 65 73
63 72 69 70 74 69 6f 6e  2c 0a 20 20 20 20 20 20
20 20 20 20 20 20 63 61  74 65 67 6f 72 79 3a 20
61 70 70 2e 63 61 74 65  67 6f 72 79 2c 0a 20 20
20 20 20 20 20 20 20 20  20 20 6b 69 6e 64 3a 20
61 70 70 2e 6b 69 6e 64  2c 0a 20 20 20 20 20 20
20 20 20 20 20 20 69 63  6f 6e 3a 20 61 70 70 2e
69 63 6f 6e 2c 0a 20 20  20 20 20 20 20 20 20 20
20 20 73 6f 75 72 63 65  3a 20 61 70 70 2e 73 6f
75 72 63 65 2c 0a 20 20  20 20 20 20 20 20 20 20
20 20 6c 61 75 6e 63 68  4d 6f 64 65 3a 20 6d 61
6e 69 66 65 73 74 3f 2e  6c 61 75 6e 63 68 4d 6f
64 65 20 7c 7c 20 64 65  66 61 75 6c 74 4c 61 75
6e 63 68 4d 6f 64 65 46  6f 72 4b 69 6e 64 28 61
70 70 2e 6b 69 6e 64 29  2c 0a 20 20 20 20 20 20
20 20 20 20 20 20 62 69  6e 64 69 6e 67 3a 20 7b
0a 20 20 20 20 20 20 20  20 20 20 20 20 20 20 20
20 64 61 74 61 73 72 76  3a 20 6d 61 6e 69 66 65
73 74 3f 2e 64 61 74 61  73 72 76 2c 0a 20 20 20
20 20 20 20 20 20 20 20  20 20 20 20 20 73 6b 69
6c 6c 3a 20 6d 61 6e 69  66 65 73 74 3f 2e 73 6b
69 6c 6c 2c 0a 20 20 20  20 20 20 20 20 20 20 20
20 20 20 20 20 61 70 70  53 6b 69 6c 6c 3a 20 6d
61 6e 69 66 65 73 74 3f  2e 61 70 70 53 6b 69 6c
6c 2c 0a 20 20 20 20 20  20 20 20 20 20 20 20 20
20 20 20 64 65 70 65 6e  64 65 6e 63 69 65 73 3a
20 6d 61 6e 69 66 65 73  74 3f 2e 64 65 70 65 6e
64 65 6e 63 69 65 73 2c  0a 20 20 20 20 20 20 20
20 20 20 20 20 20 20 20  20 75 69 3a 20 6d 61 6e
69 66 65 73 74 3f 2e 75  69 2c 0a 20 20 20 20 20
20 20 20 20 20 20 20 7d  2c 0a 20 20 20 20 20 20
20 20 20 20 20 20 70 61  6e 65 6c 3a 20 7b 0a 20
20 20 20 20 20 20 20 20  20 20 20 20 20 20 20 70
69 6e 6e 65 64 3a 20 21  21 61 70 70 2e 70 69 6e
6e 65 64 2c 0a 20 20 20  20 20 20 20 20 20 20 20
20 20 20 20 20 61 63 63  65 6e 74 3a 20 61 70 70
2e 61 63 63 65 6e 74 2c  0a 20 20 20 20 20 20 20
20 20 20 20 20 7d 2c 0a  20 20 20 20 20 20 20 20
20 20 20 20 67 6f 76 65  72 6e 61 6e 63 65 3a 20
61 70 70 47 6f 76 65 72  6e 61 6e 63 65 46 6f 72
4d 61 6e 69 66 65 73 74  28 61 70 70 2c 20 73 75
62 6d 69 73 73 69 6f 6e  29 2c 0a 20 20 20 20 20
20 20 20 7d 2c 0a 20 20  20 20 7d 3b 0a 7d 0a 0a
66 75 6e 63 74 69 6f 6e  20 61 70 70 73 54 6f 50
61 63 6b 4d 61 6e 69 66  65 73 74 28 61 70 70 73
3a 20 41 70 70 45 6e 74  72 79 5b 5d 2c 20 73 75
62 6d 69 73 73 69 6f 6e  73 3a 20 52 65 63 6f 72
64 3c 73 74 72 69 6e 67  2c 20 41 70 70 50 75 62
6c 69 73 68 53 75 62 6d  69 73 73 69 6f 6e 3e 20
3d 20 7b 7d 29 20 7b 0a  20 20 20 20 72 65 74 75
72 6e 20 7b 0a 20 20 20  20 20 20 20 20 73 63 68
65 6d 61 3a 20 27 6d 61  63 6c 61 77 2e 61 70 70
2e 70 61 63 6b 2e 76 31  27 2c 0a 20 20 20 20 20
20 20 20 70 72 69 76 61  74 65 4d 61 72 6b 65 72
3a 20 27 78 5f 6d 61 63  6c 61 77 5f 61 70 70 73
27 2c 0a 20 20 20 20 20  20 20 20 61 70 70 73 3a
20 61 70 70 73 2e 6d 61  70 28 28 61 70 70 29 20
3d 3e 20 61 70 70 54 6f  4d 61 6e 69 66 65 73 74
28 61 70 70 2c 20 73 75  62 6d 69 73 73 69 6f 6e
73 5b 61 70 70 2e 69 64  5d 29 29 2c 0a 20 20 20
20 7d 3b 0a 7d 0a 0a 61  73 79 6e 63 20 66 75 6e
63 74 69 6f 6e 20 63 6f  70 79 54 65 78 74 54 6f
43 6c 69 70 62 6f 61 72  64 28 74 65 78 74 3a 20
73 74 72 69 6e 67 29 20  7b 0a 20 20 20 20 63 6f
6e 73 74 20 63 6c 69 70  62 6f 61 72 64 20 3d 20
74 79 70 65 6f 66 20 6e  61 76 69 67 61 74 6f 72
20 21 3d 3d 20 27 75 6e  64 65 66 69 6e 65 64 27
20 3f 20 6e 61 76 69 67  61 74 6f 72 2e 63 6c 69
70 62 6f 61 72 64 20 3a  20 75 6e 64 65 66 69 6e
65 64 3b 0a 20 20 20 20  69 66 20 28 63 6c 69 70
62 6f 61 72 64 3f 2e 77  72 69 74 65 54 65 78 74
29 20 7b 0a 20 20 20 20  20 20 20 20 61 77 61 69
74 20 63 6c 69 70 62 6f  61 72 64 2e 77 72 69 74
65 54 65 78 74 28 74 65  78 74 29 3b 0a 20 20 20
20 7d 0a 7d 0a 0a 63 6f  6e 73 74 20 61 70 70 4d
61 6e 69 66 65 73 74 49  64 50 61 74 74 65 72 6e
20 3d 20 2f 5e 5b 61 2d  7a 41 2d 5a 30 2d 39 5d
5b 61 2d 7a 41 2d 5a 30  2d 39 2e 5f 2d 5d 7b 30
2c 31 32 37 7d 24 2f 3b  0a 0a 66 75 6e 63 74 69
6f 6e 20 76 61 6c 69 64  61 74 65 4f 75 74 70 75
74 4d 6f 64 65 73 28 6f  75 74 70 75 74 4d 6f 64
65 73 3a 20 61 6e 79 2c  20 70 61 74 68 3a 20 73
74 72 69 6e 67 29 3a 20  73 74 72 69 6e 67 20 7b
0a 20 20 20 20 69 66 20  28 6f 75 74 70 75 74 4d
6f 64 65 73 20 3d 3d 3d  20 75 6e 64 65 66 69 6e
65 64 29 20 72 65 74 75  72 6e 20 27 27 3b 0a 20
20 20 20 69 66 20 28 21  41 72 72 61 79 2e 69 73
41 72 72 61 79 28 6f 75  74 70 75 74 4d 6f 64 65
73 29 29 20 72 65 74 75  72 6e 20 60 24 7b 70 61
74 68 7d 20 6d 75 73 74  20 62 65 20 61 6e 20 61
72 72 61 79 60 3b 0a 20  20 20 20 66 6f 72 20 28
6c 65 74 20 69 6e 64 65  78 20 3d 20 30 3b 20 69
6e 64 65 78 20 3c 20 6f  75 74 70 75 74 4d 6f 64
65 73 2e 6c 65 6e 67 74  68 3b 20 69 6e 64 65 78
20 2b 3d 20 31 29 20 7b  0a 20 20 20 20 20 20 20
20 69 66 20 28 21 61 6c  6c 6f 77 65 64 4f 75 74
70 75 74 4d 6f 64 65 73  2e 69 6e 63 6c 75 64 65
73 28 53 74 72 69 6e 67  28 6f 75 74 70 75 74 4d
6f 64 65 73 5b 69 6e 64  65 78 5d 20 7c 7c 20 27
27 29 2e 74 72 69 6d 28  29 2e 74 6f 4c 6f 77 65
72 43 61 73 65 28 29 29  29 20 72 65 74 75 72 6e
20 60 24 7b 70 61 74 68  7d 5b 24 7b 69 6e 64 65
78 7d 5d 20 69 73 20 69  6e 76 61 6c 69 64 60 3b
0a 20 20 20 20 7d 0a 20  20 20 20 72 65 74 75 72
6e 20 27 27 3b 0a 7d 0a  0a 66 75 6e 63 74 69 6f
6e 20 76 61 6c 69 64 61  74 65 53 6b 69 6c 6c 46
69 65 6c 64 73 28 66 69  65 6c 64 73 3a 20 61 6e
79 2c 20 70 61 74 68 3a  20 73 74 72 69 6e 67 29
3a 20 73 74 72 69 6e 67  20 7b 0a 20 20 20 20 69
66 20 28 66 69 65 6c 64  73 20 3d 3d 3d 20 75 6e
64 65 66 69 6e 65 64 29  20 72 65 74 75 72 6e 20
27 27 3b 0a 20 20 20 20  69 66 20 28 21 41 72 72
61 79 2e 69 73 41 72 72  61 79 28 66 69 65 6c 64
73 29 29 20 72 65 74 75  72 6e 20 60 24 7b 70 61
74 68 7d 20 6d 75 73 74  20 62 65 20 61 6e 20 61
72 72 61 79 60 3b 0a 20  20 20 20 66 6f 72 20 28
6c 65 74 20 69 6e 64 65  78 20 3d 20 30 3b 20 69
6e 64 65 78 20 3c 20 66  69 65 6c 64 73 2e 6c 65
6e 67 74 68 3b 20 69 6e  64 65 78 20 2b 3d 20 31
29 20 7b 0a 20 20 20 20  20 20 20 20 63 6f 6e 73
74 20 66 69 65 6c 64 20  3d 20 66 69 65 6c 64 73
5b 69 6e 64 65 78 5d 3b  0a 20 20 20 20 20 20 20
20 69 66 20 28 21 53 74  72 69 6e 67 28 66 69 65
6c 64 3f 2e 6e 61 6d 65  20 7c 7c 20 27 27 29 2e
74 72 69 6d 28 29 29 20  72 65 74 75 72 6e 20 60
24 7b 70 61 74 68 7d 5b  24 7b 69 6e 64 65 78 7d
5d 2e 6e 61 6d 65 20 69  73 20 72 65 71 75 69 72
65 64 60 3b 0a 20 20 20  20 20 20 20 20 69 66 20
28 66 69 65 6c 64 3f 2e  74 79 70 65 20 26 26 20
21 61 6c 6c 6f 77 65 64  53 6b 69 6c 6c 46 69 65
6c 64 54 79 70 65 73 2e  69 6e 63 6c 75 64 65 73
28 53 74 72 69 6e 67 28  66 69 65 6c 64 2e 74 79
70 65 29 29 29 20 72 65  74 75 72 6e 20 60 24 7b
70 61 74 68 7d 5b 24 7b  69 6e 64 65 78 7d 5d 2e
74 79 70 65 20 69 73 20  69 6e 76 61 6c 69 64 60
3b 0a 20 20 20 20 20 20  20 20 69 66 20 28 66 69
65 6c 64 3f 2e 6f 70 74  69 6f 6e 73 20 21 3d 3d
20 75 6e 64 65 66 69 6e  65 64 20 26 26 20 21 41
72 72 61 79 2e 69 73 41  72 72 61 79 28 66 69 65
6c 64 2e 6f 70 74 69 6f  6e 73 29 29 20 72 65 74
75 72 6e 20 60 24 7b 70  61 74 68 7d 5b 24 7b 69
6e 64 65 78 7d 5d 2e 6f  70 74 69 6f 6e 73 20 6d
75 73 74 20 62 65 20 61  6e 20 61 72 72 61 79 60
3b 0a 20 20 20 20 7d 0a  20 20 20 20 72 65 74 75
72 6e 20 27 27 3b 0a 7d  0a 0a 66 75 6e 63 74 69
6f 6e 20 76 61 6c 69 64  61 74 65 41 70 70 4d 61
6e 69 66 65 73 74 28 72  61 77 3a 20 61 6e 79 2c
20 70 61 74 68 20 3d 20  27 6d 61 63 6c 61 77 2e
61 70 70 2e 76 31 27 29  3a 20 73 74 72 69 6e 67
20 7b 0a 20 20 20 20 69  66 20 28 72 61 77 3f 2e
73 63 68 65 6d 61 20 21  3d 3d 20 27 6d 61 63 6c
61 77 2e 61 70 70 2e 76  31 27 29 20 72 65 74 75
72 6e 20 60 24 7b 70 61  74 68 7d 20 73 63 68 65
6d 61 20 6d 75 73 74 20  62 65 20 6d 61 63 6c 61
77 2e 61 70 70 2e 76 31  60 3b 0a 20 20 20 20 69
66 20 28 72 61 77 3f 2e  70 72 69 76 61 74 65 4d
61 72 6b 65 72 20 21 3d  3d 20 27 78 5f 6d 61 63
6c 61 77 5f 61 70 70 73  27 29 20 72 65 74 75 72
6e 20 60 24 7b 70 61 74  68 7d 20 70 72 69 76 61
74 65 4d 61 72 6b 65 72  20 6d 75 73 74 20 62 65
20 78 5f 6d 61 63 6c 61  77 5f 61 70 70 73 60 3b
0a 20 20 20 20 63 6f 6e  73 74 20 61 70 70 20 3d
20 72 61 77 3f 2e 61 70  70 3b 0a 20 20 20 20 69
66 20 28 21 61 70 70 20  7c 7c 20 74 79 70 65 6f
66 20 61 70 70 20 21 3d  3d 20 27 6f 62 6a 65 63
74 27 29 20 72 65 74 75  72 6e 20 60 24 7b 70 61
74 68 7d 20 72 65 71 75  69 72 65 73 20 61 70 70
60 3b 0a 20 20 20 20 63  6f 6e 73 74 20 69 64 20
3d 20 53 74 72 69 6e 67  28 61 70 70 2e 69 64 20
7c 7c 20 27 27 29 2e 74  72 69 6d 28 29 3b 0a 20
20 20 20 63 6f 6e 73 74  20 6e 61 6d 65 20 3d 20
53 74 72 69 6e 67 28 61  70 70 2e 6e 61 6d 65 20
7c 7c 20 27 27 29 2e 74  72 69 6d 28 29 3b 0a 20
20 20 20 69 66 20 28 21  69 64 20 7c 7c 20 21 6e
61 6d 65 29 20 72 65 74  75 72 6e 20 60 24 7b 70
61 74 68 7d 20 72 65 71  75 69 72 65 73 20 61 70
70 2e 69 64 20 61 6e 64  20 61 70 70 2e 6e 61 6d
65 60 3b 0a 20 20 20 20  69 66 20 28 21 61 70 70
4d 61 6e 69 66 65 73 74  49 64 50 61 74 74 65 72
6e 2e 74 65 73 74 28 69  64 29 29 20 72 65 74 75
72 6e 20 60 24 7b 70 61  74 68 7d 20 61 70 70 2e
69 64 20 69 73 20 69 6e  76 61 6c 69 64 60 3b 0a
20 20 20 20 69 66 20 28  6e 61 6d 65 2e 6c 65 6e
67 74 68 20 3e 20 38 30  29 20 72 65 74 75 72 6e
20 60 24 7b 70 61 74 68  7d 20 61 70 70 2e 6e 61
6d 65 20 69 73 20 74 6f  6f 20 6c 6f 6e 67 60 3b
0a 20 20 20 20 69 66 20  28 61 70 70 2e 6b 69 6e
64 20 26 26 20 21 5b 27  65 6e 74 65 72 70 72 69
73 65 5f 61 70 70 72 6f  76 61 6c 5f 61 70 70 27
2c 20 27 65 6e 74 65 72  70 72 69 73 65 5f 6e 6f
72 6d 61 6c 5f 61 70 70  27 2c 20 27 65 6e 74 65
72 70 72 69 73 65 5f 61  70 70 27 2c 20 27 74 6f
6f 6c 5f 61 70 70 27 2c  20 27 61 75 74 6f 6d 61
74 69 6f 6e 5f 61 70 70  27 5d 2e 69 6e 63 6c 75
64 65 73 28 53 74 72 69  6e 67 28 61 70 70 2e 6b
69 6e 64 29 29 29 20 72  65 74 75 72 6e 20 60 24
7b 70 61 74 68 7d 20 61  70 70 2e 6b 69 6e 64 20
69 73 20 69 6e 76 61 6c  69 64 60 3b 0a 20 20 20
20 69 66 20 28 61 70 70  2e 6c 61 75 6e 63 68 4d
6f 64 65 20 26 26 20 21  5b 27 61 67 65 6e 74 5f
64 79 6e 61 6d 69 63 5f  75 69 27 2c 20 27 66 69
78 65 64 5f 73 6b 69 6c  6c 5f 75 69 27 2c 20 27
61 75 74 6f 6d 61 74 69  6f 6e 5f 63 6f 6e 73 6f
6c 65 27 5d 2e 69 6e 63  6c 75 64 65 73 28 53 74
72 69 6e 67 28 61 70 70  2e 6c 61 75 6e 63 68 4d
6f 64 65 29 29 29 20 72  65 74 75 72 6e 20 60 24
7b 70 61 74 68 7d 20 61  70 70 2e 6c 61 75 6e 63
68 4d 6f 64 65 20 69 73  20 69 6e 76 61 6c 69 64
60 3b 0a 20 20 20 20 63  6f 6e 73 74 20 6b 69 6e
64 20 3d 20 6e 6f 72 6d  61 6c 69 7a 65 41 70 70
4b 69 6e 64 28 61 70 70  2e 6b 69 6e 64 29 3b 0a
20 20 20 20 63 6f 6e 73  74 20 65 78 70 65 63 74
65 64 4c 61 75 6e 63 68  4d 6f 64 65 20 3d 20 64
65 66 61 75 6c 74 4c 61  75 6e 63 68 4d 6f 64 65
46 6f 72 4b 69 6e 64 28  6b 69 6e 64 29 3b 0a 20
20 20 20 69 66 20 28 61  70 70 2e 6c 61 75 6e 63
68 4d 6f 64 65 20 26 26  20 61 70 70 2e 6c 61 75
6e 63 68 4d 6f 64 65 20  21 3d 3d 20 65 78 70 65
63 74 65 64 4c 61 75 6e  63 68 4d 6f 64 65 29 20
72 65 74 75 72 6e 20 60  24 7b 70 61 74 68 7d 20
61 70 70 2e 6c 61 75 6e  63 68 4d 6f 64 65 20 6d
75 73 74 20 62 65 20 24  7b 65 78 70 65 63 74 65
64 4c 61 75 6e 63 68 4d  6f 64 65 7d 20 66 6f 72
20 24 7b 6b 69 6e 64 7d  60 3b 0a 20 20 20 20 69
66 20 28 72 61 77 2e 69  6e 73 74 61 6c 6c 55 6e
69 74 20 26 26 20 21 5b  27 65 6e 74 65 72 70 72
69 73 65 5f 61 70 70 5f  70 61 63 6b 27 2c 20 27
73 6b 69 6c 6c 27 2c 20  27 6d 63 70 27 2c 20 27
62 75 69 6c 74 69 6e 27  5d 2e 69 6e 63 6c 75 64
65 73 28 53 74 72 69 6e  67 28 72 61 77 2e 69 6e
73 74 61 6c 6c 55 6e 69  74 29 29 29 20 72 65 74
75 72 6e 20 60 24 7b 70  61 74 68 7d 20 69 6e 73
74 61 6c 6c 55 6e 69 74  20 69 73 20 69 6e 76 61
6c 69 64 60 3b 0a 20 20  20 20 69 66 20 28 72 61
77 2e 69 6e 73 74 61 6c  6c 55 6e 69 74 20 3d 3d
3d 20 27 73 6b 69 6c 6c  27 20 26 26 20 6b 69 6e
64 20 21 3d 3d 20 27 74  6f 6f 6c 5f 61 70 70 27
29 20 72 65 74 75 72 6e  20 60 24 7b 70 61 74 68
7d 20 69 6e 73 74 61 6c  6c 55 6e 69 74 20 6d 75
73 74 20 62 65 20 73 6b  69 6c 6c 20 6f 6e 6c 79
20 66 6f 72 20 74 6f 6f  6c 5f 61 70 70 60 3b 0a
20 20 20 20 69 66 20 28  6b 69 6e 64 20 3d 3d 3d
20 27 74 6f 6f 6c 5f 61  70 70 27 20 26 26 20 72
61 77 2e 69 6e 73 74 61  6c 6c 55 6e 69 74 20 26
26 20 72 61 77 2e 69 6e  73 74 61 6c 6c 55 6e 69
74 20 21 3d 3d 20 27 73  6b 69 6c 6c 27 29 20 72
65 74 75 72 6e 20 60 24  7b 70 61 74 68 7d 20 69
6e 73 74 61 6c 6c 55 6e  69 74 20 6d 75 73 74 20
62 65 20 73 6b 69 6c 6c  20 66 6f 72 20 74 6f 6f
6c 5f 61 70 70 60 3b 0a  20 20 20 20 63 6f 6e 73
74 20 73 6b 69 6c 6c 20  3d 20 61 70 70 2e 62 69
6e 64 69 6e 67 3f 2e 73  6b 69 6c 6c 3b 0a 20 20
20 20 69 66 20 28 6b 69  6e 64 20 3d 3d 3d 20 27
74 6f 6f 6c 5f 61 70 70  27 20 26 26 20 21 73 6b
69 6c 6c 29 20 72 65 74  75 72 6e 20 60 24 7b 70
61 74 68 7d 20 62 69 6e  64 69 6e 67 2e 73 6b 69
6c 6c 20 69 73 20 72 65  71 75 69 72 65 64 20 66
6f 72 20 74 6f 6f 6c 5f  61 70 70 60 3b 0a 20 20
20 20 69 66 20 28 73 6b  69 6c 6c 29 20 7b 0a 20
20 20 20 20 20 20 20 69  66 20 28 21 53 74 72 69
6e 67 28 73 6b 69 6c 6c  2e 69 64 20 7c 7c 20 27
27 29 2e 74 72 69 6d 28  29 29 20 72 65 74 75 72
6e 20 60 24 7b 70 61 74  68 7d 20 62 69 6e 64 69
6e 67 2e 73 6b 69 6c 6c  2e 69 64 20 69 73 20 72
65 71 75 69 72 65 64 60  3b 0a 20 20 20 20 20 20
20 20 69 66 20 28 73 6b  69 6c 6c 2e 61 70 70 44
65 66 69 6e 69 74 69 6f  6e 46 69 6c 65 20 26 26
20 21 5b 27 6d 61 63 6c  61 77 2e 61 70 70 73 2e
6a 73 6f 6e 27 2c 20 27  6d 61 63 6c 61 77 2e 61
70 70 2e 6a 73 6f 6e 27  5d 2e 69 6e 63 6c 75 64
65 73 28 53 74 72 69 6e  67 28 73 6b 69 6c 6c 2e
61 70 70 44 65 66 69 6e  69 74 69 6f 6e 46 69 6c
65 29 29 29 20 72 65 74  75 72 6e 20 60 24 7b 70
61 74 68 7d 20 62 69 6e  64 69 6e 67 2e 73 6b 69
6c 6c 2e 61 70 70 44 65  66 69 6e 69 74 69 6f 6e
46 69 6c 65 20 6d 75 73  74 20 62 65 20 6d 61 63
6c 61 77 2e 61 70 70 73  2e 6a 73 6f 6e 20 6f 72
20 6d 61 63 6c 61 77 2e  61 70 70 2e 6a 73 6f 6e
60 3b 0a 20 20 20 20 20  20 20 20 69 66 20 28 73
6b 69 6c 6c 2e 69 6e 70  75 74 4d 6f 64 65 20 26
26 20 21 5b 27 66 69 6c  65 27 2c 20 27 66 6f 72
6d 27 2c 20 27 6d 69 78  65 64 27 5d 2e 69 6e 63
6c 75 64 65 73 28 53 74  72 69 6e 67 28 73 6b 69
6c 6c 2e 69 6e 70 75 74  4d 6f 64 65 29 29 29 20
72 65 74 75 72 6e 20 60  24 7b 70 61 74 68 7d 20
62 69 6e 64 69 6e 67 2e  73 6b 69 6c 6c 2e 69 6e
70 75 74 4d 6f 64 65 20  69 73 20 69 6e 76 61 6c
69 64 60 3b 0a 20 20 20  20 20 20 20 20 63 6f 6e
73 74 20 6f 75 74 70 75  74 45 72 72 6f 72 20 3d
20 76 61 6c 69 64 61 74  65 4f 75 74 70 75 74 4d
6f 64 65 73 28 73 6b 69  6c 6c 2e 6f 75 74 70 75
74 4d 6f 64 65 73 2c 20  60 24 7b 70 61 74 68 7d
20 62 69 6e 64 69 6e 67  2e 73 6b 69 6c 6c 2e 6f
75 74 70 75 74 4d 6f 64  65 73 60 29 3b 0a 20 20
20 20 20 20 20 20 69 66  20 28 6f 75 74 70 75 74
45 72 72 6f 72 29 20 72  65 74 75 72 6e 20 6f 75
74 70 75 74 45 72 72 6f  72 3b 0a 20 20 20 20 20
20 20 20 63 6f 6e 73 74  20 66 69 65 6c 64 73 45
72 72 6f 72 20 3d 20 76  61 6c 69 64 61 74 65 53
6b 69 6c 6c 46 69 65 6c  64 73 28 73 6b 69 6c 6c
2e 66 69 65 6c 64 73 2c  20 60 24 7b 70 61 74 68
7d 20 62 69 6e 64 69 6e  67 2e 73 6b 69 6c 6c 2e
66 69 65 6c 64 73 60 29  3b 0a 20 20 20 20 20 20
20 20 69 66 20 28 66 69  65 6c 64 73 45 72 72 6f
72 29 20 72 65 74 75 72  6e 20 66 69 65 6c 64 73
45 72 72 6f 72 3b 0a 20  20 20 20 7d 0a 20 20 20
20 63 6f 6e 73 74 20 64  61 74 61 73 72 76 20 3d
20 61 70 70 2e 62 69 6e  64 69 6e 67 3f 2e 64 61
74 61 73 72 76 3b 0a 20  20 20 20 69 66 20 28 69
73 45 6e 74 65 72 70 72  69 73 65 41 70 70 4b 69
6e 64 28 6b 69 6e 64 29  20 26 26 20 21 64 61 74
61 73 72 76 29 20 72 65  74 75 72 6e 20 60 24 7b
70 61 74 68 7d 20 62 69  6e 64 69 6e 67 2e 64 61
74 61 73 72 76 20 69 73  20 72 65 71 75 69 72 65
64 20 66 6f 72 20 65 6e  74 65 72 70 72 69 73 65
5f 61 70 70 60 3b 0a 20  20 20 20 69 66 20 28 64
61 74 61 73 72 76 20 26  26 20 21 53 74 72 69 6e
67 28 64 61 74 61 73 72  76 2e 64 6f 6d 61 69 6e
20 7c 7c 20 27 27 29 2e  74 72 69 6d 28 29 29 20
72 65 74 75 72 6e 20 60  24 7b 70 61 74 68 7d 20
62 69 6e 64 69 6e 67 2e  64 61 74 61 73 72 76 2e
64 6f 6d 61 69 6e 20 69  73 20 72 65 71 75 69 72
65 64 60 3b 0a 20 20 20  20 72 65 74 75 72 6e 20
27 27 3b 0a 7d 0a 0a 66  75 6e 63 74 69 6f 6e 20
64 65 66 61 75 6c 74 4c  61 75 6e 63 68 4d 6f 64
65 46 6f 72 4b 69 6e 64  28 6b 69 6e 64 3a 20 41
70 70 4b 69 6e 64 29 3a  20 41 70 70 4d 61 6e 69
66 65 73 74 42 69 6e 64  69 6e 67 5b 27 6c 61 75
6e 63 68 4d 6f 64 65 27  5d 20 7b 0a 20 20 20 20
72 65 74 75 72 6e 20 69  73 45 6e 74 65 72 70 72
69 73 65 41 70 70 4b 69  6e 64 28 6b 69 6e 64 29
20 3f 20 27 61 67 65 6e  74 5f 64 79 6e 61 6d 69
63 5f 75 69 27 20 3a 20  6b 69 6e 64 20 3d 3d 3d
20 27 61 75 74 6f 6d 61  74 69 6f 6e 5f 61 70 70
27 20 3f 20 27 61 75 74  6f 6d 61 74 69 6f 6e 5f
63 6f 6e 73 6f 6c 65 27  20 3a 20 27 66 69 78 65
64 5f 73 6b 69 6c 6c 5f  75 69 27 3b 0a 7d 0a 0a
66 75 6e 63 74 69 6f 6e  20 76 61 6c 69 64 61 74
65 53 6b 69 6c 6c 41 70  70 73 4d 61 6e 69 66 65
73 74 28 72 61 77 3a 20  61 6e 79 29 3a 20 73 74
72 69 6e 67 20 7b 0a 20  20 20 20 69 66 20 28 72
61 77 3f 2e 78 5f 6d 61  63 6c 61 77 5f 61 70 70
73 20 21 3d 3d 20 27 76  31 27 29 20 72 65 74 75
72 6e 20 27 6d 61 63 6c  61 77 2e 61 70 70 73 2e
6a 73 6f 6e 20 78 5f 6d  61 63 6c 61 77 5f 61 70
70 73 20 6d 75 73 74 20  62 65 20 76 31 27 3b 0a
20 20 20 20 69 66 20 28  21 41 72 72 61 79 2e 69
73 41 72 72 61 79 28 72  61 77 2e 61 70 70 73 29
29 20 72 65 74 75 72 6e  20 27 6d 61 63 6c 61 77
2e 61 70 70 73 2e 6a 73  6f 6e 20 61 70 70 73 20
6d 75 73 74 20 62 65 20  61 6e 20 61 72 72 61 79
27 3b 0a 20 20 20 20 69  66 20 28 72 61 77 2e 61
70 70 73 2e 6c 65 6e 67  74 68 20 3d 3d 3d 20 30
29 20 72 65 74 75 72 6e  20 27 6d 61 63 6c 61 77
2e 61 70 70 73 2e 6a 73  6f 6e 20 61 70 70 73 20
6d 75 73 74 20 6e 6f 74  20 62 65 20 65 6d 70 74
79 27 3b 0a 20 20 20 20  66 6f 72 20 28 6c 65 74
20 69 6e 64 65 78 20 3d  20 30 3b 20 69 6e 64 65
78 20 3c 20 72 61 77 2e  61 70 70 73 2e 6c 65 6e
67 74 68 3b 20 69 6e 64  65 78 20 2b 3d 20 31 29
20 7b 0a 20 20 20 20 20  20 20 20 63 6f 6e 73 74
20 61 70 70 20 3d 20 72  61 77 2e 61 70 70 73 5b
69 6e 64 65 78 5d 3b 0a  20 20 20 20 20 20 20 20
63 6f 6e 73 74 20 69 64  20 3d 20 53 74 72 69 6e
67 28 61 70 70 3f 2e 69  64 20 7c 7c 20 27 27 29
2e 74 72 69 6d 28 29 3b  0a 20 20 20 20 20 20 20
20 63 6f 6e 73 74 20 6e  61 6d 65 20 3d 20 53 74
72 69 6e 67 28 61 70 70  3f 2e 6e 61 6d 65 20 7c
7c 20 27 27 29 2e 74 72  69 6d 28 29 3b 0a 20 20
20 20 20 20 20 20 63 6f  6e 73 74 20 73 6b 69 6c
6c 49 44 20 3d 20 53 74  72 69 6e 67 28 61 70 70
3f 2e 73 6b 69 6c 6c 5f  69 64 20 7c 7c 20 69 64
29 2e 74 72 69 6d 28 29  3b 0a 20 20 20 20 20 20
20 20 69 66 20 28 21 69  64 20 7c 7c 20 21 6e 61
6d 65 20 7c 7c 20 21 73  6b 69 6c 6c 49 44 29 20
72 65 74 75 72 6e 20 60  6d 61 63 6c 61 77 2e 61
70 70 73 2e 6a 73 6f 6e  20 61 70 70 73 5b 24 7b
69 6e 64 65 78 7d 5d 20  72 65 71 75 69 72 65 73
20 69 64 20 61 6e 64 20  6e 61 6d 65 60 3b 0a 20
20 20 20 20 20 20 20 69  66 20 28 21 61 70 70 4d
61 6e 69 66 65 73 74 49  64 50 61 74 74 65 72 6e
2e 74 65 73 74 28 69 64  29 29 20 72 65 74 75 72
6e 20 60 6d 61 63 6c 61  77 2e 61 70 70 73 2e 6a
73 6f 6e 20 61 70 70 73  5b 24 7b 69 6e 64 65 78
7d 5d 2e 69 64 20 69 73  20 69 6e 76 61 6c 69 64
60 3b 0a 20 20 20 20 20  20 20 20 69 66 20 28 6e
61 6d 65 2e 6c 65 6e 67  74 68 20 3e 20 38 30 29
20 72 65 74 75 72 6e 20  60 6d 61 63 6c 61 77 2e
61 70 70 73 2e 6a 73 6f  6e 20 61 70 70 73 5b 24
7b 69 6e 64 65 78 7d 5d  2e 6e 61 6d 65 20 69 73
20 74 6f 6f 20 6c 6f 6e  67 60 3b 0a 20 20 20 20
20 20 20 20 69 66 20 28  61 70 70 2e 69 6e 70 75
74 5f 6d 6f 64 65 20 26  26 20 21 5b 27 66 69 6c
65 27 2c 20 27 66 6f 72  6d 27 2c 20 27 6d 69 78
65 64 27 5d 2e 69 6e 63  6c 75 64 65 73 28 53 74
72 69 6e 67 28 61 70 70  2e 69 6e 70 75 74 5f 6d
6f 64 65 29 29 29 20 72  65 74 75 72 6e 20 60 6d
61 63 6c 61 77 2e 61 70  70 73 2e 6a 73 6f 6e 20
61 70 70 73 5b 24 7b 69  6e 64 65 78 7d 5d 2e 69
6e 70 75 74 5f 6d 6f 64  65 20 69 73 20 69 6e 76
61 6c 69 64 60 3b 0a 20  20 20 20 20 20 20 20 63
6f 6e 73 74 20 6f 75 74  70 75 74 45 72 72 6f 72
20 3d 20 76 61 6c 69 64  61 74 65 4f 75 74 70 75
74 4d 6f 64 65 73 28 61  70 70 2e 6f 75 74 70 75
74 5f 6d 6f 64 65 73 2c  20 60 6d 61 63 6c 61 77
2e 61 70 70 73 2e 6a 73  6f 6e 20 61 70 70 73 5b
24 7b 69 6e 64 65 78 7d  5d 2e 6f 75 74 70 75 74
5f 6d 6f 64 65 73 60 29  3b 0a 20 20 20 20 20 20
20 20 69 66 20 28 6f 75  74 70 75 74 45 72 72 6f
72 29 20 72 65 74 75 72  6e 20 6f 75 74 70 75 74
45 72 72 6f 72 3b 0a 20  20 20 20 20 20 20 20 63
6f 6e 73 74 20 66 69 65  6c 64 73 45 72 72 6f 72
20 3d 20 76 61 6c 69 64  61 74 65 53 6b 69 6c 6c
46 69 65 6c 64 73 28 61  70 70 2e 66 69 65 6c 64
73 2c 20 60 6d 61 63 6c  61 77 2e 61 70 70 73 2e
6a 73 6f 6e 20 61 70 70  73 5b 24 7b 69 6e 64 65
78 7d 5d 2e 66 69 65 6c  64 73 60 29 3b 0a 20 20
20 20 20 20 20 20 69 66  20 28 66 69 65 6c 64 73
45 72 72 6f 72 29 20 72  65 74 75 72 6e 20 66 69
65 6c 64 73 45 72 72 6f  72 3b 0a 20 20 20 20 7d
0a 20 20 20 20 72 65 74  75 72 6e 20 27 27 3b 0a
7d 0a 0a 66 75 6e 63 74  69 6f 6e 20 6d 61 6e 69
66 65 73 74 54 6f 41 70  70 45 6e 74 72 79 28 72
61 77 3a 20 61 6e 79 29  3a 20 41 70 70 45 6e 74
72 79 20 7c 20 6e 75 6c  6c 20 7b 0a 20 20 20 20
63 6f 6e 73 74 20 61 70  70 20 3d 20 72 61 77 3f
2e 61 70 70 3b 0a 20 20  20 20 63 6f 6e 73 74 20
69 64 20 3d 20 53 74 72  69 6e 67 28 61 70 70 3f
2e 69 64 20 7c 7c 20 27  27 29 2e 74 72 69 6d 28
29 3b 0a 20 20 20 20 63  6f 6e 73 74 20 6e 61 6d
65 20 3d 20 53 74 72 69  6e 67 28 61 70 70 3f 2e
6e 61 6d 65 20 7c 7c 20  27 27 29 2e 74 72 69 6d
28 29 3b 0a 20 20 20 20  69 66 20 28 76 61 6c 69
64 61 74 65 41 70 70 4d  61 6e 69 66 65 73 74 28
72 61 77 29 29 20 72 65  74 75 72 6e 20 6e 75 6c
6c 3b 0a 20 20 20 20 63  6f 6e 73 74 20 6b 69 6e
64 20 3d 20 6e 6f 72 6d  61 6c 69 7a 65 41 70 70
4b 69 6e 64 28 61 70 70  2e 6b 69 6e 64 29 3b 0a
20 20 20 20 63 6f 6e 73  74 20 6c 61 75 6e 63 68
4d 6f 64 65 20 3d 20 61  70 70 2e 6c 61 75 6e 63
68 4d 6f 64 65 20 7c 7c  20 64 65 66 61 75 6c 74
4c 61 75 6e 63 68 4d 6f  64 65 46 6f 72 4b 69 6e
64 28 6b 69 6e 64 29 3b  0a 20 20 20 20 63 6f 6e
73 74 20 69 63 6f 6e 20  3d 20 6e 6f 72 6d 61 6c
69 7a 65 53 6b 69 6c 6c  41 70 70 49 63 6f 6e 28
61 70 70 2e 69 63 6f 6e  29 3b 0a 20 20 20 20 72
65 74 75 72 6e 20 7b 0a  20 20 20 20 20 20 20 20
69 64 3a 20 69 64 2e 73  74 61 72 74 73 57 69 74
68 28 27 6d 61 72 6b 65  74 2d 27 29 20 3f 20 69
64 20 3a 20 60 6d 61 72  6b 65 74 2d 24 7b 69 64
7d 60 2c 0a 20 20 20 20  20 20 20 20 6e 61 6d 65
2c 0a 20 20 20 20 20 20  20 20 64 65 73 63 72 69
70 74 69 6f 6e 3a 20 53  74 72 69 6e 67 28 61 70
70 2e 64 65 73 63 72 69  70 74 69 6f 6e 20 7c 7c
20 27 27 29 2c 0a 20 20  20 20 20 20 20 20 63 61
74 65 67 6f 72 79 3a 20  53 74 72 69 6e 67 28 61
70 70 2e 63 61 74 65 67  6f 72 79 20 7c 7c 20 27
4d 61 72 6b 65 74 27 29  2c 0a 20 20 20 20 20 20
20 20 6b 69 6e 64 2c 0a  20 20 20 20 20 20 20 20
69 63 6f 6e 2c 0a 20 20  20 20 20 20 20 20 61 63
63 65 6e 74 3a 20 53 74  72 69 6e 67 28 61 70 70
2e 70 61 6e 65 6c 3f 2e  61 63 63 65 6e 74 20 7c
7c 20 64 65 66 61 75 6c  74 41 63 63 65 6e 74 46
6f 72 4b 69 6e 64 28 6b  69 6e 64 29 29 2c 0a 20
20 20 20 20 20 20 20 70  69 6e 6e 65 64 3a 20 21
21 61 70 70 2e 70 61 6e  65 6c 3f 2e 70 69 6e 6e
65 64 2c 0a 20 20 20 20  20 20 20 20 76 65 72 73
69 6f 6e 3a 20 6e 6f 72  6d 61 6c 69 7a 65 41 70
70 56 65 72 73 69 6f 6e  28 61 70 70 2e 76 65 72
73 69 6f 6e 20 7c 7c 20  72 61 77 2e 76 65 72 73
69 6f 6e 29 2c 0a 20 20  20 20 20 20 20 20 73 6f
75 72 63 65 3a 20 27 6d  61 72 6b 65 74 27 2c 0a
20 20 20 20 20 20 20 20  6d 61 6e 69 66 65 73 74
3a 20 7b 0a 20 20 20 20  20 20 20 20 20 20 20 20
73 63 68 65 6d 61 3a 20  27 6d 61 63 6c 61 77 2e
61 70 70 2e 76 31 27 2c  0a 20 20 20 20 20 20 20
20 20 20 20 20 69 6e 73  74 61 6c 6c 55 6e 69 74
3a 20 72 61 77 2e 69 6e  73 74 61 6c 6c 55 6e 69
74 20 3d 3d 3d 20 27 73  6b 69 6c 6c 27 20 7c 7c
20 72 61 77 2e 69 6e 73  74 61 6c 6c 55 6e 69 74
20 3d 3d 3d 20 27 6d 63  70 27 20 7c 7c 20 72 61
77 2e 69 6e 73 74 61 6c  6c 55 6e 69 74 20 3d 3d
3d 20 27 62 75 69 6c 74  69 6e 27 20 3f 20 72 61
77 2e 69 6e 73 74 61 6c  6c 55 6e 69 74 20 3a 20
27 65 6e 74 65 72 70 72  69 73 65 5f 61 70 70 5f
70 61 63 6b 27 2c 0a 20  20 20 20 20 20 20 20 20
20 20 20 70 72 69 76 61  74 65 4d 61 72 6b 65 72
3a 20 27 78 5f 6d 61 63  6c 61 77 5f 61 70 70 73
27 2c 0a 20 20 20 20 20  20 20 20 20 20 20 20 65
6e 74 72 79 4b 69 6e 64  3a 20 6b 69 6e 64 2c 0a
20 20 20 20 20 20 20 20  20 20 20 20 6c 61 75 6e
63 68 4d 6f 64 65 2c 0a  20 20 20 20 20 20 20 20
20 20 20 20 64 61 74 61  73 72 76 3a 20 61 70 70
2e 62 69 6e 64 69 6e 67  3f 2e 64 61 74 61 73 72
76 2c 0a 20 20 20 20 20  20 20 20 20 20 20 20 61
70 70 53 6b 69 6c 6c 3a  20 61 70 70 2e 62 69 6e
64 69 6e 67 3f 2e 61 70  70 53 6b 69 6c 6c 2c 0a
20 20 20 20 20 20 20 20  20 20 20 20 64 65 70 65
6e 64 65 6e 63 69 65 73  3a 20 6e 6f 72 6d 61 6c
69 7a 65 41 70 70 44 65  70 65 6e 64 65 6e 63 69
65 73 28 61 70 70 2e 62  69 6e 64 69 6e 67 3f 2e
64 65 70 65 6e 64 65 6e  63 69 65 73 29 2c 0a 20
20 20 20 20 20 20 20 20  20 20 20 75 69 3a 20 6e
6f 72 6d 61 6c 69 7a 65  41 70 70 57 6f 72 6b 73
70 61 63 65 4c 61 79 6f  75 74 28 61 70 70 2e 62
69 6e 64 69 6e 67 3f 2e  75 69 2c 20 6b 69 6e 64
29 2c 0a 20 20 20 20 20  20 20 20 20 20 20 20 73
6b 69 6c 6c 3a 20 61 70  70 2e 62 69 6e 64 69 6e
67 3f 2e 73 6b 69 6c 6c  20 3f 20 7b 0a 20 20 20
20 20 20 20 20 20 20 20  20 20 20 20 20 2e 2e 2e
61 70 70 2e 62 69 6e 64  69 6e 67 2e 73 6b 69 6c
6c 2c 0a 20 20 20 20 20  20 20 20 20 20 20 20 20
20 20 20 69 6e 70 75 74  4d 6f 64 65 3a 20 61 70
70 2e 62 69 6e 64 69 6e  67 2e 73 6b 69 6c 6c 2e
69 6e 70 75 74 4d 6f 64  65 20 3d 3d 3d 20 27 66
6f 72 6d 27 20 7c 7c 20  61 70 70 2e 62 69 6e 64
69 6e 67 2e 73 6b 69 6c  6c 2e 69 6e 70 75 74 4d
6f 64 65 20 3d 3d 3d 20  27 6d 69 78 65 64 27 20
3f 20 61 70 70 2e 62 69  6e 64 69 6e 67 2e 73 6b
69 6c 6c 2e 69 6e 70 75  74 4d 6f 64 65 20 3a 20
27 66 69 6c 65 27 2c 0a  20 20 20 20 20 20 20 20
20 20 20 20 20 20 20 20  6d 75 6c 74 69 70 6c 65
46 69 6c 65 73 3a 20 21  21 61 70 70 2e 62 69 6e
64 69 6e 67 2e 73 6b 69  6c 6c 2e 6d 75 6c 74 69
70 6c 65 46 69 6c 65 73  2c 0a 20 20 20 20 20 20
20 20 20 20 20 20 20 20  20 20 6f 75 74 70 75 74
4d 6f 64 65 73 3a 20 6e  6f 72 6d 61 6c 69 7a 65
4f 75 74 70 75 74 4d 6f  64 65 73 28 61 70 70 2e
62 69 6e 64 69 6e 67 2e  73 6b 69 6c 6c 2e 6f 75
74 70 75 74 4d 6f 64 65  73 29 2c 0a 20 20 20 20
20 20 20 20 20 20 20 20  20 20 20 20 66 69 65 6c
64 73 3a 20 6e 6f 72 6d  61 6c 69 7a 65 53 6b 69
6c 6c 41 70 70 46 69 65  6c 64 73 28 61 70 70 2e
62 69 6e 64 69 6e 67 2e  73 6b 69 6c 6c 2e 66 69
65 6c 64 73 29 2c 0a 20  20 20 20 20 20 20 20 20
20 20 20 7d 20 3a 20 75  6e 64 65 66 69 6e 65 64
2c 0a 20 20 20 20 20 20  20 20 7d 2c 0a 20 20 20
20 7d 3b 0a 7d 0a 0a 66  75 6e 63 74 69 6f 6e 20
6d 61 6e 69 66 65 73 74  54 6f 41 70 70 45 6e 74
72 69 65 73 28 72 61 77  3a 20 61 6e 79 29 3a 20
7b 20 61 70 70 73 3a 20  41 70 70 45 6e 74 72 79
5b 5d 3b 20 65 72 72 6f  72 3f 3a 20 73 74 72 69
6e 67 20 7d 20 7b 0a 20  20 20 20 69 66 20 28 72
61 77 3f 2e 73 63 68 65  6d 61 20 3d 3d 3d 20 27
6d 61 63 6c 61 77 2e 61  70 70 2e 70 61 63 6b 2e
76 31 27 29 20 7b 0a 20  20 20 20 20 20 20 20 69
66 20 28 72 61 77 2e 70  72 69 76 61 74 65 4d 61
72 6b 65 72 20 21 3d 3d  20 27 78 5f 6d 61 63 6c
61 77 5f 61 70 70 73 27  29 20 72 65 74 75 72 6e
20 7b 20 61 70 70 73 3a  20 5b 5d 2c 20 65 72 72
6f 72 3a 20 27 6d 61 63  6c 61 77 2e 61 70 70 2e
70 61 63 6b 2e 76 31 20  70 72 69 76 61 74 65 4d
61 72 6b 65 72 20 6d 75  73 74 20 62 65 20 78 5f
6d 61 63 6c 61 77 5f 61  70 70 73 27 20 7d 3b 0a
20 20 20 20 20 20 20 20  69 66 20 28 21 41 72 72
61 79 2e 69 73 41 72 72  61 79 28 72 61 77 2e 61
70 70 73 29 29 20 72 65  74 75 72 6e 20 7b 20 61
70 70 73 3a 20 5b 5d 2c  20 65 72 72 6f 72 3a 20
27 6d 61 63 6c 61 77 2e  61 70 70 2e 70 61 63 6b
2e 76 31 20 61 70 70 73  20 6d 75 73 74 20 62 65
20 61 6e 20 61 72 72 61  79 27 20 7d 3b 0a 20 20
20 20 20 20 20 20 69 66  20 28 72 61 77 2e 61 70
70 73 2e 6c 65 6e 67 74  68 20 3d 3d 3d 20 30 29
20 72 65 74 75 72 6e 20  7b 20 61 70 70 73 3a 20
5b 5d 2c 20 65 72 72 6f  72 3a 20 27 6d 61 63 6c
61 77 2e 61 70 70 2e 70  61 63 6b 2e 76 31 20 61
70 70 73 20 6d 75 73 74  20 6e 6f 74 20 62 65 20
65 6d 70 74 79 27 20 7d  3b 0a 20 20 20 20 20 20
20 20 66 6f 72 20 28 6c  65 74 20 69 6e 64 65 78
20 3d 20 30 3b 20 69 6e  64 65 78 20 3c 20 72 61
77 2e 61 70 70 73 2e 6c  65 6e 67 74 68 3b 20 69
6e 64 65 78 20 2b 3d 20  31 29 20 7b 0a 20 20 20
20 20 20 20 20 20 20 20  20 63 6f 6e 73 74 20 65
72 72 6f 72 20 3d 20 76  61 6c 69 64 61 74 65 41
70 70 4d 61 6e 69 66 65  73 74 28 72 61 77 2e 61
70 70 73 5b 69 6e 64 65  78 5d 2c 20 60 6d 61 63
6c 61 77 2e 61 70 70 2e  70 61 63 6b 2e 76 31 20
61 70 70 73 5b 24 7b 69  6e 64 65 78 7d 5d 60 29
3b 0a 20 20 20 20 20 20  20 20 20 20 20 20 69 66
20 28 65 72 72 6f 72 29  20 72 65 74 75 72 6e 20
7b 20 61 70 70 73 3a 20  5b 5d 2c 20 65 72 72 6f
72 20 7d 3b 0a 20 20 20  20 20 20 20 20 7d 0a 20
20 20 20 20 20 20 20 63  6f 6e 73 74 20 70 61 72
73 65 64 20 3d 20 72 61  77 2e 61 70 70 73 2e 6d
61 70 28 6d 61 6e 69 66  65 73 74 54 6f 41 70 70
45 6e 74 72 79 29 2e 66  69 6c 74 65 72 28 28 61
70 70 3a 20 41 70 70 45  6e 74 72 79 20 7c 20 6e
75 6c 6c 29 3a 20 61 70  70 20 69 73 20 41 70 70
45 6e 74 72 79 20 3d 3e  20 21 21 61 70 70 29 3b
0a 20 20 20 20 20 20 20  20 72 65 74 75 72 6e 20
70 61 72 73 65 64 2e 6c  65 6e 67 74 68 20 3e 20
30 20 3f 20 7b 20 61 70  70 73 3a 20 70 61 72 73
65 64 20 7d 20 3a 20 7b  20 61 70 70 73 3a 20 5b
5d 2c 20 65 72 72 6f 72  3a 20 27 6d 61 63 6c 61
77 2e 61 70 70 2e 70 61  63 6b 2e 76 31 20 68 61
73 20 6e 6f 20 76 61 6c  69 64 20 61 70 70 73 27
20 7d 3b 0a 20 20 20 20  7d 0a 20 20 20 20 69 66
20 28 4f 62 6a 65 63 74  2e 70 72 6f 74 6f 74 79
70 65 2e 68 61 73 4f 77  6e 50 72 6f 70 65 72 74
79 2e 63 61 6c 6c 28 72  61 77 20 7c 7c 20 7b 7d
2c 20 27 78 5f 6d 61 63  6c 61 77 5f 61 70 70 73
27 29 29 20 7b 0a 20 20  20 20 20 20 20 20 63 6f
6e 73 74 20 65 72 72 6f  72 20 3d 20 76 61 6c 69
64 61 74 65 53 6b 69 6c  6c 41 70 70 73 4d 61 6e
69 66 65 73 74 28 72 61  77 29 3b 0a 20 20 20 20
20 20 20 20 69 66 20 28  65 72 72 6f 72 29 20 72
65 74 75 72 6e 20 7b 20  61 70 70 73 3a 20 5b 5d
2c 20 65 72 72 6f 72 20  7d 3b 0a 20 20 20 20 20
20 20 20 63 6f 6e 73 74  20 70 61 72 73 65 64 20
3d 20 28 72 61 77 2e 61  70 70 73 20 61 73 20 53
6b 69 6c 6c 41 70 70 4d  61 6e 69 66 65 73 74 45
6e 74 72 79 5b 5d 29 2e  6d 61 70 28 73 6b 69 6c
6c 4d 61 6e 69 66 65 73  74 54 6f 41 70 70 29 2e
66 69 6c 74 65 72 28 28  61 70 70 3a 20 41 70 70
45 6e 74 72 79 20 7c 20  6e 75 6c 6c 29 3a 20 61
70 70 20 69 73 20 41 70  70 45 6e 74 72 79 20 3d
3e 20 21 21 61 70 70 29  3b 0a 20 20 20 20 20 20
20 20 72 65 74 75 72 6e  20 70 61 72 73 65 64 2e
6c 65 6e 67 74 68 20 3e  20 30 20 3f 20 7b 20 61
70 70 73 3a 20 70 61 72  73 65 64 20 7d 20 3a 20
7b 20 61 70 70 73 3a 20  5b 5d 2c 20 65 72 72 6f
72 3a 20 27 6d 61 63 6c  61 77 2e 61 70 70 73 2e
6a 73 6f 6e 20 68 61 73  20 6e 6f 20 76 61 6c 69
64 20 61 70 70 73 27 20  7d 3b 0a 20 20 20 20 7d
0a 20 20 20 20 69 66 20  28 72 61 77 3f 2e 73 63
68 65 6d 61 20 3d 3d 3d  20 27 6d 61 63 6c 61 77
2e 61 70 70 2e 76 31 27  29 20 7b 0a 20 20 20 20
20 20 20 20 63 6f 6e 73  74 20 65 72 72 6f 72 20
3d 20 76 61 6c 69 64 61  74 65 41 70 70 4d 61 6e
69 66 65 73 74 28 72 61  77 29 3b 0a 20 20 20 20
20 20 20 20 69 66 20 28  65 72 72 6f 72 29 20 72
65 74 75 72 6e 20 7b 20  61 70 70 73 3a 20 5b 5d
2c 20 65 72 72 6f 72 20  7d 3b 0a 20 20 20 20 20
20 20 20 63 6f 6e 73 74  20 61 70 70 20 3d 20 6d
61 6e 69 66 65 73 74 54  6f 41 70 70 45 6e 74 72
79 28 72 61 77 29 3b 0a  20 20 20 20 20 20 20 20
72 65 74 75 72 6e 20 61  70 70 20 3f 20 7b 20 61
70 70 73 3a 20 5b 61 70  70 5d 20 7d 20 3a 20 7b
20 61 70 70 73 3a 20 5b  5d 2c 20 65 72 72 6f 72
3a 20 27 6d 61 63 6c 61  77 2e 61 70 70 2e 76 31
20 69 73 20 69 6e 76 61  6c 69 64 27 20 7d 3b 0a
20 20 20 20 7d 0a 20 20  20 20 72 65 74 75 72 6e
20 7b 20 61 70 70 73 3a  20 5b 5d 2c 20 65 72 72
6f 72 3a 20 75 6e 64 65  66 69 6e 65 64 20 7d 3b
0a 7d 0a 0a 66 75 6e 63  74 69 6f 6e 20 62 75 69
6c 64 49 6e 73 74 61 6c  6c 50 6c 61 6e 28 70 61
72 73 65 64 41 70 70 73  3a 20 41 70 70 45 6e 74
72 79 5b 5d 2c 20 69 6e  73 74 61 6c 6c 65 64 41
70 70 73 3a 20 41 70 70  45 6e 74 72 79 5b 5d 29
20 7b 0a 20 20 20 20 63  6f 6e 73 74 20 69 6e 73
74 61 6c 6c 65 64 42 79  49 64 65 6e 74 69 74 79
20 3d 20 6e 65 77 20 4d  61 70 3c 73 74 72 69 6e
67 2c 20 41 70 70 45 6e  74 72 79 3e 28 29 3b 0a
20 20 20 20 69 6e 73 74  61 6c 6c 65 64 41 70 70
73 2e 66 6f 72 45 61 63  68 28 28 61 70 70 29 20
3d 3e 20 61 70 70 49 6e  73 74 61 6c 6c 49 64 65
6e 74 69 74 79 4b 65 79  73 28 61 70 70 2e 69 64
29 2e 66 6f 72 45 61 63  68 28 28 69 64 29 20 3d
3e 20 69 6e 73 74 61 6c  6c 65 64 42 79 49 64 65
6e 74 69 74 79 2e 73 65  74 28 69 64 2c 20 61 70
70 29 29 29 3b 0a 20 20  20 20 63 6f 6e 73 74 20
73 65 65 6e 49 64 73 20  3d 20 6e 65 77 20 53 65
74 3c 73 74 72 69 6e 67  3e 28 29 3b 0a 20 20 20
20 72 65 74 75 72 6e 20  70 61 72 73 65 64 41 70
70 73 2e 6d 61 70 28 28  61 70 70 2c 20 69 6e 64
65 78 29 20 3d 3e 20 7b  0a 20 20 20 20 20 20 20
20 63 6f 6e 73 74 20 69  64 65 6e 74 69 74 69 65
73 20 3d 20 61 70 70 49  6e 73 74 61 6c 6c 49 64
65 6e 74 69 74 79 4b 65  79 73 28 61 70 70 2e 69
64 29 3b 0a 20 20 20 20  20 20 20 20 63 6f 6e 73
74 20 69 6e 73 74 61 6c  6c 65 64 20 3d 20 69 64
65 6e 74 69 74 69 65 73  2e 6d 61 70 28 28 69 64
29 20 3d 3e 20 69 6e 73  74 61 6c 6c 65 64 42 79
49 64 65 6e 74 69 74 79  2e 67 65 74 28 69 64 29
29 2e 66 69 6e 64 28 42  6f 6f 6c 65 61 6e 29 3b
0a 20 20 20 20 20 20 20  20 63 6f 6e 73 74 20 63
75 72 72 65 6e 74 53 63  6f 70 65 73 20 3d 20 6e
65 77 20 53 65 74 28 69  6e 73 74 61 6c 6c 65 64
20 3f 20 61 70 70 52 65  71 75 69 72 65 64 53 63
6f 70 65 73 28 69 6e 73  74 61 6c 6c 65 64 29 20
3a 20 5b 5d 29 3b 0a 20  20 20 20 20 20 20 20 63
6f 6e 73 74 20 61 64 64  65 64 53 63 6f 70 65 73
20 3d 20 61 70 70 52 65  71 75 69 72 65 64 53 63
6f 70 65 73 28 61 70 70  29 2e 66 69 6c 74 65 72
28 28 73 63 6f 70 65 29  20 3d 3e 20 21 63 75 72
72 65 6e 74 53 63 6f 70  65 73 2e 68 61 73 28 73
63 6f 70 65 29 29 3b 0a  20 20 20 20 20 20 20 20
63 6f 6e 73 74 20 72 65  61 73 6f 6e 20 3d 20 69
6e 73 74 61 6c 6c 65 64  0a 20 20 20 20 20 20 20
20 20 20 20 20 3f 20 6e  6f 72 6d 61 6c 69 7a 65
41 70 70 56 65 72 73 69  6f 6e 28 61 70 70 2e 76
65 72 73 69 6f 6e 29 20  3e 20 6e 6f 72 6d 61 6c
69 7a 65 41 70 70 56 65  72 73 69 6f 6e 28 69 6e
73 74 61 6c 6c 65 64 2e  76 65 72 73 69 6f 6e 29
20 3f 20 27 75 70 67 72  61 64 65 27 20 3a 20 27
69 6e 73 74 61 6c 6c 65  64 27 0a 20 20 20 20 20
20 20 20 20 20 20 20 3a  20 69 64 65 6e 74 69 74
69 65 73 2e 73 6f 6d 65  28 28 69 64 29 20 3d 3e
20 73 65 65 6e 49 64 73  2e 68 61 73 28 69 64 29
29 20 3f 20 27 64 75 70  6c 69 63 61 74 65 27 20
3a 20 27 69 6e 73 74 61  6c 6c 27 3b 0a 20 20 20
20 20 20 20 20 69 64 65  6e 74 69 74 69 65 73 2e
66 6f 72 45 61 63 68 28  28 69 64 29 20 3d 3e 20
73 65 65 6e 49 64 73 2e  61 64 64 28 69 64 29 29
3b 0a 20 20 20 20 20 20  20 20 72 65 74 75 72 6e
20 7b 20 61 70 70 2c 20  69 6e 73 74 61 6c 6c 65
64 2c 20 61 64 64 65 64  53 63 6f 70 65 73 2c 20
64 65 70 65 6e 64 65 6e  63 69 65 73 3a 20 61 70
70 53 6b 69 6c 6c 44 65  70 65 6e 64 65 6e 63 69
65 73 28 61 70 70 29 2c  20 68 69 67 68 52 69 73
6b 53 63 6f 70 65 73 3a  20 68 69 67 68 52 69 73
6b 53 63 6f 70 65 73 28  61 64 64 65 64 53 63 6f
70 65 73 29 2c 20 6b 65  79 3a 20 60 24 7b 61 70
70 2e 69 64 7d 3a 24 7b  69 6e 64 65 78 7d 60 2c
20 61 63 74 69 6f 6e 3a  20 72 65 61 73 6f 6e 20
61 73 20 27 69 6e 73 74  61 6c 6c 27 20 7c 20 27
75 70 67 72 61 64 65 27  20 7c 20 27 69 6e 73 74
61 6c 6c 65 64 27 20 7c  20 27 64 75 70 6c 69 63
61 74 65 27 20 7d 3b 0a  20 20 20 20 7d 29 3b 0a
7d 0a 0a 66 75 6e 63 74  69 6f 6e 20 69 6e 73 74
61 6c 6c 53 75 6d 6d 61  72 79 4d 65 73 73 61 67
65 28 69 6e 73 74 61 6c  6c 65 64 43 6f 75 6e 74
3a 20 6e 75 6d 62 65 72  2c 20 75 70 67 72 61 64
65 64 43 6f 75 6e 74 3a  20 6e 75 6d 62 65 72 2c
20 73 6b 69 70 70 65 64  43 6f 75 6e 74 3a 20 6e
75 6d 62 65 72 2c 20 74  65 78 74 3a 20 74 79 70
65 6f 66 20 6c 61 62 65  6c 73 2e 7a 68 29 20 7b
0a 20 20 20 20 63 6f 6e  73 74 20 70 61 72 74 73
20 3d 20 5b 60 24 7b 74  65 78 74 2e 69 6e 73 74
61 6c 6c 65 64 43 6f 75  6e 74 7d 3a 20 24 7b 69
6e 73 74 61 6c 6c 65 64  43 6f 75 6e 74 7d 60 5d
3b 0a 20 20 20 20 69 66  20 28 75 70 67 72 61 64
65 64 43 6f 75 6e 74 20  3e 20 30 29 20 70 61 72
74 73 2e 70 75 73 68 28  60 24 7b 74 65 78 74 2e
75 70 67 72 61 64 65 64  43 6f 75 6e 74 7d 3a 20
24 7b 75 70 67 72 61 64  65 64 43 6f 75 6e 74 7d
60 29 3b 0a 20 20 20 20  70 61 72 74 73 2e 70 75
73 68 28 60 24 7b 74 65  78 74 2e 73 6b 69 70 70
65 64 43 6f 75 6e 74 7d  3a 20 24 7b 73 6b 69 70
70 65 64 43 6f 75 6e 74  7d 60 29 3b 0a 20 20 20
20 72 65 74 75 72 6e 20  70 61 72 74 73 2e 6a 6f
69 6e 28 27 20 c2 b7 20  27 29 3b 0a 7d 0a 0a 66
75 6e 63 74 69 6f 6e 20  62 61 63 6b 65 6e 64 44
65 70 65 6e 64 65 6e 63  69 65 73 46 6f 72 41 70
70 28 70 6c 61 6e 3a 20  42 61 63 6b 65 6e 64 41
70 70 49 6e 73 74 61 6c  6c 50 6c 61 6e 20 7c 20
6e 75 6c 6c 2c 20 61 70  70 49 64 3a 20 73 74 72
69 6e 67 29 20 7b 0a 20  20 20 20 72 65 74 75 72
6e 20 28 70 6c 61 6e 3f  2e 64 65 70 65 6e 64 65
6e 63 69 65 73 20 7c 7c  20 5b 5d 29 2e 66 69 6c
74 65 72 28 28 64 65 70  29 20 3d 3e 20 21 64 65
70 2e 61 70 70 5f 69 64  73 3f 2e 6c 65 6e 67 74
68 20 7c 7c 20 64 65 70  2e 61 70 70 5f 69 64 73
2e 69 6e 63 6c 75 64 65  73 28 61 70 70 49 64 29
29 3b 0a 7d 0a 0a 66 75  6e 63 74 69 6f 6e 20 68
61 73 4d 69 73 73 69 6e  67 52 65 71 75 69 72 65
64 42 61 63 6b 65 6e 64  44 65 70 65 6e 64 65 6e
63 79 28 70 6c 61 6e 3a  20 42 61 63 6b 65 6e 64
41 70 70 49 6e 73 74 61  6c 6c 50 6c 61 6e 20 7c
20 6e 75 6c 6c 2c 20 61  70 70 49 64 73 3a 20 73
74 72 69 6e 67 5b 5d 29  20 7b 0a 20 20 20 20 63
6f 6e 73 74 20 73 65 6c  65 63 74 65 64 20 3d 20
6e 65 77 20 53 65 74 28  61 70 70 49 64 73 29 3b
0a 20 20 20 20 72 65 74  75 72 6e 20 28 70 6c 61
6e 3f 2e 64 65 70 65 6e  64 65 6e 63 69 65 73 20
7c 7c 20 5b 5d 29 2e 73  6f 6d 65 28 28 64 65 70
29 20 3d 3e 20 64 65 70  2e 72 65 71 75 69 72 65
64 20 21 3d 3d 20 66 61  6c 73 65 20 26 26 20 21
64 65 70 2e 69 6e 73 74  61 6c 6c 65 64 20 26 26
20 28 21 64 65 70 2e 61  70 70 5f 69 64 73 3f 2e
6c 65 6e 67 74 68 20 7c  7c 20 64 65 70 2e 61 70
70 5f 69 64 73 2e 73 6f  6d 65 28 28 69 64 29 20
3d 3e 20 73 65 6c 65 63  74 65 64 2e 68 61 73 28
69 64 29 29 29 29 3b 0a  7d 0a 0a 66 75 6e 63 74
69 6f 6e 20 62 61 63 6b  65 6e 64 44 65 70 65 6e
64 65 6e 63 79 53 75 6d  6d 61 72 79 28 64 65 70
3a 20 42 61 63 6b 65 6e  64 41 70 70 49 6e 73 74
61 6c 6c 44 65 70 65 6e  64 65 6e 63 79 2c 20 74
65 78 74 3a 20 74 79 70  65 6f 66 20 6c 61 62 65
6c 73 2e 7a 68 29 20 7b  0a 20 20 20 20 63 6f 6e
73 74 20 73 74 61 74 75  73 20 3d 20 64 65 70 2e
69 6e 73 74 61 6c 6c 65  64 20 3f 20 74 65 78 74
2e 69 6e 73 74 61 6c 6c  65 64 44 65 70 65 6e 64
65 6e 63 79 20 3a 20 74  65 78 74 2e 6d 69 73 73
69 6e 67 44 65 70 65 6e  64 65 6e 63 79 3b 0a 20
20 20 20 63 6f 6e 73 74  20 76 65 72 73 69 6f 6e
20 3d 20 64 65 70 2e 76  65 72 73 69 6f 6e 20 3f
20 60 40 24 7b 64 65 70  2e 76 65 72 73 69 6f 6e
7d 60 20 3a 20 27 27 3b  0a 20 20 20 20 63 6f 6e
73 74 20 72 65 71 75 69  72 65 64 20 3d 20 64 65
70 2e 72 65 71 75 69 72  65 64 20 3d 3d 3d 20 66
61 6c 73 65 20 3f 20 27  27 20 3a 20 27 20 2a 27
3b 0a 20 20 20 20 72 65  74 75 72 6e 20 60 24 7b
73 74 61 74 75 73 7d 3a  20 24 7b 64 65 70 2e 69
64 7d 24 7b 76 65 72 73  69 6f 6e 7d 24 7b 72 65
71 75 69 72 65 64 7d 60  3b 0a 7d 0a 66 75 6e 63
74 69 6f 6e 20 61 70 70  49 6e 73 74 61 6c 6c 49
64 65 6e 74 69 74 79 4b  65 79 73 28 61 70 70 49
64 3a 20 73 74 72 69 6e  67 29 20 7b 0a 20 20 20
20 63 6f 6e 73 74 20 69  64 20 3d 20 53 74 72 69
6e 67 28 61 70 70 49 64  20 7c 7c 20 27 27 29 2e
74 72 69 6d 28 29 3b 0a  20 20 20 20 69 66 20 28
21 69 64 29 20 72 65 74  75 72 6e 20 5b 5d 3b 0a
20 20 20 20 63 6f 6e 73  74 20 6b 65 79 73 20 3d
20 5b 69 64 5d 3b 0a 20  20 20 20 69 66 20 28 69
64 2e 73 74 61 72 74 73  57 69 74 68 28 27 6d 61
72 6b 65 74 2d 27 29 29  20 6b 65 79 73 2e 70 75
73 68 28 69 64 2e 73 6c  69 63 65 28 27 6d 61 72
6b 65 74 2d 27 2e 6c 65  6e 67 74 68 29 29 3b 0a
20 20 20 20 65 6c 73 65  20 6b 65 79 73 2e 70 75
73 68 28 60 6d 61 72 6b  65 74 2d 24 7b 69 64 7d
60 29 3b 0a 20 20 20 20  72 65 74 75 72 6e 20 41
72 72 61 79 2e 66 72 6f  6d 28 6e 65 77 20 53 65
74 28 6b 65 79 73 29 29  3b 0a 7d 0a 0a 63 6f 6e
73 74 20 41 70 70 53 74  75 64 69 6f 20 3d 20 28
7b 20 61 70 70 73 2c 20  68 69 64 64 65 6e 41 70
70 73 2c 20 6c 61 6e 67  2c 20 74 61 62 2c 20 73
65 74 54 61 62 2c 20 6f  6e 43 6c 6f 73 65 2c 20
6f 6e 54 6f 67 67 6c 65  50 69 6e 2c 20 6f 6e 55
70 64 61 74 65 41 70 70  2c 20 6f 6e 44 75 70 6c
69 63 61 74 65 41 70 70  2c 20 6f 6e 4d 6f 76 65
41 70 70 2c 20 6f 6e 52  65 6d 6f 76 65 41 70 70
2c 20 6f 6e 52 65 73 74  6f 72 65 41 70 70 2c 20
70 65 6e 64 69 6e 67 45  64 69 74 41 70 70 49 64
2c 20 6f 6e 50 65 6e 64  69 6e 67 45 64 69 74 43
6f 6e 73 75 6d 65 64 2c  20 64 61 74 61 73 72 76
44 69 73 63 6f 76 65 72  79 2c 20 73 6b 69 6c 6c
44 69 73 63 6f 76 65 72  79 2c 20 6f 6e 41 64 64
44 69 73 63 6f 76 65 72  65 64 41 70 70 2c 20 6f
6e 43 72 65 61 74 65 41  70 70 2c 20 6f 6e 49 6e
73 74 61 6c 6c 4d 61 72  6b 65 74 41 70 70 2c 20
6f 6e 45 64 69 74 41 70  70 20 7d 3a 20 7b 0a 20
20 20 20 61 70 70 73 3a  20 41 70 70 45 6e 74 72
79 5b 5d 3b 0a 20 20 20  20 68 69 64 64 65 6e 41
70 70 73 3a 20 41 70 70  45 6e 74 72 79 5b 5d 3b
0a 20 20 20 20 6c 61 6e  67 3f 3a 20 73 74 72 69
6e 67 3b 0a 20 20 20 20  74 61 62 3a 20 53 74 75
64 69 6f 54 61 62 3b 0a  20 20 20 20 73 65 74 54
61 62 3a 20 28 74 61 62  3a 20 53 74 75 64 69 6f
54 61 62 29 20 3d 3e 20  76 6f 69 64 3b 0a 20 20
20 20 6f 6e 43 6c 6f 73  65 3a 20 28 29 20 3d 3e
20 76 6f 69 64 3b 0a 20  20 20 20 6f 6e 54 6f 67
67 6c 65 50 69 6e 3a 20  28 61 70 70 49 64 3a 20
73 74 72 69 6e 67 29 20  3d 3e 20 76 6f 69 64 3b
0a 20 20 20 20 6f 6e 55  70 64 61 74 65 41 70 70
3a 20 28 61 70 70 49 64  3a 20 73 74 72 69 6e 67
2c 20 70 61 74 63 68 3a  20 50 61 72 74 69 61 6c
3c 41 70 70 45 6e 74 72  79 3e 29 20 3d 3e 20 76
6f 69 64 3b 0a 20 20 20  20 6f 6e 44 75 70 6c 69
63 61 74 65 41 70 70 3a  20 28 61 70 70 49 64 3a
20 73 74 72 69 6e 67 29  20 3d 3e 20 76 6f 69 64
3b 0a 20 20 20 20 6f 6e  4d 6f 76 65 41 70 70 3a
20 28 61 70 70 49 64 3a  20 73 74 72 69 6e 67 2c
20 64 69 72 65 63 74 69  6f 6e 3a 20 41 70 70 4d
6f 76 65 54 61 72 67 65  74 29 20 3d 3e 20 76 6f
69 64 3b 0a 20 20 20 20  6f 6e 52 65 6d 6f 76 65
41 70 70 3a 20 28 61 70  70 49 64 3a 20 73 74 72
69 6e 67 29 20 3d 3e 20  76 6f 69 64 3b 0a 20 20
20 20 6f 6e 52 65 73 74  6f 72 65 41 70 70 3a 20
28 61 70 70 49 64 3a 20  73 74 72 69 6e 67 29 20
3d 3e 20 76 6f 69 64 3b  0a 20 20 20 20 70 65 6e
64 69 6e 67 45 64 69 74  41 70 70 49 64 3a 20 73
74 72 69 6e 67 3b 0a 20  20 20 20 6f 6e 50 65 6e
64 69 6e 67 45 64 69 74  43 6f 6e 73 75 6d 65 64
3a 20 28 29 20 3d 3e 20  76 6f 69 64 3b 0a 20 20
20 20 64 61 74 61 73 72  76 44 69 73 63 6f 76 65
72 79 3a 20 44 61 74 61  53 72 76 44 69 73 63 6f
76 65 72 79 3b 0a 20 20  20 20 73 6b 69 6c 6c 44
69 73 63 6f 76 65 72 79  3a 20 53 6b 69 6c 6c 41
70 70 44 69 73 63 6f 76  65 72 79 3b 0a 20 20 20
20 6f 6e 41 64 64 44 69  73 63 6f 76 65 72 65 64
41 70 70 3a 20 28 61 70  70 3a 20 41 70 70 45 6e
74 72 79 29 20 3d 3e 20  76 6f 69 64 3b 0a 20 20
20 20 6f 6e 43 72 65 61  74 65 41 70 70 3a 20 28
61 70 70 3a 20 41 70 70  45 6e 74 72 79 2c 20 6f
70 74 69 6f 6e 73 3f 3a  20 7b 20 6b 65 65 70 53
74 75 64 69 6f 43 72 65  61 74 65 3f 3a 20 62 6f
6f 6c 65 61 6e 20 7d 29  20 3d 3e 20 76 6f 69 64
3b 0a 20 20 20 20 6f 6e  49 6e 73 74 61 6c 6c 4d
61 72 6b 65 74 41 70 70  3a 20 28 61 70 70 3a 20
41 70 70 45 6e 74 72 79  29 20 3d 3e 20 76 6f 69
64 3b 0a 20 20 20 20 6f  6e 45 64 69 74 41 70 70
3a 20 28 61 70 70 49 64  3a 20 73 74 72 69 6e 67
29 20 3d 3e 20 76 6f 69  64 3b 0a 7d 29 20 3d 3e
20 7b 0a 20 20 20 20 63  6f 6e 73 74 20 74 65 78
74 20 3d 20 69 73 5a 68  28 6c 61 6e 67 29 20 3f
20 6c 61 62 65 6c 73 2e  7a 68 20 3a 20 6c 61 62
65 6c 73 2e 65 6e 3b 0a  20 20 20 20 63 6f 6e 73
74 20 73 74 75 64 69 6f  54 61 62 73 3a 20 41 72
72 61 79 3c 7b 20 69 64  3a 20 53 74 75 64 69 6f
54 61 62 3b 20 6c 61 62  65 6c 3a 20 73 74 72 69
6e 67 20 7d 3e 20 3d 20  5b 0a 20 20 20 20 20 20
20 20 7b 20 69 64 3a 20  27 63 72 65 61 74 65 27
2c 20 6c 61 62 65 6c 3a  20 74 65 78 74 2e 63 72
65 61 74 65 54 61 62 20  7d 2c 0a 20 20 20 20 20
20 20 20 7b 20 69 64 3a  20 27 6d 61 6e 61 67 65
27 2c 20 6c 61 62 65 6c  3a 20 74 65 78 74 2e 6d
61 6e 61 67 65 54 61 62  20 7d 2c 0a 20 20 20 20
20 20 20 20 7b 20 69 64  3a 20 27 6d 61 72 6b 65
74 27 2c 20 6c 61 62 65  6c 3a 20 74 65 78 74 2e
6d 61 72 6b 65 74 54 61  62 20 7d 2c 0a 20 20 20
20 20 20 20 20 7b 20 69  64 3a 20 27 70 75 62 6c
69 73 68 27 2c 20 6c 61  62 65 6c 3a 20 74 65 78
74 2e 70 75 62 6c 69 73  68 54 61 62 20 7d 2c 0a
20 20 20 20 5d 3b 0a 20  20 20 20 63 6f 6e 73 74
20 61 63 74 69 76 65 53  74 75 64 69 6f 54 61 62
49 6e 64 65 78 20 3d 20  4d 61 74 68 2e 6d 61 78
28 30 2c 20 73 74 75 64  69 6f 54 61 62 73 2e 66
69 6e 64 49 6e 64 65 78  28 28 69 74 65 6d 29 20
3d 3e 20 69 74 65 6d 2e  69 64 20 3d 3d 3d 20 74
61 62 29 29 3b 0a 20 20  20 20 63 6f 6e 73 74 20
61 63 74 69 76 61 74 65  53 74 75 64 69 6f 54 61
62 20 3d 20 28 6e 65 78  74 54 61 62 3a 20 53 74
75 64 69 6f 54 61 62 2c  20 73 68 6f 75 6c 64 46
6f 63 75 73 20 3d 20 66  61 6c 73 65 29 20 3d 3e
20 7b 0a 20 20 20 20 20  20 20 20 73 65 74 54 61
62 28 6e 65 78 74 54 61  62 29 3b 0a 20 20 20 20
20 20 20 20 69 66 20 28  21 73 68 6f 75 6c 64 46
6f 63 75 73 29 20 72 65  74 75 72 6e 3b 0a 20 20
20 20 20 20 20 20 63 6f  6e 73 74 20 66 6f 63 75
73 54 61 62 20 3d 20 28  29 20 3d 3e 20 64 6f 63
75 6d 65 6e 74 2e 67 65  74 45 6c 65 6d 65 6e 74
42 79 49 64 28 67 65 74  53 74 75 64 69 6f 54 61
62 49 64 28 6e 65 78 74  54 61 62 29 29 3f 2e 66
6f 63 75 73 28 29 3b 0a  20 20 20 20 20 20 20 20
69 66 20 28 74 79 70 65  6f 66 20 77 69 6e 64 6f
77 2e 72 65 71 75 65 73  74 41 6e 69 6d 61 74 69
6f 6e 46 72 61 6d 65 20  3d 3d 3d 20 27 66 75 6e
63 74 69 6f 6e 27 29 20  77 69 6e 64 6f 77 2e 72
65 71 75 65 73 74 41 6e  69 6d 61 74 69 6f 6e 46
72 61 6d 65 28 66 6f 63  75 73 54 61 62 29 3b 0a
20 20 20 20 20 20 20 20  65 6c 73 65 20 77 69 6e
64 6f 77 2e 73 65 74 54  69 6d 65 6f 75 74 28 66
6f 63 75 73 54 61 62 2c  20 30 29 3b 0a 20 20 20
20 7d 3b 0a 20 20 20 20  63 6f 6e 73 74 20 68 61
6e 64 6c 65 53 74 75 64  69 6f 54 61 62 4b 65 79
44 6f 77 6e 20 3d 20 28  65 76 65 6e 74 3a 20 4b
65 79 62 6f 61 72 64 45  76 65 6e 74 3c 48 54 4d
4c 42 75 74 74 6f 6e 45  6c 65 6d 65 6e 74 3e 2c
20 69 6e 64 65 78 3a 20  6e 75 6d 62 65 72 29 20
3d 3e 20 7b 0a 20 20 20  20 20 20 20 20 63 6f 6e
73 74 20 6e 65 78 74 49  6e 64 65 78 20 3d 20 65
76 65 6e 74 2e 6b 65 79  20 3d 3d 3d 20 27 41 72
72 6f 77 52 69 67 68 74  27 0a 20 20 20 20 20 20
20 20 20 20 20 20 3f 20  28 69 6e 64 65 78 20 2b
20 31 29 20 25 20 73 74  75 64 69 6f 54 61 62 73
2e 6c 65 6e 67 74 68 0a  20 20 20 20 20 20 20 20
20 20 20 20 3a 20 65 76  65 6e 74 2e 6b 65 79 20
3d 3d 3d 20 27 41 72 72  6f 77 4c 65 66 74 27 0a
20 20 20 20 20 20 20 20  20 20 20 20 20 20 20 20
3f 20 28 69 6e 64 65 78  20 2d 20 31 20 2b 20 73
74 75 64 69 6f 54 61 62  73 2e 6c 65 6e 67 74 68
29 20 25 20 73 74 75 64  69 6f 54 61 62 73 2e 6c
65 6e 67 74 68 0a 20 20  20 20 20 20 20 20 20 20
20 20 20 20 20 20 3a 20  65 76 65 6e 74 2e 6b 65
79 20 3d 3d 3d 20 27 48  6f 6d 65 27 0a 20 20 20
20 20 20 20 20 20 20 20  20 20 20 20 20 20 20 20
20 3f 20 30 0a 20 20 20  20 20 20 20 20 20 20 20
20 20 20 20 20 20 20 20  20 3a 20 65 76 65 6e 74
2e 6b 65 79 20 3d 3d 3d  20 27 45 6e 64 27 0a 20
20 20 20 20 20 20 20 20  20 20 20 20 20 20 20 20
20 20 20 20 20 20 20 3f  20 73 74 75 64 69 6f 54
61 62 73 2e 6c 65 6e 67  74 68 20 2d 20 31 0a 20
20 20 20 20 20 20 20 20  20 20 20 20 20 20 20 20
20 20 20 20 20 20 20 3a  20 2d 31 3b 0a 20 20 20
20 20 20 20 20 69 66 20  28 6e 65 78 74 49 6e 64
65 78 20 3c 20 30 29 20  72 65 74 75 72 6e 3b 0a
20 20 20 20 20 20 20 20  65 76 65 6e 74 2e 70 72
65 76 65 6e 74 44 65 66  61 75 6c 74 28 29 3b 0a
20 20 20 20 20 20 20 20  61 63 74 69 76 61 74 65
53 74 75 64 69 6f 54 61  62 28 73 74 75 64 69 6f
54 61 62 73 5b 6e 65 78  74 49 6e 64 65 78 5d 2e
69 64 2c 20 74 72 75 65  29 3b 0a 20 20 20 20 7d
3b 0a 20 20 20 20 72 65  74 75 72 6e 20 28 0a 20
20 20 20 20 20 20 20 3c  3e 0a 20 20 20 20 20 20
20 20 20 20 20 20 3c 64  69 76 20 63 6c 61 73 73
4e 61 6d 65 3d 22 61 70  70 73 2d 64 65 74 61 69
6c 5f 5f 68 65 61 64 65  72 22 3e 0a 20 20 20 20
20 20 20 20 20 20 20 20  20 20 20 20 3c 64 69 76
20 63 6c 61 73 73 4e 61  6d 65 3d 22 61 70 70 73
2d 64 65 74 61 69 6c 5f  5f 68 65 61 64 69 6e 67
22 3e 0a 20 20 20 20 20  20 20 20 20 20 20 20 20
20 20 20 20 20 20 20 3c  68 32 20 63 6c 61 73 73
4e 61 6d 65 3d 22 61 70  70 73 2d 64 65 74 61 69
6c 5f 5f 74 69 74 6c 65  22 3e 7b 74 65 78 74 2e
61 70 70 53 74 75 64 69  6f 7d 3c 2f 68 32 3e 0a
20 20 20 20 20 20 20 20  20 20 20 20 20 20 20 20
20 20 20 20 3c 70 20 63  6c 61 73 73 4e 61 6d 65
3d 22 61 70 70 73 2d 64  65 74 61 69 6c 5f 5f 73
75 62 74 69 74 6c 65 22  3e 7b 74 65 78 74 2e 73
74 75 64 69 6f 53 75 62  74 69 74 6c 65 7d 3c 2f
70 3e 0a 20 20 20 20 20  20 20 20 20 20 20 20 20
20 20 20 3c 2f 64 69 76  3e 0a 20 20 20 20 20 20
20 20 20 20 20 20 20 20  20 20 3c 64 69 76 20 63
6c 61 73 73 4e 61 6d 65  3d 22 61 70 70 73 2d 64
65 74 61 69 6c 5f 5f 61  63 74 69 6f 6e 73 22 3e
0a 20 20 20 20 20 20 20  20 20 20 20 20 20 20 20
20 20 20 20 20 3c 44 61  74 61 53 72 76 44 69 73
63 6f 76 65 72 79 53 75  6d 6d 61 72 79 20 64 69
73 63 6f 76 65 72 79 3d  7b 64 61 74 61 73 72 76
44 69 73 63 6f 76 65 72  79 7d 20 6c 61 6e 67 3d
7b 6c 61 6e 67 7d 20 2f  3e 0a 20 20 20 20 20 20
20 20 20 20 20 20 20 20  20 20 20 20 20 20 3c 62
75 74 74 6f 6e 20 63 6c  61 73 73 4e 61 6d 65 3d
22 61 70 70 73 2d 73 65  63 6f 6e 64 61 72 79 2d
62 75 74 74 6f 6e 22 20  74 79 70 65 3d 22 62 75
74 74 6f 6e 22 20 6f 6e  43 6c 69 63 6b 3d 7b 6f
6e 43 6c 6f 73 65 7d 3e  7b 69 73 5a 68 28 6c 61
6e 67 29 20 3f 20 27 5c  75 35 31 37 33 5c 75 39
35 65 64 27 20 3a 20 27  43 6c 6f 73 65 27 7d 3c
2f 62 75 74 74 6f 6e 3e  0a 20 20 20 20 20 20 20
20 20 20 20 20 20 20 20  20 3c 2f 64 69 76 3e 0a
20 20 20 20 20 20 20 20  20 20 20 20 3c 2f 64 69
76 3e 0a 20 20 20 20 20  20 20 20 20 20 20 20 3c
64 69 76 20 63 6c 61 73  73 4e 61 6d 65 3d 22 61
70 70 73 2d 64 65 74 61  69 6c 5f 5f 62 6f 64 79
20 65 6c 65 67 61 6e 74  2d 73 63 72 6f 6c 6c 62
61 72 22 3e 0a 20 20 20  20 20 20 20 20 20 20 20
20 20 20 20 20 3c 64 69  76 20 63 6c 61 73 73 4e
61 6d 65 3d 22 61 70 70  73 2d 70 72 65 76 69 65
77 22 3e 0a 20 20 20 20  20 20 20 20 20 20 20 20
20 20 20 20 20 20 20 20  3c 44 61 74 61 53 72 76
44 69 73 63 6f 76 65 72  79 50 61 6e 65 6c 20 64
69 73 63 6f 76 65 72 79  3d 7b 64 61 74 61 73 72
76 44 69 73 63 6f 76 65  72 79 7d 20 61 70 70 73
3d 7b 61 70 70 73 7d 20  6c 61 6e 67 3d 7b 6c 61
6e 67 7d 20 6f 6e 41 64  64 41 70 70 3d 7b 6f 6e
41 64 64 44 69 73 63 6f  76 65 72 65 64 41 70 70
7d 20 2f 3e 0a 20 20 20  20 20 20 20 20 20 20 20
20 20 20 20 20 20 20 20  20 3c 53 6b 69 6c 6c 44
69 73 63 6f 76 65 72 79  50 61 6e 65 6c 20 64 69
73 63 6f 76 65 72 79 3d  7b 73 6b 69 6c 6c 44 69
73 63 6f 76 65 72 79 7d  20 61 70 70 73 3d 7b 61
70 70 73 7d 20 6c 61 6e  67 3d 7b 6c 61 6e 67 7d
20 6f 6e 41 64 64 41 70  70 3d 7b 6f 6e 41 64 64
44 69 73 63 6f 76 65 72  65 64 41 70 70 7d 20 2f
3e 0a 20 20 20 20 20 20  20 20 20 20 20 20 20 20
20 20 20 20 20 20 3c 64  69 76 20 63 6c 61 73 73
4e 61 6d 65 3d 22 61 70  70 73 2d 73 74 75 64 69
6f 2d 74 61 62 73 22 20  72 6f 6c 65 3d 22 74 61
62 6c 69 73 74 22 20 61  72 69 61 2d 6c 61 62 65
6c 3d 7b 74 65 78 74 2e  61 70 70 53 74 75 64 69
6f 7d 3e 0a 20 20 20 20  20 20 20 20 20 20 20 20
20 20 20 20 20 20 20 20  20 20 20 20 7b 73 74 75
64 69 6f 54 61 62 73 2e  6d 61 70 28 28 69 74 65
6d 2c 20 69 6e 64 65 78  29 20 3d 3e 20 7b 0a 20
20 20 20 20 20 20 20 20  20 20 20 20 20 20 20 20
20 20 20 20 20 20 20 20  20 20 20 63 6f 6e 73 74
20 69 73 41 63 74 69 76  65 20 3d 20 61 63 74 69
76 65 53 74 75 64 69 6f  54 61 62 49 6e 64 65 78
20 3d 3d 3d 20 69 6e 64  65 78 3b 0a 20 20 20 20
20 20 20 20 20 20 20 20  20 20 20 20 20 20 20 20
20 20 20 20 20 20 20 20  72 65 74 75 72 6e 20 28
0a 20 20 20 20 20 20 20  20 20 20 20 20 20 20 20
20 20 20 20 20 20 20 20  20 20 20 20 20 20 20 20
20 3c 62 75 74 74 6f 6e  0a 20 20 20 20 20 20 20
20 20 20 20 20 20 20 20  20 20 20 20 20 20 20 20
20 20 20 20 20 20 20 20  20 20 20 20 20 6b 65 79
3d 7b 69 74 65 6d 2e 69  64 7d 0a 20 20 20 20 20
20 20 20 20 20 20 20 20  20 20 20 20 20 20 20 20
20 20 20 20 20 20 20 20  20 20 20 20 20 20 20 69
64 3d 7b 67 65 74 53 74  75 64 69 6f 54 61 62 49
64 28 69 74 65 6d 2e 69  64 29 7d 0a 20 20 20 20
20 20 20 20 20 20 20 20  20 20 20 20 20 20 20 20
20 20 20 20 20 20 20 20  20 20 20 20 20 20 20 20
63 6c 61 73 73 4e 61 6d  65 3d 7b 60 61 70 70 73
2d 73 74 75 64 69 6f 2d  74 61 62 20 24 7b 69 73
41 63 74 69 76 65 20 3f  20 27 69 73 2d 61 63 74
69 76 65 27 20 3a 20 27  27 7d 60 7d 0a 20 20 20
20 20 20 20 20 20 20 20  20 20 20 20 20 20 20 20
20 20 20 20 20 20 20 20  20 20 20 20 20 20 20 20
20 74 79 70 65 3d 22 62  75 74 74 6f 6e 22 0a 20
20 20 20 20 20 20 20 20  20 20 20 20 20 20 20 20
20 20 20 20 20 20 20 20  20 20 20 20 20 20 20 20
20 20 20 72 6f 6c 65 3d  22 74 61 62 22 0a 20 20
20 20 20 20 20 20 20 20  20 20 20 20 20 20 20 20
20 20 20 20 20 20 20 20  20 20 20 20 20 20 20 20
20 20 61 72 69 61 2d 73  65 6c 65 63 74 65 64 3d
7b 69 73 41 63 74 69 76  65 7d 0a 20 20 20 20 20
20 20 20 20 20 20 20 20  20 20 20 20 20 20 20 20
20 20 20 20 20 20 20 20  20 20 20 20 20 20 20 61
72 69 61 2d 63 6f 6e 74  72 6f 6c 73 3d 7b 67 65
74 53 74 75 64 69 6f 50  61 6e 65 6c 49 64 28 69
74 65 6d 2e 69 64 29 7d  0a 20 20 20 20 20 20 20
20 20 20 20 20 20 20 20  20 20 20 20 20 20 20 20
20 20 20 20 20 20 20 20  20 20 20 20 20 74 61 62
49 6e 64 65 78 3d 7b 69  73 41 63 74 69 76 65 20
3f 20 30 20 3a 20 2d 31  7d 0a 20 20 20 20 20 20
20 20 20 20 20 20 20 20  20 20 20 20 20 20 20 20
20 20 20 20 20 20 20 20  20 20 20 20 20 20 6f 6e
43 6c 69 63 6b 3d 7b 28  29 20 3d 3e 20 61 63 74
69 76 61 74 65 53 74 75  64 69 6f 54 61 62 28 69
74 65 6d 2e 69 64 29 7d  0a 20 20 20 20 20 20 20
20 20 20 20 20 20 20 20  20 20 20 20 20 20 20 20
20 20 20 20 20 20 20 20  20 20 20 20 20 6f 6e 4b
65 79 44 6f 77 6e 3d 7b  28 65 76 65 6e 74 29 20
3d 3e 20 68 61 6e 64 6c  65 53 74 75 64 69 6f 54
61 62 4b 65 79 44 6f 77  6e 28 65 76 65 6e 74 2c
20 69 6e 64 65 78 29 7d  0a 20 20 20 20 20 20 20
20 20 20 20 20 20 20 20  20 20 20 20 20 20 20 20
20 20 20 20 20 20 20 20  20 3e 0a 20 20 20 20 20
20 20 20 20 20 20 20 20  20 20 20 20 20 20 20 20
20 20 20 20 20 20 20 20  20 20 20 20 20 20 20 7b
69 74 65 6d 2e 6c 61 62  65 6c 7d 0a 20 20 20 20
20 20 20 20 20 20 20 20  20 20 20 20 20 20 20 20
20 20 20 20 20 20 20 20  20 20 20 20 3c 2f 62 75
74 74 6f 6e 3e 0a 20 20  20 20 20 20 20 20 20 20
20 20 20 20 20 20 20 20  20 20 20 20 20 20 20 20
20 20 29 3b 0a 20 20 20  20 20 20 20 20 20 20 20
20 20 20 20 20 20 20 20  20 20 20 20 20 7d 29 7d
0a 20 20 20 20 20 20 20  20 20 20 20 20 20 20 20
20 20 20 20 20 3c 2f 64  69 76 3e 0a 20 20 20 20
20 20 20 20 20 20 20 20  20 20 20 20 20 20 20 20
3c 64 69 76 0a 20 20 20  20 20 20 20 20 20 20 20
20 20 20 20 20 20 20 20  20 20 20 20 20 72 6f 6c
65 3d 22 74 61 62 70 61  6e 65 6c 22 0a 20 20 20
20 20 20 20 20 20 20 20  20 20 20 20 20 20 20 20
20 20 20 20 20 69 64 3d  7b 67 65 74 53 74 75 64
69 6f 50 61 6e 65 6c 49  64 28 74 61 62 29 7d 0a
20 20 20 20 20 20 20 20  20 20 20 20 20 20 20 20
20 20 20 20 20 20 20 20  61 72 69 61 2d 6c 61 62
65 6c 6c 65 64 62 79 3d  7b 67 65 74 53 74 75 64
69 6f 54 61 62 49 64 28  74 61 62 29 7d 0a 20 20
20 20 20 20 20 20 20 20  20 20 20 20 20 20 20 20
20 20 3e 0a 20 20 20 20  20 20 20 20 20 20 20 20
20 20 20 20 20 20 20 20  20 20 20 20 7b 74 61 62
20 3d 3d 3d 20 27 63 72  65 61 74 65 27 20 26 26
20 3c 43 72 65 61 74 65  41 70 70 50 61 6e 65 20
6c 61 6e 67 3d 7b 6c 61  6e 67 7d 20 6f 6e 43 72
65 61 74 65 41 70 70 3d  7b 6f 6e 43 72 65 61 74
65 41 70 70 7d 20 2f 3e  7d 0a 20 20 20 20 20 20
20 20 20 20 20 20 20 20  20 20 20 20 20 20 20 20
20 20 7b 74 61 62 20 3d  3d 3d 20 27 6d 61 6e 61
67 65 27 20 26 26 20 3c  4d 61 6e 61 67 65 41 70
70 73 50 61 6e 65 20 61  70 70 73 3d 7b 61 70 70
73 7d 20 68 69 64 64 65  6e 41 70 70 73 3d 7b 68
69 64 64 65 6e 41 70 70  73 7d 20 6c 61 6e 67 3d
7b 6c 61 6e 67 7d 20 6f  6e 54 6f 67 67 6c 65 50
69 6e 3d 7b 6f 6e 54 6f  67 67 6c 65 50 69 6e 7d
20 6f 6e 55 70 64 61 74  65 41 70 70 3d 7b 6f 6e
55 70 64 61 74 65 41 70  70 7d 20 6f 6e 44 75 70
6c 69 63 61 74 65 41 70  70 3d 7b 6f 6e 44 75 70
6c 69 63 61 74 65 41 70  70 7d 20 6f 6e 4d 6f 76
65 41 70 70 3d 7b 6f 6e  4d 6f 76 65 41 70 70 7d
20 6f 6e 52 65 6d 6f 76  65 41 70 70 3d 7b 6f 6e
52 65 6d 6f 76 65 41 70  70 7d 20 6f 6e 52 65 73
74 6f 72 65 41 70 70 3d  7b 6f 6e 52 65 73 74 6f
72 65 41 70 70 7d 20 70  65 6e 64 69 6e 67 45 64
69 74 41 70 70 49 64 3d  7b 70 65 6e 64 69 6e 67
45 64 69 74 41 70 70 49  64 7d 20 6f 6e 50 65 6e
64 69 6e 67 45 64 69 74  43 6f 6e 73 75 6d 65 64
3d 7b 6f 6e 50 65 6e 64  69 6e 67 45 64 69 74 43
6f 6e 73 75 6d 65 64 7d  20 2f 3e 7d 0a 20 20 20
20 20 20 20 20 20 20 20  20 20 20 20 20 20 20 20
20 20 20 20 20 7b 74 61  62 20 3d 3d 3d 20 27 6d
61 72 6b 65 74 27 20 26  26 20 3c 4d 61 72 6b 65
74 50 61 6e 65 20 61 70  70 73 3d 7b 61 70 70 73
7d 20 6c 61 6e 67 3d 7b  6c 61 6e 67 7d 20 6f 6e
49 6e 73 74 61 6c 6c 41  70 70 3d 7b 6f 6e 49 6e
73 74 61 6c 6c 4d 61 72  6b 65 74 41 70 70 7d 20
2f 3e 7d 0a 20 20 20 20  20 20 20 20 20 20 20 20
20 20 20 20 20 20 20 20  20 20 20 20 7b 74 61 62
20 3d 3d 3d 20 27 70 75  62 6c 69 73 68 27 20 26
26 20 3c 50 75 62 6c 69  73 68 50 61 6e 65 20 61
70 70 73 3d 7b 61 70 70  73 7d 20 6c 61 6e 67 3d
7b 6c 61 6e 67 7d 20 6f  6e 46 69 78 41 70 70 3d
7b 6f 6e 45 64 69 74 41  70 70 7d 20 2f 3e 7d 0a
20 20 20 20 20 20 20 20  20 20 20 20 20 20 20 20
20 20 20 20 3c 2f 64 69  76 3e 0a 20 20 20 20 20
20 20 20 20 20 20 20 20  20 20 20 3c 2f 64 69 76
3e 0a 20 20 20 20 20 20  20 20 20 20 20 20 3c 2f
64 69 76 3e 0a 20 20 20  20 20 20 20 20 3c 2f 3e
0a 20 20 20 20 29 3b 0a  7d 3b 0a 0a 63 6f 6e 73
74 20 67 65 74 53 74 75  64 69 6f 54 61 62 49 64
20 3d 20 28 74 61 62 3a  20 53 74 75 64 69 6f 54
61 62 29 20 3d 3e 20 60  61 70 70 73 2d 73 74 75
64 69 6f 2d 74 61 62 2d  24 7b 74 61 62 7d 60 3b
0a 63 6f 6e 73 74 20 67  65 74 53 74 75 64 69 6f
50 61 6e 65 6c 49 64 20  3d 20 28 74 61 62 3a 20
53 74 75 64 69 6f 54 61  62 29 20 3d 3e 20 60 61
70 70 73 2d 73 74 75 64  69 6f 2d 70 61 6e 65 6c
2d 24 7b 74 61 62 7d 60  3b 0a 0a 63 6f 6e 73 74
20 64 61 74 61 53 72 76  44 69 73 63 6f 76 65 72
79 53 74 61 74 75 73 4c  61 62 65 6c 20 3d 20 28
64 69 73 63 6f 76 65 72  79 3a 20 44 61 74 61 53
72 76 44 69 73 63 6f 76  65 72 79 2c 20 74 65 78
74 3a 20 74 79 70 65 6f  66 20 6c 61 62 65 6c 73
2e 7a 68 29 20 3d 3e 20  64 69 73 63 6f 76 65 72
79 2e 73 74 61 74 75 73  20 3d 3d 3d 20 27 72 65
61 64 79 27 20 3f 20 74  65 78 74 2e 64 61 74 61
73 72 76 52 65 61 64 79  20 3a 0a 20 20 20 20 64
69 73 63 6f 76 65 72 79  2e 73 74 61 74 75 73 20
3d 3d 3d 20 27 6c 6f 61  64 69 6e 67 27 20 3f 20
74 65 78 74 2e 64 61 74  61 73 72 76 4c 6f 61 64
69 6e 67 20 3a 0a 20 20  20 20 20 20 20 20 64 69
73 63 6f 76 65 72 79 2e  73 74 61 74 75 73 20 3d
3d 3d 20 27 64 69 73 61  62 6c 65 64 27 20 3f 20
74 65 78 74 2e 64 61 74  61 73 72 76 44 69 73 61
62 6c 65 64 20 3a 0a 20  20 20 20 20 20 20 20 20
20 20 20 64 69 73 63 6f  76 65 72 79 2e 73 74 61
74 75 73 20 3d 3d 3d 20  27 65 72 72 6f 72 27 20
3f 20 74 65 78 74 2e 64  61 74 61 73 72 76 45 72
72 6f 72 20 3a 20 27 2d  27 3b 0a 0a 63 6f 6e 73
74 20 44 61 74 61 53 72  76 44 69 73 63 6f 76 65
72 79 53 75 6d 6d 61 72  79 20 3d 20 28 7b 20 64
69 73 63 6f 76 65 72 79  2c 20 6c 61 6e 67 20 7d
3a 20 7b 20 64 69 73 63  6f 76 65 72 79 3a 20 44
61 74 61 53 72 76 44 69  73 63 6f 76 65 72 79 3b
20 6c 61 6e 67 3f 3a 20  73 74 72 69 6e 67 20 7d
29 20 3d 3e 20 7b 0a 20  20 20 20 63 6f 6e 73 74
20 74 65 78 74 20 3d 20  69 73 5a 68 28 6c 61 6e
67 29 20 3f 20 6c 61 62  65 6c 73 2e 7a 68 20 3a
20 6c 61 62 65 6c 73 2e  65 6e 3b 0a 20 20 20 20
63 6f 6e 73 74 20 7a 68  20 3d 20 69 73 5a 68 28
6c 61 6e 67 29 3b 0a 20  20 20 20 63 6f 6e 73 74
20 73 74 61 74 75 73 4c  61 62 65 6c 20 3d 20 64
61 74 61 53 72 76 44 69  73 63 6f 76 65 72 79 53
74 61 74 75 73 4c 61 62  65 6c 28 64 69 73 63 6f
76 65 72 79 2c 20 74 65  78 74 29 3b 0a 20 20 20
20 63 6f 6e 73 74 20 6d  65 74 72 69 63 73 20 3d
20 5b 0a 20 20 20 20 20  20 20 20 7b 20 6c 61 62
65 6c 3a 20 7a 68 20 3f  20 27 5c 75 35 37 64 66
27 20 3a 20 27 44 6f 6d  61 69 6e 73 27 2c 20 76
61 6c 75 65 3a 20 64 69  73 63 6f 76 65 72 79 2e
64 6f 6d 61 69 6e 73 20  7d 2c 0a 20 20 20 20 20
20 20 20 7b 20 6c 61 62  65 6c 3a 20 7a 68 20 3f
20 27 5c 75 35 32 61 38  5c 75 34 66 35 63 27 20
3a 20 27 41 63 74 69 6f  6e 73 27 2c 20 76 61 6c
75 65 3a 20 64 69 73 63  6f 76 65 72 79 2e 61 63
74 69 6f 6e 73 20 7d 2c  0a 20 20 20 20 20 20 20
20 7b 20 6c 61 62 65 6c  3a 20 7a 68 20 3f 20 27
5c 75 38 39 63 36 5c 75  35 36 66 65 27 20 3a 20
27 56 69 65 77 73 27 2c  20 76 61 6c 75 65 3a 20
64 69 73 63 6f 76 65 72  79 2e 76 69 65 77 73 20
7d 2c 0a 20 20 20 20 20  20 20 20 7b 20 6c 61 62
65 6c 3a 20 7a 68 20 3f  20 27 5c 75 36 32 61 35
5c 75 38 38 36 38 27 20  3a 20 27 52 65 70 6f 72
74 73 27 2c 20 76 61 6c  75 65 3a 20 64 69 73 63
6f 76 65 72 79 2e 72 65  70 6f 72 74 73 20 7d 2c
0a 20 20 20 20 20 20 20  20 7b 20 6c 61 62 65 6c
3a 20 7a 68 20 3f 20 27  5c 75 37 37 30 62 5c 75
36 37 37 66 27 20 3a 20  27 44 61 73 68 62 6f 61
72 64 73 27 2c 20 76 61  6c 75 65 3a 20 64 69 73
63 6f 76 65 72 79 2e 64  61 73 68 62 6f 61 72 64
73 20 7d 2c 0a 20 20 20  20 5d 3b 0a 20 20 20 20
63 6f 6e 73 74 20 65 6e  64 70 6f 69 6e 74 20 3d
20 64 69 73 63 6f 76 65  72 79 2e 65 6e 64 70 6f
69 6e 74 20 7c 7c 20 27  68 74 74 70 3a 2f 2f 31
32 37 2e 30 2e 30 2e 31  3a 31 38 31 38 30 27 3b
0a 20 20 20 20 63 6f 6e  73 74 20 6d 65 74 61 20
3d 20 64 69 73 63 6f 76  65 72 79 2e 65 72 72 6f
72 20 3f 20 60 24 7b 65  6e 64 70 6f 69 6e 74 7d
20 c2 b7 20 24 7b 64 69  73 63 6f 76 65 72 79 2e
65 72 72 6f 72 7d 60 20  3a 20 65 6e 64 70 6f 69
6e 74 3b 0a 20 20 20 20  72 65 74 75 72 6e 20 28
0a 20 20 20 20 20 20 20  20 3c 64 69 76 20 63 6c
61 73 73 4e 61 6d 65 3d  22 61 70 70 73 2d 64 61
74 61 73 72 76 2d 73 75  6d 6d 61 72 79 22 20 64
61 74 61 2d 73 74 61 74  75 73 3d 7b 64 69 73 63
6f 76 65 72 79 2e 73 74  61 74 75 73 7d 20 61 72
69 61 2d 6c 61 62 65 6c  3d 7b 74 65 78 74 2e 64
61 74 61 73 72 76 44 69  73 63 6f 76 65 72 79 7d
3e 0a 20 20 20 20 20 20  20 20 20 20 20 20 3c 64
69 76 20 63 6c 61 73 73  4e 61 6d 65 3d 22 61 70
70 73 2d 64 61 74 61 73  72 76 2d 73 75 6d 6d 61
72 79 5f 5f 6d 61 69 6e  22 3e 0a 20 20 20 20 20
20 20 20 20 20 20 20 20  20 20 20 3c 73 70 61 6e
20 63 6c 61 73 73 4e 61  6d 65 3d 22 61 70 70 73
2d 64 61 74 61 73 72 76  2d 73 75 6d 6d 61 72 79
5f 5f 74 69 74 6c 65 22  3e 7b 74 65 78 74 2e 64
61 74 61 73 72 76 44 69  73 63 6f 76 65 72 79 7d
3c 2f 73 70 61 6e 3e 0a  20 20 20 20 20 20 20 20
20 20 20 20 20 20 20 20  3c 73 70 61 6e 20 63 6c
61 73 73 4e 61 6d 65 3d  22 61 70 70 73 2d 64 61
74 61 73 72 76 2d 73 75  6d 6d 61 72 79 5f 5f 73
74 61 74 75 73 22 3e 7b  73 74 61 74 75 73 4c 61
62 65 6c 7d 3c 2f 73 70  61 6e 3e 0a 20 20 20 20
20 20 20 20 20 20 20 20  3c 2f 64 69 76 3e 0a 20
20 20 20 20 20 20 20 20  20 20 20 3c 64 69 76 20
63 6c 61 73 73 4e 61 6d  65 3d 22 61 70 70 73 2d
64 61 74 61 73 72 76 2d  73 75 6d 6d 61 72 79 5f
5f 6d 65 74 72 69 63 73  22 20 61 72 69 61 2d 6c
61 62 65 6c 3d 7b 7a 68  20 3f 20 27 5c 75 38 30
66 64 5c 75 35 32 39 62  5c 75 37 65 64 66 5c 75
38 62 61 31 27 20 3a 20  27 43 61 70 61 62 69 6c
69 74 79 20 63 6f 75 6e  74 73 27 7d 3e 0a 20 20
20 20 20 20 20 20 20 20  20 20 20 20 20 20 7b 6d
65 74 72 69 63 73 2e 6d  61 70 28 28 6d 65 74 72
69 63 29 20 3d 3e 20 28  0a 20 20 20 20 20 20 20
20 20 20 20 20 20 20 20  20 20 20 20 20 3c 73 70
61 6e 20 6b 65 79 3d 7b  6d 65 74 72 69 63 2e 6c
61 62 65 6c 7d 3e 3c 73  74 72 6f 6e 67 3e 7b 6d
65 74 72 69 63 2e 76 61  6c 75 65 7d 3c 2f 73 74
72 6f 6e 67 3e 7b 6d 65  74 72 69 63 2e 6c 61 62
65 6c 7d 3c 2f 73 70 61  6e 3e 0a 20 20 20 20 20
20 20 20 20 20 20 20 20  20 20 20 29 29 7d 0a 20
20 20 20 20 20 20 20 20  20 20 20 3c 2f 64 69 76
3e 0a 20 20 20 20 20 20  20 20 20 20 20 20 3c 64
69 76 20 63 6c 61 73 73  4e 61 6d 65 3d 22 61 70
70 73 2d 64 61 74 61 73  72 76 2d 73 75 6d 6d 61
72 79 5f 5f 6d 65 74 61  22 20 74 69 74 6c 65 3d
7b 6d 65 74 61 7d 3e 0a  20 20 20 20 20 20 20 20
20 20 20 20 20 20 20 20  7b 6d 65 74 61 7d 0a 20
20 20 20 20 20 20 20 20  20 20 20 3c 2f 64 69 76
3e 0a 20 20 20 20 20 20  20 20 3c 2f 64 69 76 3e
0a 20 20 20 20 29 3b 0a  7d 3b 0a 0a 63 6f 6e 73
74 20 53 6b 69 6c 6c 44  69 73 63 6f 76 65 72 79
50 61 6e 65 6c 20 3d 20  28 7b 20 64 69 73 63 6f
76 65 72 79 2c 20 61 70  70 73 2c 20 6c 61 6e 67
2c 20 6f 6e 41 64 64 41  70 70 20 7d 3a 20 7b 20
64 69 73 63 6f 76 65 72  79 3a 20 53 6b 69 6c 6c
41 70 70 44 69 73 63 6f  76 65 72 79 3b 20 61 70
70 73 3a 20 41 70 70 45  6e 74 72 79 5b 5d 3b 20
6c 61 6e 67 3f 3a 20 73  74 72 69 6e 67 3b 20 6f
6e 41 64 64 41 70 70 3a  20 28 61 70 70 3a 20 41
70 70 45 6e 74 72 79 29  20 3d 3e 20 76 6f 69 64
20 7d 29 20 3d 3e 20 7b  0a 20 20 20 20 63 6f 6e
73 74 20 74 65 78 74 20  3d 20 69 73 5a 68 28 6c
61 6e 67 29 20 3f 20 6c  61 62 65 6c 73 2e 7a 68
20 3a 20 6c 61 62 65 6c  73 2e 65 6e 3b 0a 20 20
20 20 63 6f 6e 73 74 20  69 6e 73 74 61 6c 6c 65
64 49 64 73 20 3d 20 6e  65 77 20 53 65 74 28 61
70 70 73 2e 6d 61 70 28  28 61 70 70 29 20 3d 3e
20 61 70 70 2e 69 64 29  29 3b 0a 20 20 20 20 63
6f 6e 73 74 20 73 74 61  74 75 73 4c 61 62 65 6c
20 3d 20 64 69 73 63 6f  76 65 72 79 2e 73 74 61
74 75 73 20 3d 3d 3d 20  27 6c 6f 61 64 69 6e 67
27 20 3f 20 74 65 78 74  2e 64 61 74 61 73 72 76
4c 6f 61 64 69 6e 67 20  3a 0a 20 20 20 20 20 20
20 20 64 69 73 63 6f 76  65 72 79 2e 73 74 61 74
75 73 20 3d 3d 3d 20 27  65 72 72 6f 72 27 20 3f
20 74 65 78 74 2e 64 61  74 61 73 72 76 45 72 72
6f 72 20 3a 0a 20 20 20  20 20 20 20 20 20 20 20
20 64 69 73 63 6f 76 65  72 79 2e 73 74 61 74 75
73 20 3d 3d 3d 20 27 72  65 61 64 79 27 20 3f 20
74 65 78 74 2e 73 6b 69  6c 6c 41 70 70 73 52 65
61 64 79 20 3a 20 27 2d  27 3b 0a 20 20 20 20 72
65 74 75 72 6e 20 28 0a  20 20 20 20 20 20 20 20
3c 73 65 63 74 69 6f 6e  20 63 6c 61 73 73 4e 61
6d 65 3d 22 61 70 70 73  2d 64 69 73 63 6f 76 65
72 79 22 20 64 61 74 61  2d 73 74 61 74 75 73 3d
7b 64 69 73 63 6f 76 65  72 79 2e 73 74 61 74 75
73 20 3d 3d 3d 20 27 72  65 61 64 79 27 20 3f 20
27 72 65 61 64 79 27 20  3a 20 64 69 73 63 6f 76
65 72 79 2e 73 74 61 74  75 73 7d 3e 0a 20 20 20
20 20 20 20 20 20 20 20  20 3c 64 69 76 3e 0a 20
20 20 20 20 20 20 20 20  20 20 20 20 20 20 20 3c
64 69 76 20 63 6c 61 73  73 4e 61 6d 65 3d 22 61
70 70 73 2d 64 69 73 63  6f 76 65 72 79 5f 5f 74
69 74 6c 65 22 3e 7b 74  65 78 74 2e 73 6b 69 6c
6c 41 70 70 73 7d 3c 2f  64 69 76 3e 0a 20 20 20
20 20 20 20 20 20 20 20  20 20 20 20 20 3c 64 69
76 20 63 6c 61 73 73 4e  61 6d 65 3d 22 61 70 70
73 2d 64 69 73 63 6f 76  65 72 79 5f 5f 6d 65 74
61 22 3e 6d 61 63 6c 61  77 2e 61 70 70 2e 6a 73
6f 6e 20 2f 20 6d 61 63  6c 61 77 2e 61 70 70 73
2e 6a 73 6f 6e 20 c2 b7  20 78 5f 6d 61 63 6c 61
77 5f 61 70 70 73 3c 2f  64 69 76 3e 0a 20 20 20
20 20 20 20 20 20 20 20  20 20 20 20 20 7b 64 69
73 63 6f 76 65 72 79 2e  65 72 72 6f 72 20 26 26
20 3c 64 69 76 20 63 6c  61 73 73 4e 61 6d 65 3d
22 61 70 70 73 2d 64 69  73 63 6f 76 65 72 79 5f
5f 65 72 72 6f 72 22 3e  7b 64 69 73 63 6f 76 65
72 79 2e 65 72 72 6f 72  7d 3c 2f 64 69 76 3e 7d
0a 20 20 20 20 20 20 20  20 20 20 20 20 3c 2f 64
69 76 3e 0a 20 20 20 20  20 20 20 20 20 20 20 20
3c 64 69 76 20 63 6c 61  73 73 4e 61 6d 65 3d 22
61 70 70 73 2d 64 69 73  63 6f 76 65 72 79 5f 5f
73 74 61 74 75 73 22 3e  7b 73 74 61 74 75 73 4c
61 62 65 6c 7d 3c 2f 64  69 76 3e 0a 20 20 20 20
20 20 20 20 20 20 20 20  7b 64 69 73 63 6f 76 65
72 79 2e 63 61 6e 64 69  64 61 74 65 73 2e 6c 65
6e 67 74 68 20 3e 20 30  20 26 26 20 28 0a 20 20
20 20 20 20 20 20 20 20  20 20 20 20 20 20 3c 64
69 76 20 63 6c 61 73 73  4e 61 6d 65 3d 22 61 70
70 73 2d 64 69 73 63 6f  76 65 72 79 5f 5f 63 61
6e 64 69 64 61 74 65 73  22 3e 0a 20 20 20 20 20
20 20 20 20 20 20 20 20  20 20 20 20 20 20 20 7b
64 69 73 63 6f 76 65 72  79 2e 63 61 6e 64 69 64
61 74 65 73 2e 6d 61 70  28 28 63 61 6e 64 69 64
61 74 65 29 20 3d 3e 20  7b 0a 20 20 20 20 20 20
20 20 20 20 20 20 20 20  20 20 20 20 20 20 20 20
20 20 63 6f 6e 73 74 20  69 6e 73 74 61 6c 6c 65
64 20 3d 20 69 6e 73 74  61 6c 6c 65 64 49 64 73
2e 68 61 73 28 63 61 6e  64 69 64 61 74 65 2e 69
64 29 3b 0a 20 20 20 20  20 20 20 20 20 20 20 20
20 20 20 20 20 20 20 20  20 20 20 20 72 65 74 75
72 6e 20 28 0a 20 20 20  20 20 20 20 20 20 20 20
20 20 20 20 20 20 20 20  20 20 20 20 20 20 20 20
20 3c 64 69 76 20 63 6c  61 73 73 4e 61 6d 65 3d
22 61 70 70 73 2d 64 69  73 63 6f 76 65 72 79 5f
5f 63 61 6e 64 69 64 61  74 65 22 20 6b 65 79 3d
7b 63 61 6e 64 69 64 61  74 65 2e 69 64 7d 3e 0a
20 20 20 20 20 20 20 20  20 20 20 20 20 20 20 20
20 20 20 20 20 20 20 20  20 20 20 20 20 20 20 20
3c 73 70 61 6e 20 63 6c  61 73 73 4e 61 6d 65 3d
22 61 70 70 73 2d 61 70  70 2d 69 63 6f 6e 22 20
73 74 79 6c 65 3d 7b 7b  20 27 2d 2d 61 70 70 73
2d 69 63 6f 6e 2d 63 6f  6c 6f 72 27 3a 20 63 61
6e 64 69 64 61 74 65 2e  61 63 63 65 6e 74 20 7d
20 61 73 20 43 53 53 50  72 6f 70 65 72 74 69 65
73 7d 3e 3c 49 63 6f 6e  20 6e 61 6d 65 3d 7b 63
61 6e 64 69 64 61 74 65  2e 69 63 6f 6e 7d 20 2f
3e 3c 2f 73 70 61 6e 3e  0a 20 20 20 20 20 20 20
20 20 20 20 20 20 20 20  20 20 20 20 20 20 20 20
20 20 20 20 20 20 20 20  20 3c 64 69 76 3e 0a 20
20 20 20 20 20 20 20 20  20 20 20 20 20 20 20 20
20 20 20 20 20 20 20 20  20 20 20 20 20 20 20 20
20 20 20 3c 73 74 72 6f  6e 67 3e 7b 63 61 6e 64
69 64 61 74 65 2e 6e 61  6d 65 7d 3c 2f 73 74 72
6f 6e 67 3e 0a 20 20 20  20 20 20 20 20 20 20 20
20 20 20 20 20 20 20 20  20 20 20 20 20 20 20 20
20 20 20 20 20 20 20 20  20 3c 73 70 61 6e 3e 7b
63 61 6e 64 69 64 61 74  65 2e 6d 61 6e 69 66 65
73 74 3f 2e 73 6b 69 6c  6c 3f 2e 69 64 20 7c 7c
20 63 61 6e 64 69 64 61  74 65 2e 63 61 74 65 67
6f 72 79 7d 3c 2f 73 70  61 6e 3e 0a 20 20 20 20
20 20 20 20 20 20 20 20  20 20 20 20 20 20 20 20
20 20 20 20 20 20 20 20  20 20 20 20 3c 2f 64 69
76 3e 0a 20 20 20 20 20  20 20 20 20 20 20 20 20
20 20 20 20 20 20 20 20  20 20 20 20 20 20 20 20
20 20 20 3c 62 75 74 74  6f 6e 20 63 6c 61 73 73
4e 61 6d 65 3d 22 61 70  70 73 2d 73 65 63 6f 6e
64 61 72 79 2d 62 75 74  74 6f 6e 22 20 74 79 70
65 3d 22 62 75 74 74 6f  6e 22 20 64 69 73 61 62
6c 65 64 3d 7b 69 6e 73  74 61 6c 6c 65 64 7d 20
6f 6e 43 6c 69 63 6b 3d  7b 28 29 20 3d 3e 20 6f
6e 41 64 64 41 70 70 28  63 61 6e 64 69 64 61 74
65 29 7d 3e 0a 20 20 20  20 20 20 20 20 20 20 20
20 20 20 20 20 20 20 20  20 20 20 20 20 20 20 20
20 20 20 20 20 20 20 20  20 7b 69 6e 73 74 61 6c
6c 65 64 20 3f 20 74 65  78 74 2e 61 64 64 65 64
20 3a 20 74 65 78 74 2e  61 64 64 54 6f 50 61 6e
65 6c 7d 0a 20 20 20 20  20 20 20 20 20 20 20 20
20 20 20 20 20 20 20 20  20 20 20 20 20 20 20 20
20 20 20 20 3c 2f 62 75  74 74 6f 6e 3e 0a 20 20
20 20 20 20 20 20 20 20  20 20 20 20 20 20 20 20
20 20 20 20 20 20 20 20  20 20 3c 2f 64 69 76 3e
0a 20 20 20 20 20 20 20  20 20 20 20 20 20 20 20
20 20 20 20 20 20 20 20  20 29 3b 0a 20 20 20 20
20 20 20 20 20 20 20 20  20 20 20 20 20 20 20 20
7d 29 7d 0a 20 20 20 20  20 20 20 20 20 20 20 20
20 20 20 20 3c 2f 64 69  76 3e 0a 20 20 20 20 20
20 20 20 20 20 20 20 29  7d 0a 20 20 20 20 20 20
20 20 3c 2f 73 65 63 74  69 6f 6e 3e 0a 20 20 20
20 29 3b 0a 7d 3b 0a 0a  63 6f 6e 73 74 20 44 61
74 61 53 72 76 44 69 73  63 6f 76 65 72 79 50 61
6e 65 6c 20 3d 20 28 7b  20 64 69 73 63 6f 76 65
72 79 2c 20 61 70 70 73  2c 20 6c 61 6e 67 2c 20
6f 6e 41 64 64 41 70 70  20 7d 3a 20 7b 20 64 69
73 63 6f 76 65 72 79 3a  20 44 61 74 61 53 72 76
44 69 73 63 6f 76 65 72  79 3b 20 61 70 70 73 3a
20 41 70 70 45 6e 74 72  79 5b 5d 3b 20 6c 61 6e
67 3f 3a 20 73 74 72 69  6e 67 3b 20 6f 6e 41 64
64 41 70 70 3a 20 28 61  70 70 3a 20 41 70 70 45
6e 74 72 79 29 20 3d 3e  20 76 6f 69 64 20 7d 29
20 3d 3e 20 7b 0a 20 20  20 20 63 6f 6e 73 74 20
74 65 78 74 20 3d 20 69  73 5a 68 28 6c 61 6e 67
29 20 3f 20 6c 61 62 65  6c 73 2e 7a 68 20 3a 20
6c 61 62 65 6c 73 2e 65  6e 3b 0a 20 20 20 20 63
6f 6e 73 74 20 69 6e 73  74 61 6c 6c 65 64 49 64
73 20 3d 20 6e 65 77 20  53 65 74 28 61 70 70 73
2e 6d 61 70 28 28 61 70  70 29 20 3d 3e 20 61 70
70 2e 69 64 29 29 3b 0a  20 20 20 20 69 66 20 28
64 69 73 63 6f 76 65 72  79 2e 63 61 6e 64 69 64
61 74 65 73 2e 6c 65 6e  67 74 68 20 3d 3d 3d 20
30 29 20 72 65 74 75 72  6e 20 6e 75 6c 6c 3b 0a
20 20 20 20 72 65 74 75  72 6e 20 28 0a 20 20 20
20 20 20 20 20 3c 73 65  63 74 69 6f 6e 20 63 6c
61 73 73 4e 61 6d 65 3d  22 61 70 70 73 2d 64 69
73 63 6f 76 65 72 79 22  20 64 61 74 61 2d 73 74
61 74 75 73 3d 7b 64 69  73 63 6f 76 65 72 79 2e
73 74 61 74 75 73 7d 3e  0a 20 20 20 20 20 20 20
20 20 20 20 20 3c 64 69  76 20 63 6c 61 73 73 4e
61 6d 65 3d 22 61 70 70  73 2d 64 69 73 63 6f 76
65 72 79 5f 5f 63 61 6e  64 69 64 61 74 65 73 22
3e 0a 20 20 20 20 20 20  20 20 20 20 20 20 20 20
20 20 3c 64 69 76 20 63  6c 61 73 73 4e 61 6d 65
3d 22 61 70 70 73 2d 64  69 73 63 6f 76 65 72 79
5f 5f 63 61 6e 64 69 64  61 74 65 2d 74 69 74 6c
65 22 3e 7b 74 65 78 74  2e 64 69 73 63 6f 76 65
72 65 64 41 70 70 73 7d  3c 2f 64 69 76 3e 0a 20
20 20 20 20 20 20 20 20  20 20 20 20 20 20 20 7b
64 69 73 63 6f 76 65 72  79 2e 63 61 6e 64 69 64
61 74 65 73 2e 6d 61 70  28 28 63 61 6e 64 69 64
61 74 65 29 20 3d 3e 20  7b 0a 20 20 20 20 20 20
20 20 20 20 20 20 20 20  20 20 20 20 20 20 63 6f
6e 73 74 20 69 6e 73 74  61 6c 6c 65 64 20 3d 20
69 6e 73 74 61 6c 6c 65  64 49 64 73 2e 68 61 73
28 63 61 6e 64 69 64 61  74 65 2e 69 64 29 3b 0a
20 20 20 20 20 20 20 20  20 20 20 20 20 20 20 20
20 20 20 20 72 65 74 75  72 6e 20 28 0a 20 20 20
20 20 20 20 20 20 20 20  20 20 20 20 20 20 20 20
20 20 20 20 20 3c 64 69  76 20 63 6c 61 73 73 4e
61 6d 65 3d 22 61 70 70  73 2d 64 69 73 63 6f 76
65 72 79 5f 5f 63 61 6e  64 69 64 61 74 65 22 20
6b 65 79 3d 7b 63 61 6e  64 69 64 61 74 65 2e 69
64 7d 3e 0a 20 20 20 20  20 20 20 20 20 20 20 20
20 20 20 20 20 20 20 20  20 20 20 20 20 20 20 20
3c 73 70 61 6e 20 63 6c  61 73 73 4e 61 6d 65 3d
22 61 70 70 73 2d 61 70  70 2d 69 63 6f 6e 22 20
73 74 79 6c 65 3d 7b 7b  20 27 2d 2d 61 70 70 73
2d 69 63 6f 6e 2d 63 6f  6c 6f 72 27 3a 20 63 61
6e 64 69 64 61 74 65 2e  61 63 63 65 6e 74 20 7d
20 61 73 20 43 53 53 50  72 6f 70 65 72 74 69 65
73 7d 3e 3c 49 63 6f 6e  20 6e 61 6d 65 3d 7b 63
61 6e 64 69 64 61 74 65  2e 69 63 6f 6e 7d 20 2f
3e 3c 2f 73 70 61 6e 3e  0a 20 20 20 20 20 20 20
20 20 20 20 20 20 20 20  20 20 20 20 20 20 20 20
20 20 20 20 20 3c 64 69  76 3e 0a 20 20 20 20 20
20 20 20 20 20 20 20 20  20 20 20 20 20 20 20 20
20 20 20 20 20 20 20 20  20 20 20 3c 73 74 72 6f
6e 67 3e 7b 63 61 6e 64  69 64 61 74 65 2e 6e 61
6d 65 7d 3c 2f 73 74 72  6f 6e 67 3e 0a 20 20 20
20 20 20 20 20 20 20 20  20 20 20 20 20 20 20 20
20 20 20 20 20 20 20 20  20 20 20 20 20 3c 73 70
61 6e 3e 7b 63 61 6e 64  69 64 61 74 65 2e 6d 61
6e 69 66 65 73 74 3f 2e  64 61 74 61 73 72 76 3f
2e 70 72 65 66 65 72 72  65 64 41 63 74 69 6f 6e
20 7c 7c 20 63 61 6e 64  69 64 61 74 65 2e 63 61
74 65 67 6f 72 79 7d 3c  2f 73 70 61 6e 3e 0a 20
20 20 20 20 20 20 20 20  20 20 20 20 20 20 20 20
20 20 20 20 20 20 20 20  20 20 20 3c 2f 64 69 76
3e 0a 20 20 20 20 20 20  20 20 20 20 20 20 20 20
20 20 20 20 20 20 20 20  20 20 20 20 20 20 3c 62
75 74 74 6f 6e 20 63 6c  61 73 73 4e 61 6d 65 3d
22 61 70 70 73 2d 73 65  63 6f 6e 64 61 72 79 2d
62 75 74 74 6f 6e 22 20  74 79 70 65 3d 22 62 75
74 74 6f 6e 22 20 64 69  73 61 62 6c 65 64 3d 7b
69 6e 73 74 61 6c 6c 65  64 7d 20 6f 6e 43 6c 69
63 6b 3d 7b 28 29 20 3d  3e 20 6f 6e 41 64 64 41
70 70 28 63 61 6e 64 69  64 61 74 65 29 7d 3e 0a
20 20 20 20 20 20 20 20  20 20 20 20 20 20 20 20
20 20 20 20 20 20 20 20  20 20 20 20 20 20 20 20
7b 69 6e 73 74 61 6c 6c  65 64 20 3f 20 74 65 78
74 2e 61 64 64 65 64 20  3a 20 74 65 78 74 2e 61
64 64 54 6f 50 61 6e 65  6c 7d 0a 20 20 20 20 20
20 20 20 20 20 20 20 20  20 20 20 20 20 20 20 20
20 20 20 20 20 20 20 3c  2f 62 75 74 74 6f 6e 3e
0a 20 20 20 20 20 20 20  20 20 20 20 20 20 20 20
20 20 20 20 20 20 20 20  20 3c 2f 64 69 76 3e 0a
20 20 20 20 20 20 20 20  20 20 20 20 20 20 20 20
20 20 20 20 29 3b 0a 20  20 20 20 20 20 20 20 20
20 20 20 20 20 20 20 7d  29 7d 0a 20 20 20 20 20
20 20 20 20 20 20 20 3c  2f 64 69 76 3e 0a 20 20
20 20 20 20 20 20 3c 2f  73 65 63 74 69 6f 6e 3e
0a 20 20 20 20 29 3b 0a  7d 3b 0a 0a 63 6f 6e 73
74 20 43 72 65 61 74 65  41 70 70 50 61 6e 65 20
3d 20 28 7b 20 6c 61 6e  67 2c 20 6f 6e 43 72 65
61 74 65 41 70 70 20 7d  3a 20 7b 20 6c 61 6e 67
3f 3a 20 73 74 72 69 6e  67 3b 20 6f 6e 43 72 65
61 74 65 41 70 70 3a 20  28 61 70 70 3a 20 41 70
70 45 6e 74 72 79 2c 20  6f 70 74 69 6f 6e 73 3f
3a 20 7b 20 6b 65 65 70  53 74 75 64 69 6f 43 72
65 61 74 65 3f 3a 20 62  6f 6f 6c 65 61 6e 20 7d
29 20 3d 3e 20 76 6f 69  64 20 7d 29 20 3d 3e 20
7b 0a 20 20 20 20 63 6f  6e 73 74 20 74 65 78 74
20 3d 20 69 73 5a 68 28  6c 61 6e 67 29 20 3f 20
6c 61 62 65 6c 73 2e 7a  68 20 3a 20 6c 61 62 65
6c 73 2e 65 6e 3b 0a 20  20 20 20 63 6f 6e 73 74
20 7a 68 20 3d 20 69 73  5a 68 28 6c 61 6e 67 29
3b 0a 20 20 20 20 63 6f  6e 73 74 20 5b 6e 61 6d
65 2c 20 73 65 74 4e 61  6d 65 5d 20 3d 20 75 73
65 53 74 61 74 65 28 27  27 29 3b 0a 20 20 20 20
63 6f 6e 73 74 20 5b 63  61 74 65 67 6f 72 79 2c
20 73 65 74 43 61 74 65  67 6f 72 79 5d 20 3d 20
75 73 65 53 74 61 74 65  28 7a 68 20 3f 20 27 5c
75 36 35 38 37 5c 75 36  38 36 33 5c 75 35 39 30
34 5c 75 37 34 30 36 27  20 3a 20 27 44 6f 63 75
6d 65 6e 74 27 29 3b 0a  20 20 20 20 63 6f 6e 73
74 20 5b 6b 69 6e 64 2c  20 73 65 74 4b 69 6e 64
5d 20 3d 20 75 73 65 53  74 61 74 65 3c 41 70 70
4b 69 6e 64 3e 28 27 74  6f 6f 6c 5f 61 70 70 27
29 3b 0a 20 20 20 20 63  6f 6e 73 74 20 5b 69 63
6f 6e 2c 20 73 65 74 49  63 6f 6e 5d 20 3d 20 75
73 65 53 74 61 74 65 3c  41 70 70 49 63 6f 6e 4e
61 6d 65 3e 28 27 73 68  69 65 6c 64 27 29 3b 0a
20 20 20 20 63 6f 6e 73  74 20 5b 61 63 63 65 6e
74 2c 20 73 65 74 41 63  63 65 6e 74 5d 20 3d 20
75 73 65 53 74 61 74 65  28 64 65 66 61 75 6c 74
41 63 63 65 6e 74 46 6f  72 4b 69 6e 64 28 27 74
6f 6f 6c 5f 61 70 70 27  29 29 3b 0a 20 20 20 20
63 6f 6e 73 74 20 5b 69  6e 70 75 74 4d 6f 64 65
2c 20 73 65 74 49 6e 70  75 74 4d 6f 64 65 5d 20
3d 20 75 73 65 53 74 61  74 65 3c 27 66 69 6c 65
27 20 7c 20 27 66 6f 72  6d 27 20 7c 20 27 6d 69
78 65 64 27 3e 28 27 66  69 6c 65 27 29 3b 0a 20
20 20 20 63 6f 6e 73 74  20 5b 6d 75 6c 74 69 70
6c 65 46 69 6c 65 73 2c  20 73 65 74 4d 75 6c 74
69 70 6c 65 46 69 6c 65  73 5d 20 3d 20 75 73 65
53 74 61 74 65 28 66 61  6c 73 65 29 3b 0a 20 20
20 20 63 6f 6e 73 74 20  5b 6f 75 74 70 75 74 4d
6f 64 65 73 2c 20 73 65  74 4f 75 74 70 75 74 4d
6f 64 65 73 5d 20 3d 20  75 73 65 53 74 61 74 65
3c 73 74 72 69 6e 67 5b  5d 3e 28 5b 27 64 6f 63
78 27 2c 20 27 70 64 66  27 5d 29 3b 0a 20 20 20
20 63 6f 6e 73 74 20 5b  73 6b 69 6c 6c 46 69 65
6c 64 73 2c 20 73 65 74  53 6b 69 6c 6c 46 69 65
6c 64 73 5d 20 3d 20 75  73 65 53 74 61 74 65 3c
53 6b 69 6c 6c 41 70 70  46 69 65 6c 64 5b 5d 3e
28 5b 5d 29 3b 0a 20 20  20 20 63 6f 6e 73 74 20
5b 64 65 73 63 72 69 70  74 69 6f 6e 2c 20 73 65
74 44 65 73 63 72 69 70  74 69 6f 6e 5d 20 3d 20
75 73 65 53 74 61 74 65  28 27 27 29 3b 0a 20 20
20 20 63 6f 6e 73 74 20  5b 64 72 61 66 74 50 72
6f 6d 70 74 2c 20 73 65  74 44 72 61 66 74 50 72
6f 6d 70 74 5d 20 3d 20  75 73 65 53 74 61 74 65
28 27 27 29 3b 0a 20 20  20 20 63 6f 6e 73 74 20
5b 63 6f 70 79 53 74 61  74 65 2c 20 73 65 74 43
6f 70 79 53 74 61 74 65  5d 20 3d 20 75 73 65 53
74 61 74 65 3c 27 69 64  6c 65 27 20 7c 20 27 63
6f 70 69 65 64 27 3e 28  27 69 64 6c 65 27 29 3b
0a 20 20 20 20 63 6f 6e  73 74 20 5b 61 76 61 69
6c 61 62 6c 65 53 6b 69  6c 6c 73 2c 20 73 65 74
41 76 61 69 6c 61 62 6c  65 53 6b 69 6c 6c 73 5d
20 3d 20 75 73 65 53 74  61 74 65 3c 53 6b 69 6c
6c 53 75 6d 6d 61 72 79  5b 5d 3e 28 5b 5d 29 3b
0a 20 20 20 20 63 6f 6e  73 74 20 5b 73 65 6c 65
63 74 65 64 53 6b 69 6c  6c 2c 20 73 65 74 53 65
6c 65 63 74 65 64 53 6b  69 6c 6c 5d 20 3d 20 75
73 65 53 74 61 74 65 28  27 27 29 3b 0a 20 20 20
20 63 6f 6e 73 74 20 5b  73 6b 69 6c 6c 41 70 70
53 61 76 65 53 74 61 74  65 2c 20 73 65 74 53 6b
69 6c 6c 41 70 70 53 61  76 65 53 74 61 74 65 5d
20 3d 20 75 73 65 53 74  61 74 65 3c 27 69 64 6c
65 27 20 7c 20 27 73 61  76 69 6e 67 27 20 7c 20
27 73 61 76 65 64 27 20  7c 20 27 65 72 72 6f 72
27 3e 28 27 69 64 6c 65  27 29 3b 0a 20 20 20 20
63 6f 6e 73 74 20 5b 73  6b 69 6c 6c 41 70 70 53
61 76 65 4d 65 73 73 61  67 65 2c 20 73 65 74 53
6b 69 6c 6c 41 70 70 53  61 76 65 4d 65 73 73 61
67 65 5d 20 3d 20 75 73  65 53 74 61 74 65 28 27
27 29 3b 0a 20 20 20 20  63 6f 6e 73 74 20 5b 73
6b 69 6c 6c 4d 61 72 6b  65 74 55 70 6c 6f 61 64
53 74 61 74 65 2c 20 73  65 74 53 6b 69 6c 6c 4d
61 72 6b 65 74 55 70 6c  6f 61 64 53 74 61 74 65
5d 20 3d 20 75 73 65 53  74 61 74 65 3c 27 69 64
6c 65 27 20 7c 20 27 75  70 6c 6f 61 64 69 6e 67
27 20 7c 20 27 75 70 6c  6f 61 64 65 64 27 20 7c
20 27 65 72 72 6f 72 27  3e 28 27 69 64 6c 65 27
29 3b 0a 20 20 20 20 75  73 65 45 66 66 65 63 74
28 28 29 20 3d 3e 20 7b  0a 20 20 20 20 20 20 20
20 6c 65 74 20 63 61 6e  63 65 6c 6c 65 64 20 3d
20 66 61 6c 73 65 3b 0a  20 20 20 20 20 20 20 20
4c 69 73 74 4e 4c 53 6b  69 6c 6c 73 28 29 0a 20
20 20 20 20 20 20 20 20  20 20 20 2e 74 68 65 6e
28 28 73 6b 69 6c 6c 73  3a 20 53 6b 69 6c 6c 53
75 6d 6d 61 72 79 5b 5d  20 3d 20 5b 5d 29 20 3d
3e 20 7b 0a 20 20 20 20  20 20 20 20 20 20 20 20
20 20 20 20 69 66 20 28  63 61 6e 63 65 6c 6c 65
64 29 20 72 65 74 75 72  6e 3b 0a 20 20 20 20 20
20 20 20 20 20 20 20 20  20 20 20 63 6f 6e 73 74
20 61 70 70 52 65 61 64  79 53 6b 69 6c 6c 73 20
3d 20 73 6b 69 6c 6c 73  2e 66 69 6c 74 65 72 28
28 73 6b 69 6c 6c 29 20  3d 3e 20 73 6b 69 6c 6c
3f 2e 6e 61 6d 65 20 26  26 20 21 73 6b 69 6c 6c
2e 69 73 5f 6d 61 63 6c  61 77 5f 61 70 70 29 3b
0a 20 20 20 20 20 20 20  20 20 20 20 20 20 20 20
20 73 65 74 41 76 61 69  6c 61 62 6c 65 53 6b 69
6c 6c 73 28 61 70 70 52  65 61 64 79 53 6b 69 6c
6c 73 29 3b 0a 20 20 20  20 20 20 20 20 20 20 20
20 20 20 20 20 73 65 74  53 65 6c 65 63 74 65 64
53 6b 69 6c 6c 28 28 63  75 72 72 65 6e 74 29 20
3d 3e 20 63 75 72 72 65  6e 74 20 7c 7c 20 53 74
72 69 6e 67 28 61 70 70  52 65 61 64 79 53 6b 69
6c 6c 73 5b 30 5d 3f 2e  6e 61 6d 65 20 7c 7c 20
27 27 29 29 3b 0a 20 20  20 20 20 20 20 20 20 20
20 20 7d 29 0a 20 20 20  20 20 20 20 20 20 20 20
20 2e 63 61 74 63 68 28  28 65 72 72 6f 72 29 20
3d 3e 20 7b 0a 20 20 20  20 20 20 20 20 20 20 20
20 20 20 20 20 69 66 20  28 63 61 6e 63 65 6c 6c
65 64 29 20 72 65 74 75  72 6e 3b 0a 20 20 20 20
20 20 20 20 20 20 20 20  20 20 20 20 73 65 74 53
6b 69 6c 6c 41 70 70 53  61 76 65 53 74 61 74 65
28 27 65 72 72 6f 72 27  29 3b 0a 20 20 20 20 20
20 20 20 20 20 20 20 20  20 20 20 73 65 74 53 6b
69 6c 6c 41 70 70 53 61  76 65 4d 65 73 73 61 67
65 28 65 72 72 6f 72 20  69 6e 73 74 61 6e 63 65
6f 66 20 45 72 72 6f 72  20 3f 20 65 72 72 6f 72
2e 6d 65 73 73 61 67 65  20 3a 20 53 74 72 69 6e
67 28 65 72 72 6f 72 20  7c 7c 20 28 7a 68 20 3f
20 27 e8 af bb e5 8f 96  20 53 6b 69 6c 6c 20 e5
88 97 e8 a1 a8 e5 a4 b1  e8 b4 a5 27 20 3a 20 27
46 61 69 6c 65 64 20 74  6f 20 72 65 61 64 20 73
6b 69 6c 6c 73 27 29 29  29 3b 0a 20 20 20 20 20
20 20 20 20 20 20 20 7d  29 3b 0a 20 20 20 20 20
20 20 20 72 65 74 75 72  6e 20 28 29 20 3d 3e 20
7b 0a 20 20 20 20 20 20  20 20 20 20 20 20 63 61
6e 63 65 6c 6c 65 64 20  3d 20 74 72 75 65 3b 0a
20 20 20 20 20 20 20 20  7d 3b 0a 20 20 20 20 7d
2c 20 5b 7a 68 5d 29 3b  0a 20 20 20 20 63 6f 6e
73 74 20 73 65 6c 65 63  74 4b 69 6e 64 20 3d 20
28 6e 65 78 74 4b 69 6e  64 3a 20 41 70 70 4b 69
6e 64 2c 20 61 70 70 6c  79 50 72 65 73 65 74 20
3d 20 66 61 6c 73 65 29  20 3d 3e 20 7b 0a 20 20
20 20 20 20 20 20 73 65  74 4b 69 6e 64 28 6e 65
78 74 4b 69 6e 64 29 3b  0a 20 20 20 20 20 20 20
20 73 65 74 41 63 63 65  6e 74 28 64 65 66 61 75
6c 74 41 63 63 65 6e 74  46 6f 72 4b 69 6e 64 28
6e 65 78 74 4b 69 6e 64  29 29 3b 0a 20 20 20 20
20 20 20 20 69 66 20 28  21 61 70 70 6c 79 50 72
65 73 65 74 29 20 72 65  74 75 72 6e 3b 0a 20 20
20 20 20 20 20 20 73 65  74 43 61 74 65 67 6f 72
79 28 6e 65 78 74 4b 69  6e 64 20 3d 3d 3d 20 27
74 6f 6f 6c 5f 61 70 70  27 20 3f 20 28 7a 68 20
3f 20 27 5c 75 36 35 38  37 5c 75 36 38 36 33 5c
75 35 39 30 34 5c 75 37  34 30 36 27 20 3a 20 27
44 6f 63 75 6d 65 6e 74  27 29 20 3a 20 6e 65 78
74 4b 69 6e 64 20 3d 3d  3d 20 27 61 75 74 6f 6d
61 74 69 6f 6e 5f 61 70  70 27 20 3f 20 28 7a 68
20 3f 20 27 5c 75 38 31  65 61 5c 75 35 32 61 38
5c 75 35 33 31 36 27 20  3a 20 27 41 75 74 6f 6d
61 74 69 6f 6e 27 29 20  3a 20 27 4f 41 27 29 3b
0a 20 20 20 20 20 20 20  20 73 65 74 49 63 6f 6e
28 6e 65 78 74 4b 69 6e  64 20 3d 3d 3d 20 27 74
6f 6f 6c 5f 61 70 70 27  20 3f 20 27 73 68 69 65
6c 64 27 20 3a 20 6e 65  78 74 4b 69 6e 64 20 3d
3d 3d 20 27 61 75 74 6f  6d 61 74 69 6f 6e 5f 61
70 70 27 20 3f 20 27 73  79 6e 63 27 20 3a 20 27
73 68 65 65 74 27 29 3b  0a 20 20 20 20 20 20 20
20 73 65 74 49 6e 70 75  74 4d 6f 64 65 28 6e 65
78 74 4b 69 6e 64 20 3d  3d 3d 20 27 74 6f 6f 6c
5f 61 70 70 27 20 3f 20  27 66 69 6c 65 27 20 3a
20 27 6d 69 78 65 64 27  29 3b 0a 20 20 20 20 20
20 20 20 73 65 74 4d 75  6c 74 69 70 6c 65 46 69
6c 65 73 28 66 61 6c 73  65 29 3b 0a 20 20 20 20
20 20 20 20 73 65 74 4f  75 74 70 75 74 4d 6f 64
65 73 28 6e 65 78 74 4b  69 6e 64 20 3d 3d 3d 20
27 74 6f 6f 6c 5f 61 70  70 27 20 3f 20 5b 27 64
6f 63 78 27 2c 20 27 70  64 66 27 5d 20 3a 20 5b
27 6a 73 6f 6e 27 5d 29  3b 0a 20 20 20 20 20 20
20 20 73 65 74 53 6b 69  6c 6c 46 69 65 6c 64 73
28 5b 5d 29 3b 0a 20 20  20 20 20 20 20 20 73 65
74 43 6f 70 79 53 74 61  74 65 28 27 69 64 6c 65
27 29 3b 0a 20 20 20 20  20 20 20 20 73 65 74 53
6b 69 6c 6c 41 70 70 53  61 76 65 53 74 61 74 65
28 27 69 64 6c 65 27 29  3b 0a 20 20 20 20 20 20
20 20 73 65 74 53 6b 69  6c 6c 41 70 70 53 61 76
65 4d 65 73 73 61 67 65  28 27 27 29 3b 0a 20 20
20 20 20 20 20 20 73 65  74 53 6b 69 6c 6c 4d 61
72 6b 65 74 55 70 6c 6f  61 64 53 74 61 74 65 28
27 69 64 6c 65 27 29 3b  0a 20 20 20 20 7d 3b 0a
20 20 20 20 63 6f 6e 73  74 20 67 65 6e 65 72 61
74 65 44 72 61 66 74 46  72 6f 6d 50 72 6f 6d 70
74 20 3d 20 28 29 20 3d  3e 20 7b 0a 20 20 20 20
20 20 20 20 63 6f 6e 73  74 20 70 72 6f 6d 70 74
20 3d 20 64 72 61 66 74  50 72 6f 6d 70 74 2e 74
72 69 6d 28 29 3b 0a 20  20 20 20 20 20 20 20 69
66 20 28 21 70 72 6f 6d  70 74 29 20 72 65 74 75
72 6e 3b 0a 20 20 20 20  20 20 20 20 63 6f 6e 73
74 20 6c 6f 77 65 72 20  3d 20 70 72 6f 6d 70 74
2e 74 6f 4c 6f 77 65 72  43 61 73 65 28 29 3b 0a
20 20 20 20 20 20 20 20  63 6f 6e 73 74 20 69 73
54 6f 6f 6c 50 72 6f 6d  70 74 20 3d 20 2f e4 b8
8a e4 bc a0 7c e6 96 87  e4 bb b6 7c 70 64 66 7c
77 6f 72 64 7c 65 78 63  65 6c 7c e6 96 87 e6 a1
a3 7c e5 90 88 e5 90 8c  7c 75 70 6c 6f 61 64 7c
66 69 6c 65 7c 64 6f 63  75 6d 65 6e 74 7c 63 6f
6e 74 72 61 63 74 7c 73  68 65 65 74 7c 65 78 63
65 6c 7c 70 64 66 2f 2e  74 65 73 74 28 6c 6f 77
65 72 29 3b 0a 20 20 20  20 20 20 20 20 63 6f 6e
73 74 20 69 73 41 75 74  6f 6d 61 74 69 6f 6e 50
72 6f 6d 70 74 20 3d 20  2f e5 ae 9a e6 97 b6 7c
e5 90 8c e6 ad a5 7c e7  9b 91 e6 8e a7 7c e9 87
87 e9 9b 86 7c e8 87 aa  e5 8a a8 7c 73 63 68 65
64 75 6c 65 7c 73 79 6e  63 7c 6d 6f 6e 69 74 6f
72 7c 63 6f 6c 6c 65 63  74 7c 61 75 74 6f 6d 61
74 69 6f 6e 2f 2e 74 65  73 74 28 6c 6f 77 65 72
29 3b 0a 20 20 20 20 20  20 20 20 63 6f 6e 73 74
20 69 73 46 69 6e 61 6e  63 65 50 72 6f 6d 70 74
20 3d 20 2f e6 8a a5 e9  94 80 7c e5 8f 91 e7 a5
a8 7c e8 b4 a2 e5 8a a1  7c e8 b4 b9 e7 94 a8 7c
e4 bb 98 e6 ac be 7c e6  94 b6 e6 ac be 7c 66 69
6e 61 6e 63 65 7c 65 78  70 65 6e 73 65 7c 69 6e
76 6f 69 63 65 7c 70 61  79 6d 65 6e 74 2f 2e 74
65 73 74 28 6c 6f 77 65  72 29 3b 0a 20 20 20 20
20 20 20 20 63 6f 6e 73  74 20 69 73 49 6e 76 65
6e 74 6f 72 79 50 72 6f  6d 70 74 20 3d 20 2f e9
87 87 e8 b4 ad 7c e5 ba  93 e5 ad 98 7c e5 85 a5
e5 ba 93 7c e5 87 ba e5  ba 93 7c e8 bf 9b e9 94
80 e5 ad 98 7c e4 bb 93  e5 ba 93 7c e7 89 a9 e6
96 99 7c 70 75 72 63 68  61 73 65 7c 69 6e 76 65
6e 74 6f 72 79 7c 77 61  72 65 68 6f 75 73 65 7c
73 74 6f 63 6b 2f 2e 74  65 73 74 28 6c 6f 77 65
72 29 3b 0a 20 20 20 20  20 20 20 20 63 6f 6e 73
74 20 69 73 43 72 6d 50  72 6f 6d 70 74 20 3d 20
2f e5 ae a2 e6 88 b7 7c  e9 94 80 e5 94 ae 7c e5
95 86 e6 9c ba 7c 63 72  6d 7c 63 75 73 74 6f 6d
65 72 7c 73 61 6c 65 73  7c 6c 65 61 64 2f 2e 74
65 73 74 28 6c 6f 77 65  72 29 3b 0a 20 20 20 20
20 20 20 20 63 6f 6e 73  74 20 69 73 4f 61 50 72
6f 6d 70 74 20 3d 20 2f  6f 61 7c e5 ae a1 e6 89
b9 7c e8 af b7 e5 81 87  7c e6 b5 81 e7 a8 8b 7c
e5 91 98 e5 b7 a5 7c e4  ba ba e4 ba 8b 7c e8 a1
8c e6 94 bf 7c 61 70 70  72 6f 76 65 7c 6c 65 61
76 65 7c 68 72 2f 2e 74  65 73 74 28 6c 6f 77 65
72 29 3b 0a 20 20 20 20  20 20 20 20 63 6f 6e 73
74 20 6e 65 78 74 4b 69  6e 64 3a 20 41 70 70 4b
69 6e 64 20 3d 20 69 73  41 75 74 6f 6d 61 74 69
6f 6e 50 72 6f 6d 70 74  20 26 26 20 21 69 73 54
6f 6f 6c 50 72 6f 6d 70  74 20 3f 20 27 61 75 74
6f 6d 61 74 69 6f 6e 5f  61 70 70 27 20 3a 20 69
73 54 6f 6f 6c 50 72 6f  6d 70 74 20 3f 20 27 74
6f 6f 6c 5f 61 70 70 27  20 3a 20 69 73 4f 61 50
72 6f 6d 70 74 20 3f 20  27 65 6e 74 65 72 70 72
69 73 65 5f 61 70 70 72  6f 76 61 6c 5f 61 70 70
27 20 3a 20 27 65 6e 74  65 72 70 72 69 73 65 5f
6e 6f 72 6d 61 6c 5f 61  70 70 27 3b 0a 20 20 20
20 20 20 20 20 63 6f 6e  73 74 20 6e 65 78 74 4d
75 6c 74 69 70 6c 65 46  69 6c 65 73 20 3d 20 2f
e5 a4 9a e4 b8 aa 7c e5  a4 9a e4 bb bd 7c e6 89
b9 e9 87 8f 7c e6 96 87  e4 bb b6 e5 a4 b9 7c 6d
75 6c 74 69 7c 6d 75 6c  74 69 70 6c 65 7c 62 61
74 63 68 7c 66 6f 6c 64  65 72 2f 2e 74 65 73 74
28 6c 6f 77 65 72 29 3b  0a 20 20 20 20 20 20 20
20 63 6f 6e 73 74 20 6e  65 78 74 4e 61 6d 65 20
3d 20 70 72 6f 6d 70 74  2e 6d 61 74 63 68 28 2f
28 3f 3a e5 81 9a e4 b8  80 e4 b8 aa 7c e5 88 9b
e5 bb ba 7c e7 94 9f e6  88 90 7c 62 75 69 6c 64
7c 63 72 65 61 74 65 29  5c 73 2a 28 5b 5e ef bc
8c e3 80 3f 2e 3b ef bc  9b 5d 7b 32 2c 31 36 7d
29 2f 29 3f 2e 5b 31 5d  3f 2e 74 72 69 6d 28 29
20 7c 7c 20 70 72 6f 6d  70 74 2e 73 6c 69 63 65
28 30 2c 20 31 32 29 3b  0a 20 20 20 20 20 20 20
20 73 65 74 4e 61 6d 65  28 6e 65 78 74 4e 61 6d
65 20 7c 7c 20 28 7a 68  20 3f 20 27 5c 75 36 35
62 30 5c 75 35 65 39 34  5c 75 37 35 32 38 27 20
3a 20 27 4e 65 77 20 61  70 70 27 29 29 3b 0a 20
20 20 20 20 20 20 20 73  65 74 4b 69 6e 64 28 6e
65 78 74 4b 69 6e 64 29  3b 0a 20 20 20 20 20 20
20 20 73 65 74 49 6e 70  75 74 4d 6f 64 65 28 6e
65 78 74 4b 69 6e 64 20  3d 3d 3d 20 27 74 6f 6f
6c 5f 61 70 70 27 20 3f  20 28 2f e8 a1 a8 e5 8d
95 7c e5 8f 82 e6 95 b0  7c 66 6f 72 6d 7c 70 61
72 61 6d 65 74 65 72 2f  2e 74 65 73 74 28 6c 6f
77 65 72 29 20 3f 20 27  6d 69 78 65 64 27 20 3a
20 27 66 69 6c 65 27 29  20 3a 20 27 6d 69 78 65
64 27 29 3b 0a 20 20 20  20 20 20 20 20 73 65 74
4d 75 6c 74 69 70 6c 65  46 69 6c 65 73 28 6e 65
78 74 4b 69 6e 64 20 3d  3d 3d 20 27 74 6f 6f 6c
5f 61 70 70 27 20 26 26  20 6e 65 78 74 4d 75 6c
74 69 70 6c 65 46 69 6c  65 73 29 3b 0a 20 20 20
20 20 20 20 20 73 65 74  4f 75 74 70 75 74 4d 6f
64 65 73 28 2f 65 78 63  65 6c 7c e8 a1 a8 e6 a0
bc 7c 78 6c 73 78 2f 2e  74 65 73 74 28 6c 6f 77
65 72 29 20 3f 20 5b 27  78 6c 73 78 27 5d 20 3a
20 2f 6a 73 6f 6e 2f 2e  74 65 73 74 28 6c 6f 77
65 72 29 20 3f 20 5b 27  6a 73 6f 6e 27 5d 20 3a
20 2f 74 78 74 7c e6 96  87 e6 9c ac 2f 2e 74 65
73 74 28 6c 6f 77 65 72  29 20 3f 20 5b 27 74 78
74 27 5d 20 3a 20 5b 27  64 6f 63 78 27 2c 20 27
70 64 66 27 5d 29 3b 0a  20 20 20 20 20 20 20 20
73 65 74 53 6b 69 6c 6c  46 69 65 6c 64 73 28 6e
65 78 74 4b 69 6e 64 20  3d 3d 3d 20 27 74 6f 6f
6c 5f 61 70 70 27 20 26  26 20 2f e5 ad 97 e6 ae
b5 7c e5 8f 82 e6 95 b0  7c e8 a1 a8 e5 8d 95 7c
66 69 65 6c 64 7c 70 61  72 61 6d 65 74 65 72 7c
66 6f 72 6d 2f 2e 74 65  73 74 28 6c 6f 77 65 72
29 0a 20 20 20 20 20 20  20 20 20 20 20 20 3f 20
5b 7b 20 6e 61 6d 65 3a  20 27 72 65 71 75 69 72
65 6d 65 6e 74 27 2c 20  6c 61 62 65 6c 3a 20 7a
68 20 3f 20 27 5c 75 35  39 30 34 5c 75 37 34 30
36 5c 75 38 39 38 31 5c  75 36 63 34 32 27 20 3a
20 27 52 65 71 75 69 72  65 6d 65 6e 74 27 2c 20
74 79 70 65 3a 20 27 74  65 78 74 27 2c 20 72 65
71 75 69 72 65 64 3a 20  74 72 75 65 20 7d 5d 0a
20 20 20 20 20 20 20 20  20 20 20 20 3a 20 5b 5d
29 3b 0a 20 20 20 20 20  20 20 20 73 65 74 43 61
74 65 67 6f 72 79 28 6e  65 78 74 4b 69 6e 64 20
3d 3d 3d 20 27 74 6f 6f  6c 5f 61 70 70 27 20 3f
20 28 7a 68 20 3f 20 27  5c 75 36 35 38 37 5c 75
36 38 36 33 5c 75 35 39  30 34 5c 75 37 34 30 36
27 20 3a 20 27 44 6f 63  75 6d 65 6e 74 27 29 20
3a 20 6e 65 78 74 4b 69  6e 64 20 3d 3d 3d 20 27
61 75 74 6f 6d 61 74 69  6f 6e 5f 61 70 70 27 20
3f 20 28 7a 68 20 3f 20  27 5c 75 38 31 65 61 5c
75 35 32 61 38 5c 75 35  33 31 36 27 20 3a 20 27
41 75 74 6f 6d 61 74 69  6f 6e 27 29 20 3a 20 69
73 46 69 6e 61 6e 63 65  50 72 6f 6d 70 74 20 3f
20 28 7a 68 20 3f 20 27  5c 75 38 64 32 32 5c 75
35 32 61 31 27 20 3a 20  27 46 69 6e 61 6e 63 65
27 29 20 3a 20 69 73 49  6e 76 65 6e 74 6f 72 79
50 72 6f 6d 70 74 20 3f  20 28 7a 68 20 3f 20 27
5c 75 38 66 64 62 5c 75  39 35 30 30 5c 75 35 62
35 38 27 20 3a 20 27 49  6e 76 65 6e 74 6f 72 79
27 29 20 3a 20 69 73 43  72 6d 50 72 6f 6d 70 74
20 3f 20 27 43 52 4d 27  20 3a 20 69 73 4f 61 50
72 6f 6d 70 74 20 3f 20  27 4f 41 27 20 3a 20 27
4f 41 27 29 3b 0a 20 20  20 20 20 20 20 20 73 65
74 49 63 6f 6e 28 6e 65  78 74 4b 69 6e 64 20 3d
3d 3d 20 27 61 75 74 6f  6d 61 74 69 6f 6e 5f 61
70 70 27 20 3f 20 27 73  79 6e 63 27 20 3a 20 6e
65 78 74 4b 69 6e 64 20  3d 3d 3d 20 27 74 6f 6f
6c 5f 61 70 70 27 20 3f  20 28 2f e5 90 88 e5 90
8c 7c 63 6f 6e 74 72 61  63 74 2f 2e 74 65 73 74
28 6c 6f 77 65 72 29 20  3f 20 27 63 6f 6e 74 72
61 63 74 27 20 3a 20 2f  70 64 66 2f 2e 74 65 73
74 28 6c 6f 77 65 72 29  20 3f 20 27 70 64 66 27
20 3a 20 27 73 68 69 65  6c 64 27 29 20 3a 20 69
73 46 69 6e 61 6e 63 65  50 72 6f 6d 70 74 20 3f
20 27 72 65 63 65 69 70  74 27 20 3a 20 69 73 49
6e 76 65 6e 74 6f 72 79  50 72 6f 6d 70 74 20 3f
20 27 77 61 72 65 68 6f  75 73 65 27 20 3a 20 69
73 43 72 6d 50 72 6f 6d  70 74 20 3f 20 27 63 75
73 74 6f 6d 65 72 27 20  3a 20 27 73 68 65 65 74
27 29 3b 0a 20 20 20 20  20 20 20 20 73 65 74 41
63 63 65 6e 74 28 64 65  66 61 75 6c 74 41 63 63
65 6e 74 46 6f 72 4b 69  6e 64 28 6e 65 78 74 4b
69 6e 64 29 29 3b 0a 20  20 20 20 20 20 20 20 73
65 74 44 65 73 63 72 69  70 74 69 6f 6e 28 70 72
6f 6d 70 74 29 3b 0a 20  20 20 20 20 20 20 20 73
65 74 43 6f 70 79 53 74  61 74 65 28 27 69 64 6c
65 27 29 3b 0a 20 20 20  20 7d 3b 0a 20 20 20 20
63 6f 6e 73 74 20 62 75  69 6c 64 44 72 61 66 74
41 70 70 20 3d 20 28 69  64 3a 20 73 74 72 69 6e
67 2c 20 63 6c 65 61 6e  4e 61 6d 65 20 3d 20 6e
61 6d 65 2e 74 72 69 6d  28 29 20 7c 7c 20 28 7a
68 20 3f 20 27 5c 75 36  37 32 61 5c 75 35 34 37
64 5c 75 35 34 30 64 5c  75 35 65 39 34 5c 75 37
35 32 38 27 20 3a 20 27  55 6e 74 69 74 6c 65 64
20 61 70 70 27 29 2c 20  62 6f 75 6e 64 53 6b 69
6c 6c 49 44 20 3d 20 69  64 2c 20 61 70 70 44 65
66 69 6e 69 74 69 6f 6e  46 69 6c 65 20 3d 20 27
6d 61 63 6c 61 77 2e 61  70 70 73 2e 6a 73 6f 6e
27 29 3a 20 41 70 70 45  6e 74 72 79 20 3d 3e 20
7b 0a 20 20 20 20 20 20  20 20 72 65 74 75 72 6e
20 7b 0a 20 20 20 20 20  20 20 20 20 20 20 20 69
64 2c 0a 20 20 20 20 20  20 20 20 20 20 20 20 6e
61 6d 65 3a 20 63 6c 65  61 6e 4e 61 6d 65 2c 0a
20 20 20 20 20 20 20 20  20 20 20 20 64 65 73 63
72 69 70 74 69 6f 6e 3a  20 64 65 73 63 72 69 70
74 69 6f 6e 2e 74 72 69  6d 28 29 20 7c 7c 20 28
7a 68 20 3f 20 27 5c 75  37 35 33 31 5c 75 35 65
39 34 5c 75 37 35 32 38  5c 75 37 61 30 62 5c 75
35 65 38 66 5c 75 35 64  65 35 5c 75 34 66 35 63
5c 75 35 62 61 34 5c 75  35 32 31 62 5c 75 35 65
66 61 5c 75 37 36 38 34  5c 75 35 65 39 34 5c 75
37 35 32 38 5c 75 35 31  36 35 5c 75 35 33 65 33
5c 75 33 30 30 32 27 20  3a 20 27 41 70 70 20 65
6e 74 72 79 20 63 72 65  61 74 65 64 20 69 6e 20
41 70 70 20 53 74 75 64  69 6f 2e 27 29 2c 0a 20
20 20 20 20 20 20 20 20  20 20 20 63 61 74 65 67
6f 72 79 3a 20 63 61 74  65 67 6f 72 79 2e 74 72
69 6d 28 29 20 7c 7c 20  28 7a 68 20 3f 20 27 5c
75 36 37 32 61 5c 75 35  32 30 36 5c 75 37 63 37
62 27 20 3a 20 27 55 6e  63 61 74 65 67 6f 72 69
7a 65 64 27 29 2c 0a 20  20 20 20 20 20 20 20 20
20 20 20 6b 69 6e 64 2c  0a 20 20 20 20 20 20 20
20 20 20 20 20 69 63 6f  6e 2c 0a 20 20 20 20 20
20 20 20 20 20 20 20 61  63 63 65 6e 74 2c 0a 20
20 20 20 20 20 20 20 20  20 20 20 76 65 72 73 69
6f 6e 3a 20 31 2c 0a 20  20 20 20 20 20 20 20 20
20 20 20 73 6f 75 72 63  65 3a 20 27 6c 6f 63 61
6c 27 2c 0a 20 20 20 20  20 20 20 20 20 20 20 20
6d 61 6e 69 66 65 73 74  3a 20 69 73 45 6e 74 65
72 70 72 69 73 65 41 70  70 4b 69 6e 64 28 6b 69
6e 64 29 0a 20 20 20 20  20 20 20 20 20 20 20 20
20 20 20 20 3f 20 6d 61  6b 65 45 6e 74 65 72 70
72 69 73 65 4d 61 6e 69  66 65 73 74 28 6b 69 6e
64 2c 20 27 63 75 73 74  6f 6d 27 2c 20 27 27 2c
20 27 27 2c 20 27 27 2c  20 27 27 29 0a 20 20 20
20 20 20 20 20 20 20 20  20 20 20 20 20 3a 20 6b
69 6e 64 20 3d 3d 3d 20  27 61 75 74 6f 6d 61 74
69 6f 6e 5f 61 70 70 27  0a 20 20 20 20 20 20 20
20 20 20 20 20 20 20 20  20 20 20 20 20 3f 20 6d
61 6b 65 41 75 74 6f 6d  61 74 69 6f 6e 4d 61 6e
69 66 65 73 74 28 29 0a  20 20 20 20 20 20 20 20
20 20 20 20 20 20 20 20  20 20 20 20 3a 20 6d 61
6b 65 53 6b 69 6c 6c 4d  61 6e 69 66 65 73 74 28
62 6f 75 6e 64 53 6b 69  6c 6c 49 44 2c 20 69 6e
70 75 74 4d 6f 64 65 2c  20 6f 75 74 70 75 74 4d
6f 64 65 73 2c 20 73 6b  69 6c 6c 46 69 65 6c 64
73 2c 20 6d 75 6c 74 69  70 6c 65 46 69 6c 65 73
20 26 26 20 69 6e 70 75  74 4d 6f 64 65 20 21 3d
3d 20 27 66 6f 72 6d 27  2c 20 61 70 70 44 65 66
69 6e 69 74 69 6f 6e 46  69 6c 65 29 2c 0a 20 20
20 20 20 20 20 20 7d 3b  0a 20 20 20 20 7d 3b 0a
20 20 20 20 63 6f 6e 73  74 20 64 72 61 66 74 41
70 70 20 3d 20 62 75 69  6c 64 44 72 61 66 74 41
70 70 28 0a 20 20 20 20  20 20 20 20 27 64 72 61
66 74 2d 61 70 70 27 2c  0a 20 20 20 20 20 20 20
20 75 6e 64 65 66 69 6e  65 64 2c 0a 20 20 20 20
20 20 20 20 6b 69 6e 64  20 3d 3d 3d 20 27 74 6f
6f 6c 5f 61 70 70 27 20  26 26 20 73 65 6c 65 63
74 65 64 53 6b 69 6c 6c  20 3f 20 73 65 6c 65 63
74 65 64 53 6b 69 6c 6c  20 3a 20 27 64 72 61 66
74 2d 61 70 70 27 2c 0a  20 20 20 20 20 20 20 20
6b 69 6e 64 20 3d 3d 3d  20 27 74 6f 6f 6c 5f 61
70 70 27 20 26 26 20 73  65 6c 65 63 74 65 64 53
6b 69 6c 6c 20 3f 20 27  6d 61 63 6c 61 77 2e 61
70 70 2e 6a 73 6f 6e 27  20 3a 20 27 6d 61 63 6c
61 77 2e 61 70 70 73 2e  6a 73 6f 6e 27 2c 0a 20
20 20 20 29 3b 0a 20 20  20 20 63 6f 6e 73 74 20
64 72 61 66 74 4d 61 6e  69 66 65 73 74 54 65 78
74 20 3d 20 4a 53 4f 4e  2e 73 74 72 69 6e 67 69
66 79 28 61 70 70 54 6f  4d 61 6e 69 66 65 73 74
28 64 72 61 66 74 41 70  70 29 2c 20 6e 75 6c 6c
2c 20 32 29 3b 0a 20 20  20 20 63 6f 6e 73 74 20
63 72 65 61 74 65 41 70  70 20 3d 20 28 29 20 3d
3e 20 7b 0a 20 20 20 20  20 20 20 20 63 6f 6e 73
74 20 63 6c 65 61 6e 4e  61 6d 65 20 3d 20 6e 61
6d 65 2e 74 72 69 6d 28  29 3b 0a 20 20 20 20 20
20 20 20 69 66 20 28 21  63 6c 65 61 6e 4e 61 6d
65 29 20 72 65 74 75 72  6e 3b 0a 20 20 20 20 20
20 20 20 63 6f 6e 73 74  20 69 64 20 3d 20 6d 61
6b 65 4c 6f 63 61 6c 41  70 70 49 64 28 63 6c 65
61 6e 4e 61 6d 65 29 3b  0a 20 20 20 20 20 20 20
20 6f 6e 43 72 65 61 74  65 41 70 70 28 62 75 69
6c 64 44 72 61 66 74 41  70 70 28 69 64 2c 20 63
6c 65 61 6e 4e 61 6d 65  29 29 3b 0a 20 20 20 20
20 20 20 20 73 65 74 4e  61 6d 65 28 27 27 29 3b
0a 20 20 20 20 20 20 20  20 73 65 74 44 65 73 63
72 69 70 74 69 6f 6e 28  27 27 29 3b 0a 20 20 20
20 20 20 20 20 73 65 74  53 6b 69 6c 6c 46 69 65
6c 64 73 28 5b 5d 29 3b  0a 20 20 20 20 20 20 20
20 73 65 74 4d 75 6c 74  69 70 6c 65 46 69 6c 65
73 28 66 61 6c 73 65 29  3b 0a 20 20 20 20 7d 3b
0a 20 20 20 20 63 6f 6e  73 74 20 70 65 72 73 69
73 74 53 6b 69 6c 6c 41  70 70 44 65 66 69 6e 69
74 69 6f 6e 20 3d 20 61  73 79 6e 63 20 28 29 20
3d 3e 20 7b 0a 20 20 20  20 20 20 20 20 63 6f 6e
73 74 20 63 6c 65 61 6e  4e 61 6d 65 20 3d 20 6e
61 6d 65 2e 74 72 69 6d  28 29 3b 0a 20 20 20 20
20 20 20 20 63 6f 6e 73  74 20 73 6b 69 6c 6c 49
44 20 3d 20 73 65 6c 65  63 74 65 64 53 6b 69 6c
6c 2e 74 72 69 6d 28 29  3b 0a 20 20 20 20 20 20
20 20 69 66 20 28 21 63  6c 65 61 6e 4e 61 6d 65
20 7c 7c 20 21 73 6b 69  6c 6c 49 44 20 7c 7c 20
6b 69 6e 64 20 21 3d 3d  20 27 74 6f 6f 6c 5f 61
70 70 27 29 20 72 65 74  75 72 6e 20 6e 75 6c 6c
3b 0a 20 20 20 20 20 20  20 20 63 6f 6e 73 74 20
61 70 70 49 44 20 3d 20  6d 61 6b 65 53 6b 69 6c
6c 41 70 70 44 65 66 69  6e 69 74 69 6f 6e 49 64
28 63 6c 65 61 6e 4e 61  6d 65 29 3b 0a 20 20 20
20 20 20 20 20 63 6f 6e  73 74 20 61 70 70 20 3d
20 62 75 69 6c 64 44 72  61 66 74 41 70 70 28 61
70 70 49 44 2c 20 63 6c  65 61 6e 4e 61 6d 65 2c
20 73 6b 69 6c 6c 49 44  2c 20 27 6d 61 63 6c 61
77 2e 61 70 70 2e 6a 73  6f 6e 27 29 3b 0a 20 20
20 20 20 20 20 20 63 6f  6e 73 74 20 6d 61 6e 69
66 65 73 74 54 65 78 74  20 3d 20 4a 53 4f 4e 2e
73 74 72 69 6e 67 69 66  79 28 61 70 70 54 6f 4d
61 6e 69 66 65 73 74 28  61 70 70 29 2c 20 6e 75
6c 6c 2c 20 32 29 3b 0a  20 20 20 20 20 20 20 20
61 77 61 69 74 20 53 61  76 65 4d 61 63 6c 61 77
41 70 70 44 65 66 69 6e  69 74 69 6f 6e 46 6f 72
53 6b 69 6c 6c 28 73 6b  69 6c 6c 49 44 2c 20 6d
61 6e 69 66 65 73 74 54  65 78 74 29 3b 0a 20 20
20 20 20 20 20 20 6f 6e  43 72 65 61 74 65 41 70
70 28 7b 0a 20 20 20 20  20 20 20 20 20 20 20 20
2e 2e 2e 61 70 70 2c 0a  20 20 20 20 20 20 20 20
20 20 20 20 69 64 3a 20  73 6b 69 6c 6c 50 61 6e
65 6c 41 70 70 49 44 28  73 6b 69 6c 6c 49 44 2c
20 61 70 70 49 44 29 2c  0a 20 20 20 20 20 20 20
20 20 20 20 20 73 6f 75  72 63 65 3a 20 27 73 6b
69 6c 6c 27 2c 0a 20 20  20 20 20 20 20 20 20 20
20 20 6d 61 6e 69 66 65  73 74 3a 20 6d 61 6b 65
53 6b 69 6c 6c 4d 61 6e  69 66 65 73 74 28 73 6b
69 6c 6c 49 44 2c 20 69  6e 70 75 74 4d 6f 64 65
2c 20 6f 75 74 70 75 74  4d 6f 64 65 73 2c 20 73
6b 69 6c 6c 46 69 65 6c  64 73 2c 20 6d 75 6c 74
69 70 6c 65 46 69 6c 65  73 20 26 26 20 69 6e 70
75 74 4d 6f 64 65 20 21  3d 3d 20 27 66 6f 72 6d
27 2c 20 27 6d 61 63 6c  61 77 2e 61 70 70 2e 6a
73 6f 6e 27 29 2c 0a 20  20 20 20 20 20 20 20 7d
2c 20 7b 20 6b 65 65 70  53 74 75 64 69 6f 43 72
65 61 74 65 3a 20 74 72  75 65 20 7d 29 3b 0a 20
20 20 20 20 20 20 20 72  65 74 75 72 6e 20 73 6b
69 6c 6c 49 44 3b 0a 20  20 20 20 7d 3b 0a 20 20
20 20 63 6f 6e 73 74 20  73 61 76 65 41 73 53 6b
69 6c 6c 41 70 70 20 3d  20 61 73 79 6e 63 20 28
29 20 3d 3e 20 7b 0a 20  20 20 20 20 20 20 20 69
66 20 28 73 6b 69 6c 6c  41 70 70 53 61 76 65 53
74 61 74 65 20 3d 3d 3d  20 27 73 61 76 69 6e 67
27 29 20 72 65 74 75 72  6e 3b 0a 20 20 20 20 20
20 20 20 73 65 74 53 6b  69 6c 6c 41 70 70 53 61
76 65 53 74 61 74 65 28  27 73 61 76 69 6e 67 27
29 3b 0a 20 20 20 20 20  20 20 20 73 65 74 53 6b
69 6c 6c 41 70 70 53 61  76 65 4d 65 73 73 61 67
65 28 27 27 29 3b 0a 20  20 20 20 20 20 20 20 74
72 79 20 7b 0a 20 20 20  20 20 20 20 20 20 20 20
20 63 6f 6e 73 74 20 73  6b 69 6c 6c 49 44 20 3d
20 61 77 61 69 74 20 70  65 72 73 69 73 74 53 6b
69 6c 6c 41 70 70 44 65  66 69 6e 69 74 69 6f 6e
28 29 3b 0a 20 20 20 20  20 20 20 20 20 20 20 20
69 66 20 28 21 73 6b 69  6c 6c 49 44 29 20 7b 0a
20 20 20 20 20 20 20 20  20 20 20 20 20 20 20 20
73 65 74 53 6b 69 6c 6c  41 70 70 53 61 76 65 53
74 61 74 65 28 27 69 64  6c 65 27 29 3b 0a 20 20
20 20 20 20 20 20 20 20  20 20 20 20 20 20 72 65
74 75 72 6e 3b 0a 20 20  20 20 20 20 20 20 20 20
20 20 7d 0a 20 20 20 20  20 20 20 20 20 20 20 20
73 65 74 53 6b 69 6c 6c  41 70 70 53 61 76 65 53
74 61 74 65 28 27 73 61  76 65 64 27 29 3b 0a 20
20 20 20 20 20 20 20 20  20 20 20 73 65 74 53 6b
69 6c 6c 4d 61 72 6b 65  74 55 70 6c 6f 61 64 53
74 61 74 65 28 27 69 64  6c 65 27 29 3b 0a 20 20
20 20 20 20 20 20 20 20  20 20 73 65 74 53 6b 69
6c 6c 41 70 70 53 61 76  65 4d 65 73 73 61 67 65
28 7a 68 20 3f 20 60 e5  b7 b2 e5 86 99 e5 85 3f
24 7b 73 6b 69 6c 6c 49  44 7d 2f 6d 61 63 6c 61
77 2e 61 70 70 2e 6a 73  6f 6e 60 20 3a 20 60 53
61 76 65 64 20 74 6f 20  24 7b 73 6b 69 6c 6c 49
44 7d 2f 6d 61 63 6c 61  77 2e 61 70 70 2e 6a 73
6f 6e 60 29 3b 0a 20 20  20 20 20 20 20 20 7d 20
63 61 74 63 68 20 28 65  72 72 6f 72 29 20 7b 0a
20 20 20 20 20 20 20 20  20 20 20 20 73 65 74 53
6b 69 6c 6c 41 70 70 53  61 76 65 53 74 61 74 65
28 27 65 72 72 6f 72 27  29 3b 0a 20 20 20 20 20
20 20 20 20 20 20 20 73  65 74 53 6b 69 6c 6c 41
70 70 53 61 76 65 4d 65  73 73 61 67 65 28 65 72
72 6f 72 20 69 6e 73 74  61 6e 63 65 6f 66 20 45
72 72 6f 72 20 3f 20 65  72 72 6f 72 2e 6d 65 73
73 61 67 65 20 3a 20 53  74 72 69 6e 67 28 65 72
72 6f 72 20 7c 7c 20 28  7a 68 20 3f 20 27 e4 bf
9d e5 ad 98 e5 a4 b1 e8  b4 a5 27 20 3a 20 27 53
61 76 65 20 66 61 69 6c  65 64 27 29 29 29 3b 0a
20 20 20 20 20 20 20 20  7d 0a 20 20 20 20 7d 3b
0a 20 20 20 20 63 6f 6e  73 74 20 75 70 6c 6f 61
64 53 65 6c 65 63 74 65  64 53 6b 69 6c 6c 41 70
70 20 3d 20 61 73 79 6e  63 20 28 29 20 3d 3e 20
7b 0a 20 20 20 20 20 20  20 20 63 6f 6e 73 74 20
73 6b 69 6c 6c 49 44 20  3d 20 73 65 6c 65 63 74
65 64 53 6b 69 6c 6c 2e  74 72 69 6d 28 29 3b 0a
20 20 20 20 20 20 20 20  69 66 20 28 21 73 6b 69
6c 6c 49 44 20 7c 7c 20  73 6b 69 6c 6c 4d 61 72
6b 65 74 55 70 6c 6f 61  64 53 74 61 74 65 20 3d
3d 3d 20 27 75 70 6c 6f  61 64 69 6e 67 27 29 20
72 65 74 75 72 6e 3b 0a  20 20 20 20 20 20 20 20
63 6f 6e 73 74 20 63 6c  65 61 6e 4e 61 6d 65 20
3d 20 6e 61 6d 65 2e 74  72 69 6d 28 29 3b 0a 20
20 20 20 20 20 20 20 69  66 20 28 21 63 6c 65 61
6e 4e 61 6d 65 29 20 72  65 74 75 72 6e 3b 0a 20
20 20 20 20 20 20 20 63  6f 6e 73 74 20 61 70 70
49 44 20 3d 20 6d 61 6b  65 53 6b 69 6c 6c 41 70
70 44 65 66 69 6e 69 74  69 6f 6e 49 64 28 63 6c
65 61 6e 4e 61 6d 65 29  3b 0a 20 20 20 20 20 20
20 20 63 6f 6e 73 74 20  70 61 6e 65 6c 41 70 70
3a 20 41 70 70 45 6e 74  72 79 20 3d 20 7b 0a 20
20 20 20 20 20 20 20 20  20 20 20 2e 2e 2e 62 75
69 6c 64 44 72 61 66 74  41 70 70 28 61 70 70 49
44 2c 20 63 6c 65 61 6e  4e 61 6d 65 2c 20 73 6b
69 6c 6c 49 44 2c 20 27  6d 61 63 6c 61 77 2e 61
70 70 2e 6a 73 6f 6e 27  29 2c 0a 20 20 20 20 20
20 20 20 20 20 20 20 69  64 3a 20 73 6b 69 6c 6c
50 61 6e 65 6c 41 70 70  49 44 28 73 6b 69 6c 6c
49 44 2c 20 61 70 70 49  44 29 2c 0a 20 20 20 20
20 20 20 20 20 20 20 20  73 6f 75 72 63 65 3a 20
27 73 6b 69 6c 6c 27 2c  0a 20 20 20 20 20 20 20
20 20 20 20 20 6d 61 6e  69 66 65 73 74 3a 20 6d
61 6b 65 53 6b 69 6c 6c  4d 61 6e 69 66 65 73 74
28 73 6b 69 6c 6c 49 44  2c 20 69 6e 70 75 74 4d
6f 64 65 2c 20 6f 75 74  70 75 74 4d 6f 64 65 73
2c 20 73 6b 69 6c 6c 46  69 65 6c 64 73 2c 20 6d
75 6c 74 69 70 6c 65 46  69 6c 65 73 20 26 26 20
69 6e 70 75 74 4d 6f 64  65 20 21 3d 3d 20 27 66
6f 72 6d 27 2c 20 27 6d  61 63 6c 61 77 2e 61 70
70 2e 6a 73 6f 6e 27 29  2c 0a 20 20 20 20 20 20
20 20 7d 3b 0a 20 20 20  20 20 20 20 20 69 66 20
28 21 6c 61 74 65 73 74  41 70 70 52 75 6e 45 76
69 64 65 6e 63 65 28 70  61 6e 65 6c 41 70 70 29
29 20 7b 0a 20 20 20 20  20 20 20 20 20 20 20 20
73 65 74 53 6b 69 6c 6c  4d 61 72 6b 65 74 55 70
6c 6f 61 64 53 74 61 74  65 28 27 65 72 72 6f 72
27 29 3b 0a 20 20 20 20  20 20 20 20 20 20 20 20
73 65 74 53 6b 69 6c 6c  41 70 70 53 61 76 65 53
74 61 74 65 28 27 65 72  72 6f 72 27 29 3b 0a 20
20 20 20 20 20 20 20 20  20 20 20 73 65 74 53 6b
69 6c 6c 41 70 70 53 61  76 65 4d 65 73 73 61 67
65 28 7a 68 20 3f 20 27  e8 af b7 e5 85 88 e4 bf
9d e5 ad 98 e5 88 3f 53  6b 69 6c 6c ef bc 8c e5
b9 b6 e5 9c a8 e5 ba 94  e7 94 a8 e9 9d a2 e6 9d
bf e6 88 90 e5 8a 9f e6  b5 8b e8 af 95 e4 b8 80
e6 ac a1 e5 bd 93 e5 89  8d e7 89 88 e6 9c ac ef
bc 8c e5 86 8d e4 b8 8a  e4 bc a0 e5 88 b0 20 53
6b 69 6c 6c 4d 61 72 6b  65 74 e3 80 3f 20 3a 20
27 53 61 76 65 20 74 6f  20 53 6b 69 6c 6c 20 61
6e 64 20 72 75 6e 20 74  68 69 73 20 76 65 72 73
69 6f 6e 20 73 75 63 63  65 73 73 66 75 6c 6c 79
20 69 6e 20 74 68 65 20  61 70 70 20 70 61 6e 65
6c 20 62 65 66 6f 72 65  20 75 70 6c 6f 61 64 69
6e 67 20 74 6f 20 53 6b  69 6c 6c 4d 61 72 6b 65
74 2e 27 29 3b 0a 20 20  20 20 20 20 20 20 20 20
20 20 72 65 74 75 72 6e  3b 0a 20 20 20 20 20 20
20 20 7d 0a 20 20 20 20  20 20 20 20 73 65 74 53
6b 69 6c 6c 4d 61 72 6b  65 74 55 70 6c 6f 61 64
53 74 61 74 65 28 27 75  70 6c 6f 61 64 69 6e 67
27 29 3b 0a 20 20 20 20  20 20 20 20 73 65 74 53
6b 69 6c 6c 41 70 70 53  61 76 65 4d 65 73 73 61
67 65 28 27 27 29 3b 0a  20 20 20 20 20 20 20 20
74 72 79 20 7b 0a 20 20  20 20 20 20 20 20 20 20
20 20 73 65 74 53 6b 69  6c 6c 41 70 70 53 61 76
65 53 74 61 74 65 28 27  73 61 76 69 6e 67 27 29
3b 0a 20 20 20 20 20 20  20 20 20 20 20 20 63 6f
6e 73 74 20 73 61 76 65  64 53 6b 69 6c 6c 49 44
20 3d 20 61 77 61 69 74  20 70 65 72 73 69 73 74
53 6b 69 6c 6c 41 70 70  44 65 66 69 6e 69 74 69
6f 6e 28 29 3b 0a 20 20  20 20 20 20 20 20 20 20
20 20 69 66 20 28 21 73  61 76 65 64 53 6b 69 6c
6c 49 44 29 20 7b 0a 20  20 20 20 20 20 20 20 20
20 20 20 20 20 20 20 73  65 74 53 6b 69 6c 6c 4d
61 72 6b 65 74 55 70 6c  6f 61 64 53 74 61 74 65
28 27 69 64 6c 65 27 29  3b 0a 20 20 20 20 20 20
20 20 20 20 20 20 20 20  20 20 73 65 74 53 6b 69
6c 6c 41 70 70 53 61 76  65 53 74 61 74 65 28 27
69 64 6c 65 27 29 3b 0a  20 20 20 20 20 20 20 20
20 20 20 20 20 20 20 20  72 65 74 75 72 6e 3b 0a
20 20 20 20 20 20 20 20  20 20 20 20 7d 0a 20 20
20 20 20 20 20 20 20 20  20 20 73 65 74 53 6b 69
6c 6c 41 70 70 53 61 76  65 53 74 61 74 65 28 27
73 61 76 65 64 27 29 3b  0a 20 20 20 20 20 20 20
20 20 20 20 20 63 6f 6e  73 74 20 73 75 62 6d 69
73 73 69 6f 6e 49 44 20  3d 20 61 77 61 69 74 20
55 70 6c 6f 61 64 4e 4c  53 6b 69 6c 6c 54 6f 4d
61 72 6b 65 74 28 73 61  76 65 64 53 6b 69 6c 6c
49 44 29 3b 0a 20 20 20  20 20 20 20 20 20 20 20
20 73 65 74 53 6b 69 6c  6c 4d 61 72 6b 65 74 55
70 6c 6f 61 64 53 74 61  74 65 28 27 75 70 6c 6f
61 64 65 64 27 29 3b 0a  20 20 20 20 20 20 20 20
20 20 20 20 73 65 74 53  6b 69 6c 6c 41 70 70 53
61 76 65 4d 65 73 73 61  67 65 28 7a 68 20 3f 20
60 e5 b7 b2 e6 8f 90 e4  ba a4 e5 88 b0 20 53 6b
69 6c 6c 4d 61 72 6b 65  74 3a 20 24 7b 73 75 62
6d 69 73 73 69 6f 6e 49  44 7d 60 20 3a 20 60 53
75 62 6d 69 74 74 65 64  20 74 6f 20 53 6b 69 6c
6c 4d 61 72 6b 65 74 3a  20 24 7b 73 75 62 6d 69
73 73 69 6f 6e 49 44 7d  60 29 3b 0a 20 20 20 20
20 20 20 20 7d 20 63 61  74 63 68 20 28 65 72 72
6f 72 29 20 7b 0a 20 20  20 20 20 20 20 20 20 20
20 20 73 65 74 53 6b 69  6c 6c 4d 61 72 6b 65 74
55 70 6c 6f 61 64 53 74  61 74 65 28 27 65 72 72
6f 72 27 29 3b 0a 20 20  20 20 20 20 20 20 20 20
20 20 73 65 74 53 6b 69  6c 6c 41 70 70 53 61 76
65 53 74 61 74 65 28 27  65 72 72 6f 72 27 29 3b
0a 20 20 20 20 20 20 20  20 20 20 20 20 73 65 74
53 6b 69 6c 6c 41 70 70  53 61 76 65 4d 65 73 73
61 67 65 28 65 72 72 6f  72 20 69 6e 73 74 61 6e
63 65 6f 66 20 45 72 72  6f 72 20 3f 20 65 72 72
6f 72 2e 6d 65 73 73 61  67 65 20 3a 20 53 74 72
69 6e 67 28 65 72 72 6f  72 20 7c 7c 20 28 7a 68
20 3f 20 27 e4 b8 8a e4  bc a0 e5 a4 b1 e8 b4 a5
27 20 3a 20 27 55 70 6c  6f 61 64 20 66 61 69 6c
65 64 27 29 29 29 3b 0a  20 20 20 20 20 20 20 20
7d 0a 20 20 20 20 7d 3b  0a 20 20 20 20 72 65 74
75 72 6e 20 28 0a 20 20  20 20 20 20 20 20 3c 3e
0a 20 20 20 20 20 20 20  20 20 20 20 20 3c 73 65
63 74 69 6f 6e 20 63 6c  61 73 73 4e 61 6d 65 3d
22 61 70 70 73 2d 63 72  65 61 74 65 2d 66 6f 72
6d 22 3e 0a 20 20 20 20  20 20 20 20 20 20 20 20
20 20 20 20 3c 64 69 76  20 63 6c 61 73 73 4e 61
6d 65 3d 22 61 70 70 73  2d 64 65 66 69 6e 69 74
69 6f 6e 5f 5f 74 69 74  6c 65 22 3e 7b 7a 68 20
3f 20 27 5c 75 35 66 65  62 5c 75 39 30 31 66 5c
75 35 32 31 62 5c 75 35  65 66 61 5c 75 39 37 36
32 5c 75 36 37 37 66 5c  75 35 65 39 34 5c 75 37
35 32 38 27 20 3a 20 27  51 75 69 63 6b 20 63 72
65 61 74 65 20 70 61 6e  65 6c 20 61 70 70 27 7d
3c 2f 64 69 76 3e 0a 20  20 20 20 20 20 20 20 20
20 20 20 20 20 20 20 3c  64 69 76 20 63 6c 61 73
73 4e 61 6d 65 3d 22 61  70 70 73 2d 70 72 6f 6d
70 74 2d 64 72 61 66 74  22 3e 0a 20 20 20 20 20
20 20 20 20 20 20 20 20  20 20 20 20 20 20 20 3c
64 69 76 20 63 6c 61 73  73 4e 61 6d 65 3d 22 61
70 70 73 2d 70 72 65 76  69 65 77 2d 74 69 74 6c
65 2d 72 6f 77 22 3e 0a  20 20 20 20 20 20 20 20
20 20 20 20 20 20 20 20  20 20 20 20 20 20 20 20
3c 64 69 76 20 63 6c 61  73 73 4e 61 6d 65 3d 22
61 70 70 73 2d 64 65 66  69 6e 69 74 69 6f 6e 5f
5f 74 69 74 6c 65 22 3e  7b 74 65 78 74 2e 70 72
6f 6d 70 74 44 72 61 66  74 7d 3c 2f 64 69 76 3e
0a 20 20 20 20 20 20 20  20 20 20 20 20 20 20 20
20 20 20 20 20 20 20 20  20 3c 62 75 74 74 6f 6e
20 63 6c 61 73 73 4e 61  6d 65 3d 22 61 70 70 73
2d 73 65 63 6f 6e 64 61  72 79 2d 62 75 74 74 6f
6e 22 20 74 79 70 65 3d  22 62 75 74 74 6f 6e 22
20 64 69 73 61 62 6c 65  64 3d 7b 21 64 72 61 66
74 50 72 6f 6d 70 74 2e  74 72 69 6d 28 29 7d 20
6f 6e 43 6c 69 63 6b 3d  7b 67 65 6e 65 72 61 74
65 44 72 61 66 74 46 72  6f 6d 50 72 6f 6d 70 74
7d 3e 7b 74 65 78 74 2e  67 65 6e 65 72 61 74 65
44 72 61 66 74 7d 3c 2f  62 75 74 74 6f 6e 3e 0a
20 20 20 20 20 20 20 20  20 20 20 20 20 20 20 20
20 20 20 20 3c 2f 64 69  76 3e 0a 20 20 20 20 20
20 20 20 20 20 20 20 20  20 20 20 20 20 20 20 3c
74 65 78 74 61 72 65 61  20 76 61 6c 75 65 3d 7b
64 72 61 66 74 50 72 6f  6d 70 74 7d 20 6f 6e 43
68 61 6e 67 65 3d 7b 28  65 76 65 6e 74 29 20 3d
3e 20 73 65 74 44 72 61  66 74 50 72 6f 6d 70 74
28 65 76 65 6e 74 2e 74  61 72 67 65 74 2e 76 61
6c 75 65 29 7d 20 70 6c  61 63 65 68 6f 6c 64 65
72 3d 7b 74 65 78 74 2e  64 72 61 66 74 50 72 6f
6d 70 74 50 6c 61 63 65  68 6f 6c 64 65 72 7d 20
2f 3e 0a 20 20 20 20 20  20 20 20 20 20 20 20 20
20 20 20 3c 2f 64 69 76  3e 0a 20 20 20 20 20 20
20 20 20 20 20 20 20 20  20 20 3c 64 69 76 20 63
6c 61 73 73 4e 61 6d 65  3d 22 61 70 70 73 2d 66
6f 72 6d 2d 72 6f 77 22  3e 0a 20 20 20 20 20 20
20 20 20 20 20 20 20 20  20 20 20 20 20 20 3c 6c
61 62 65 6c 3e 7b 7a 68  20 3f 20 27 5c 75 35 34
30 64 5c 75 37 39 66 30  27 20 3a 20 27 4e 61 6d
65 27 7d 3c 2f 6c 61 62  65 6c 3e 0a 20 20 20 20
20 20 20 20 20 20 20 20  20 20 20 20 20 20 20 20
3c 69 6e 70 75 74 20 76  61 6c 75 65 3d 7b 6e 61
6d 65 7d 20 6f 6e 43 68  61 6e 67 65 3d 7b 28 65
76 65 6e 74 29 20 3d 3e  20 73 65 74 4e 61 6d 65
28 65 76 65 6e 74 2e 74  61 72 67 65 74 2e 76 61
6c 75 65 29 7d 20 70 6c  61 63 65 68 6f 6c 64 65
72 3d 7b 7a 68 20 3f 20  27 5c 75 34 66 38 62 5c
75 66 66 31 61 5c 75 35  34 30 38 5c 75 35 34 30
63 5c 75 35 66 35 32 5c  75 36 38 36 33 27 20 3a
20 27 45 78 61 6d 70 6c  65 3a 20 43 6f 6e 74 72
61 63 74 20 66 69 6c 69  6e 67 27 7d 20 2f 3e 0a
20 20 20 20 20 20 20 20  20 20 20 20 20 20 20 20
3c 2f 64 69 76 3e 0a 20  20 20 20 20 20 20 20 20
20 20 20 20 20 20 20 3c  64 69 76 20 63 6c 61 73
73 4e 61 6d 65 3d 22 61  70 70 73 2d 66 6f 72 6d
2d 72 6f 77 22 3e 0a 20  20 20 20 20 20 20 20 20
20 20 20 20 20 20 20 20  20 20 20 3c 6c 61 62 65
6c 3e 7b 7a 68 20 3f 20  27 5c 75 37 63 37 62 5c
75 35 37 38 62 27 20 3a  20 27 54 79 70 65 27 7d
3c 2f 6c 61 62 65 6c 3e  0a 20 20 20 20 20 20 20
20 20 20 20 20 20 20 20  20 20 20 20 20 3c 73 65
6c 65 63 74 20 76 61 6c  75 65 3d 7b 6b 69 6e 64
7d 20 6f 6e 43 68 61 6e  67 65 3d 7b 28 65 76 65
6e 74 29 20 3d 3e 20 7b  0a 20 20 20 20 20 20 20
20 20 20 20 20 20 20 20  20 20 20 20 20 20 20 20
20 63 6f 6e 73 74 20 6e  65 78 74 4b 69 6e 64 20
3d 20 65 76 65 6e 74 2e  74 61 72 67 65 74 2e 76
61 6c 75 65 20 61 73 20  41 70 70 4b 69 6e 64 3b
0a 20 20 20 20 20 20 20  20 20 20 20 20 20 20 20
20 20 20 20 20 20 20 20  20 73 65 6c 65 63 74 4b
69 6e 64 28 6e 65 78 74  4b 69 6e 64 29 3b 0a 20
20 20 20 20 20 20 20 20  20 20 20 20 20 20 20 20
20 20 20 7d 7d 3e 0a 20  20 20 20 20 20 20 20 20
20 20 20 20 20 20 20 20  20 20 20 20 20 20 20 3c
6f 70 74 69 6f 6e 20 76  61 6c 75 65 3d 22 65 6e
74 65 72 70 72 69 73 65  5f 61 70 70 72 6f 76 61
6c 5f 61 70 70 22 3e 7b  61 70 70 4b 69 6e 64 73
2e 65 6e 74 65 72 70 72  69 73 65 5f 61 70 70 72
6f 76 61 6c 5f 61 70 70  5b 7a 68 20 3f 20 27 7a
68 27 20 3a 20 27 65 6e  27 5d 7d 3c 2f 6f 70 74
69 6f 6e 3e 0a 20 20 20  20 20 20 20 20 20 20 20
20 20 20 20 20 20 20 20  20 20 20 20 20 3c 6f 70
74 69 6f 6e 20 76 61 6c  75 65 3d 22 65 6e 74 65
72 70 72 69 73 65 5f 6e  6f 72 6d 61 6c 5f 61 70
70 22 3e 7b 61 70 70 4b  69 6e 64 73 2e 65 6e 74
65 72 70 72 69 73 65 5f  6e 6f 72 6d 61 6c 5f 61
70 70 5b 7a 68 20 3f 20  27 7a 68 27 20 3a 20 27
65 6e 27 5d 7d 3c 2f 6f  70 74 69 6f 6e 3e 0a 20
20 20 20 20 20 20 20 20  20 20 20 20 20 20 20 20
20 20 20 20 20 20 20 3c  6f 70 74 69 6f 6e 20 76
61 6c 75 65 3d 22 74 6f  6f 6c 5f 61 70 70 22 3e
7b 61 70 70 4b 69 6e 64  73 2e 74 6f 6f 6c 5f 61
70 70 5b 7a 68 20 3f 20  27 7a 68 27 20 3a 20 27
65 6e 27 5d 7d 3c 2f 6f  70 74 69 6f 6e 3e 0a 20
20 20 20 20 20 20 20 20  20 20 20 20 20 20 20 20
20 20 20 20 20 20 20 3c  6f 70 74 69 6f 6e 20 76
61 6c 75 65 3d 22 61 75  74 6f 6d 61 74 69 6f 6e
5f 61 70 70 22 3e 7b 61  70 70 4b 69 6e 64 73 2e
61 75 74 6f 6d 61 74 69  6f 6e 5f 61 70 70 5b 7a
68 20 3f 20 27 7a 68 27  20 3a 20 27 65 6e 27 5d
7d 3c 2f 6f 70 74 69 6f  6e 3e 0a 20 20 20 20 20
20 20 20 20 20 20 20 20  20 20 20 20 20 20 20 3c
2f 73 65 6c 65 63 74 3e  0a 20 20 20 20 20 20 20
20 20 20 20 20 20 20 20  20 3c 2f 64 69 76 3e 0a
20 20 20 20 20 20 20 20  20 20 20 20 20 20 20 20
3c 64 69 76 20 63 6c 61  73 73 4e 61 6d 65 3d 22
61 70 70 73 2d 66 6f 72  6d 2d 72 6f 77 22 3e 0a
20 20 20 20 20 20 20 20  20 20 20 20 20 20 20 20
20 20 20 20 3c 6c 61 62  65 6c 3e 7b 7a 68 20 3f
20 27 5c 75 35 32 30 36  5c 75 37 63 37 62 27 20
3a 20 27 43 61 74 65 67  6f 72 79 27 7d 3c 2f 6c
61 62 65 6c 3e 0a 20 20  20 20 20 20 20 20 20 20
20 20 20 20 20 20 20 20  20 20 3c 69 6e 70 75 74
20 76 61 6c 75 65 3d 7b  63 61 74 65 67 6f 72 79
7d 20 6f 6e 43 68 61 6e  67 65 3d 7b 28 65 76 65
6e 74 29 20 3d 3e 20 73  65 74 43 61 74 65 67 6f
72 79 28 65 76 65 6e 74  2e 74 61 72 67 65 74 2e
76 61 6c 75 65 29 7d 20  2f 3e 0a 20 20 20 20 20
20 20 20 20 20 20 20 20  20 20 20 3c 2f 64 69 76
3e 0a 20 20 20 20 20 20  20 20 20 20 20 20 20 20
20 20 3c 64 69 76 20 63  6c 61 73 73 4e 61 6d 65
3d 22 61 70 70 73 2d 66  6f 72 6d 2d 72 6f 77 22
3e 0a 20 20 20 20 20 20  20 20 20 20 20 20 20 20
20 20 20 20 20 20 3c 6c  61 62 65 6c 3e 7b 7a 68
20 3f 20 27 5c 75 35 36  66 65 5c 75 36 38 30 37
27 20 3a 20 27 49 63 6f  6e 27 7d 3c 2f 6c 61 62
65 6c 3e 0a 20 20 20 20  20 20 20 20 20 20 20 20
20 20 20 20 20 20 20 20  3c 64 69 76 20 63 6c 61
73 73 4e 61 6d 65 3d 22  61 70 70 73 2d 69 63 6f
6e 2d 70 69 63 6b 65 72  22 20 72 6f 6c 65 3d 22
67 72 6f 75 70 22 20 61  72 69 61 2d 6c 61 62 65
6c 3d 7b 7a 68 20 3f 20  27 5c 75 35 36 66 65 5c
75 36 38 30 37 27 20 3a  20 27 49 63 6f 6e 27 7d
3e 0a 20 20 20 20 20 20  20 20 20 20 20 20 20 20
20 20 20 20 20 20 20 20  20 20 7b 61 70 70 49 63
6f 6e 4e 61 6d 65 73 2e  6d 61 70 28 28 69 74 65
6d 29 20 3d 3e 20 7b 0a  20 20 20 20 20 20 20 20
20 20 20 20 20 20 20 20  20 20 20 20 20 20 20 20
20 20 20 20 63 6f 6e 73  74 20 6c 61 62 65 6c 20
3d 20 61 70 70 49 63 6f  6e 4c 61 62 65 6c 28 69
74 65 6d 2c 20 6c 61 6e  67 29 3b 0a 20 20 20 20
20 20 20 20 20 20 20 20  20 20 20 20 20 20 20 20
20 20 20 20 20 20 20 20  72 65 74 75 72 6e 20 28
0a 20 20 20 20 20 20 20  20 20 20 20 20 20 20 20
20 20 20 20 20 20 20 20  20 20 20 20 20 20 20 20
20 3c 62 75 74 74 6f 6e  0a 20 20 20 20 20 20 20
20 20 20 20 20 20 20 20  20 20 20 20 20 20 20 20
20 20 20 20 20 20 20 20  20 20 20 20 20 6b 65 79
3d 7b 69 74 65 6d 7d 0a  20 20 20 20 20 20 20 20
20 20 20 20 20 20 20 20  20 20 20 20 20 20 20 20
20 20 20 20 20 20 20 20  20 20 20 20 63 6c 61 73
73 4e 61 6d 65 3d 7b 60  61 70 70 73 2d 69 63 6f
6e 2d 63 68 6f 69 63 65  20 24 7b 69 63 6f 6e 20
3d 3d 3d 20 69 74 65 6d  20 3f 20 27 69 73 2d 61
63 74 69 76 65 27 20 3a  20 27 27 7d 60 7d 0a 20
20 20 20 20 20 20 20 20  20 20 20 20 20 20 20 20
20 20 20 20 20 20 20 20  20 20 20 20 20 20 20 20
20 20 20 74 79 70 65 3d  22 62 75 74 74 6f 6e 22
0a 20 20 20 20 20 20 20  20 20 20 20 20 20 20 20
20 20 20 20 20 20 20 20  20 20 20 20 20 20 20 20
20 20 20 20 20 74 69 74  6c 65 3d 7b 6c 61 62 65
6c 7d 0a 20 20 20 20 20  20 20 20 20 20 20 20 20
20 20 20 20 20 20 20 20  20 20 20 20 20 20 20 20
20 20 20 20 20 20 20 61  72 69 61 2d 6c 61 62 65
6c 3d 7b 6c 61 62 65 6c  7d 0a 20 20 20 20 20 20
20 20 20 20 20 20 20 20  20 20 20 20 20 20 20 20
20 20 20 20 20 20 20 20  20 20 20 20 20 20 61 72
69 61 2d 70 72 65 73 73  65 64 3d 7b 69 63 6f 6e
20 3d 3d 3d 20 69 74 65  6d 7d 0a 20 20 20 20 20
20 20 20 20 20 20 20 20  20 20 20 20 20 20 20 20
20 20 20 20 20 20 20 20  20 20 20 20 20 20 20 6f
6e 43 6c 69 63 6b 3d 7b  28 29 20 3d 3e 20 73 65
74 49 63 6f 6e 28 69 74  65 6d 29 7d 0a 20 20 20
20 20 20 20 20 20 20 20  20 20 20 20 20 20 20 20
20 20 20 20 20 20 20 20  20 20 20 20 20 3e 0a 20
20 20 20 20 20 20 20 20  20 20 20 20 20 20 20 20
20 20 20 20 20 20 20 20  20 20 20 20 20 20 20 20
20 20 20 3c 49 63 6f 6e  20 6e 61 6d 65 3d 7b 69
74 65 6d 7d 20 2f 3e 0a  20 20 20 20 20 20 20 20
20 20 20 20 20 20 20 20  20 20 20 20 20 20 20 20
20 20 20 20 20 20 20 20  3c 2f 62 75 74 74 6f 6e
3e 0a 20 20 20 20 20 20  20 20 20 20 20 20 20 20
20 20 20 20 20 20 20 20  20 20 20 20 20 20 29 3b
0a 20 20 20 20 20 20 20  20 20 20 20 20 20 20 20
20 20 20 20 20 20 20 20  20 7d 29 7d 0a 20 20 20
20 20 20 20 20 20 20 20  20 20 20 20 20 20 20 20
20 3c 2f 64 69 76 3e 0a  20 20 20 20 20 20 20 20
20 20 20 20 20 20 20 20  3c 2f 64 69 76 3e 0a 20
20 20 20 20 20 20 20 20  20 20 20 20 20 20 20 3c
64 69 76 20 63 6c 61 73  73 4e 61 6d 65 3d 22 61
70 70 73 2d 66 6f 72 6d  2d 72 6f 77 22 3e 0a 20
20 20 20 20 20 20 20 20  20 20 20 20 20 20 20 20
20 20 20 3c 6c 61 62 65  6c 3e 7b 74 65 78 74 2e
61 70 70 43 6f 6c 6f 72  7d 3c 2f 6c 61 62 65 6c
3e 0a 20 20 20 20 20 20  20 20 20 20 20 20 20 20
20 20 20 20 20 20 3c 41  70 70 41 63 63 65 6e 74
50 69 63 6b 65 72 20 76  61 6c 75 65 3d 7b 61 63
63 65 6e 74 7d 20 6c 61  6e 67 3d 7b 6c 61 6e 67
7d 20 6f 6e 43 68 61 6e  67 65 3d 7b 73 65 74 41
63 63 65 6e 74 7d 20 2f  3e 0a 20 20 20 20 20 20
20 20 20 20 20 20 20 20  20 20 3c 2f 64 69 76 3e
0a 20 20 20 20 20 20 20  20 20 20 20 20 20 20 20
20 7b 6b 69 6e 64 20 3d  3d 3d 20 27 74 6f 6f 6c
5f 61 70 70 27 20 26 26  20 28 0a 20 20 20 20 20
20 20 20 20 20 20 20 20  20 20 20 20 20 20 20 3c
3e 0a 20 20 20 20 20 20  20 20 20 20 20 20 20 20
20 20 20 20 20 20 20 20  20 20 3c 64 69 76 20 63
6c 61 73 73 4e 61 6d 65  3d 22 61 70 70 73 2d 66
6f 72 6d 2d 72 6f 77 22  3e 0a 20 20 20 20 20 20
20 20 20 20 20 20 20 20  20 20 20 20 20 20 20 20
20 20 20 20 20 20 3c 6c  61 62 65 6c 3e 7b 7a 68
20 3f 20 27 e7 8e b0 e6  9c 89 20 53 6b 69 6c 6c
27 20 3a 20 27 45 78 69  73 74 69 6e 67 20 53 6b
69 6c 6c 27 7d 3c 2f 6c  61 62 65 6c 3e 0a 20 20
20 20 20 20 20 20 20 20  20 20 20 20 20 20 20 20
20 20 20 20 20 20 20 20  20 20 3c 73 65 6c 65 63
74 20 76 61 6c 75 65 3d  7b 73 65 6c 65 63 74 65
64 53 6b 69 6c 6c 7d 20  6f 6e 43 68 61 6e 67 65
3d 7b 28 65 76 65 6e 74  29 20 3d 3e 20 7b 0a 20
20 20 20 20 20 20 20 20  20 20 20 20 20 20 20 20
20 20 20 20 20 20 20 20  20 20 20 20 20 20 20 73
65 74 53 65 6c 65 63 74  65 64 53 6b 69 6c 6c 28
65 76 65 6e 74 2e 74 61  72 67 65 74 2e 76 61 6c
75 65 29 3b 0a 20 20 20  20 20 20 20 20 20 20 20
20 20 20 20 20 20 20 20  20 20 20 20 20 20 20 20
20 20 20 20 20 73 65 74  53 6b 69 6c 6c 41 70 70
53 61 76 65 53 74 61 74  65 28 27 69 64 6c 65 27
29 3b 0a 20 20 20 20 20  20 20 20 20 20 20 20 20
20 20 20 20 20 20 20 20  20 20 20 20 20 20 20 20
20 20 20 73 65 74 53 6b  69 6c 6c 41 70 70 53 61
76 65 4d 65 73 73 61 67  65 28 27 27 29 3b 0a 20
20 20 20 20 20 20 20 20  20 20 20 20 20 20 20 20
20 20 20 20 20 20 20 20  20 20 20 20 20 20 20 73
65 74 53 6b 69 6c 6c 4d  61 72 6b 65 74 55 70 6c
6f 61 64 53 74 61 74 65  28 27 69 64 6c 65 27 29
3b 0a 20 20 20 20 20 20  20 20 20 20 20 20 20 20
20 20 20 20 20 20 20 20  20 20 20 20 20 20 7d 7d
3e 0a 20 20 20 20 20 20  20 20 20 20 20 20 20 20
20 20 20 20 20 20 20 20  20 20 20 20 20 20 20 20
20 20 7b 61 76 61 69 6c  61 62 6c 65 53 6b 69 6c
6c 73 2e 6c 65 6e 67 74  68 20 3d 3d 3d 20 30 20
26 26 20 3c 6f 70 74 69  6f 6e 20 76 61 6c 75 65
3d 22 22 3e 7b 7a 68 20  3f 20 27 e6 9a 82 e6 97
a0 e5 8f af e7 94 a8 20  53 6b 69 6c 6c 27 20 3a
20 27 4e 6f 20 73 6b 69  6c 6c 73 20 61 76 61 69
6c 61 62 6c 65 27 7d 3c  2f 6f 70 74 69 6f 6e 3e
7d 0a 20 20 20 20 20 20  20 20 20 20 20 20 20 20
20 20 20 20 20 20 20 20  20 20 20 20 20 20 20 20
20 20 7b 61 76 61 69 6c  61 62 6c 65 53 6b 69 6c
6c 73 2e 6d 61 70 28 28  73 6b 69 6c 6c 29 20 3d
3e 20 7b 0a 20 20 20 20  20 20 20 20 20 20 20 20
20 20 20 20 20 20 20 20  20 20 20 20 20 20 20 20
20 20 20 20 20 20 20 20  63 6f 6e 73 74 20 73 6b
69 6c 6c 4e 61 6d 65 20  3d 20 53 74 72 69 6e 67
28 73 6b 69 6c 6c 2e 6e  61 6d 65 20 7c 7c 20 27
27 29 3b 0a 20 20 20 20  20 20 20 20 20 20 20 20
20 20 20 20 20 20 20 20  20 20 20 20 20 20 20 20
20 20 20 20 20 20 20 20  72 65 74 75 72 6e 20 3c
6f 70 74 69 6f 6e 20 6b  65 79 3d 7b 73 6b 69 6c
6c 4e 61 6d 65 7d 20 76  61 6c 75 65 3d 7b 73 6b
69 6c 6c 4e 61 6d 65 7d  3e 7b 73 6b 69 6c 6c 4e
61 6d 65 7d 3c 2f 6f 70  74 69 6f 6e 3e 3b 0a 20
20 20 20 20 20 20 20 20  20 20 20 20 20 20 20 20
20 20 20 20 20 20 20 20  20 20 20 20 20 20 20 7d
29 7d 0a 20 20 20 20 20  20 20 20 20 20 20 20 20
20 20 20 20 20 20 20 20  20 20 20 20 20 20 20 3c
2f 73 65 6c 65 63 74 3e  0a 20 20 20 20 20 20 20
20 20 20 20 20 20 20 20  20 20 20 20 20 20 20 20
20 3c 2f 64 69 76 3e 0a  20 20 20 20 20 20 20 20
20 20 20 20 20 20 20 20  20 20 20 20 20 20 20 20
3c 64 69 76 20 63 6c 61  73 73 4e 61 6d 65 3d 22
61 70 70 73 2d 66 6f 72  6d 2d 72 6f 77 22 3e 0a
20 20 20 20 20 20 20 20  20 20 20 20 20 20 20 20
20 20 20 20 20 20 20 20  20 20 20 20 3c 6c 61 62
65 6c 3e 7b 7a 68 20 3f  20 27 5c 75 38 66 39 33
5c 75 35 31 36 35 5c 75  36 61 32 31 5c 75 35 66
30 66 27 20 3a 20 27 49  6e 70 75 74 20 6d 6f 64
65 27 7d 3c 2f 6c 61 62  65 6c 3e 0a 20 20 20 20
20 20 20 20 20 20 20 20  20 20 20 20 20 20 20 20
20 20 20 20 20 20 20 20  3c 73 65 6c 65 63 74 20
76 61 6c 75 65 3d 7b 69  6e 70 75 74 4d 6f 64 65
7d 20 6f 6e 43 68 61 6e  67 65 3d 7b 28 65 76 65
6e 74 29 20 3d 3e 20 7b  0a 20 20 20 20 20 20 20
20 20 20 20 20 20 20 20  20 20 20 20 20 20 20 20
20 20 20 20 20 20 20 20  20 63 6f 6e 73 74 20 6e
65 78 74 4d 6f 64 65 20  3d 20 65 76 65 6e 74 2e
74 61 72 67 65 74 2e 76  61 6c 75 65 20 61 73 20
27 66 69 6c 65 27 20 7c  20 27 66 6f 72 6d 27 20
7c 20 27 6d 69 78 65 64  27 3b 0a 20 20 20 20 20
20 20 20 20 20 20 20 20  20 20 20 20 20 20 20 20
20 20 20 20 20 20 20 20  20 20 20 73 65 74 49 6e
70 75 74 4d 6f 64 65 28  6e 65 78 74 4d 6f 64 65
29 3b 0a 20 20 20 20 20  20 20 20 20 20 20 20 20
20 20 20 20 20 20 20 20  20 20 20 20 20 20 20 20
20 20 20 69 66 20 28 6e  65 78 74 4d 6f 64 65 20
3d 3d 3d 20 27 66 6f 72  6d 27 29 20 73 65 74 4d
75 6c 74 69 70 6c 65 46  69 6c 65 73 28 66 61 6c
73 65 29 3b 0a 20 20 20  20 20 20 20 20 20 20 20
20 20 20 20 20 20 20 20  20 20 20 20 20 20 20 20
20 7d 7d 3e 0a 20 20 20  20 20 20 20 20 20 20 20
20 20 20 20 20 20 20 20  20 20 20 20 20 20 20 20
20 20 20 20 20 3c 6f 70  74 69 6f 6e 20 76 61 6c
75 65 3d 22 66 69 6c 65  22 3e 7b 7a 68 20 3f 20
27 5c 75 36 35 38 37 5c  75 34 65 66 36 5c 75 34
65 30 61 5c 75 34 66 32  30 27 20 3a 20 27 46 69
6c 65 20 75 70 6c 6f 61  64 27 7d 3c 2f 6f 70 74
69 6f 6e 3e 0a 20 20 20  20 20 20 20 20 20 20 20
20 20 20 20 20 20 20 20  20 20 20 20 20 20 20 20
20 20 20 20 20 3c 6f 70  74 69 6f 6e 20 76 61 6c
75 65 3d 22 66 6f 72 6d  22 3e 7b 7a 68 20 3f 20
27 5c 75 38 38 36 38 5c  75 35 33 35 35 5c 75 35
33 63 32 5c 75 36 35 37  30 27 20 3a 20 27 46 6f
72 6d 20 70 61 72 61 6d  65 74 65 72 73 27 7d 3c
2f 6f 70 74 69 6f 6e 3e  0a 20 20 20 20 20 20 20
20 20 20 20 20 20 20 20  20 20 20 20 20 20 20 20
20 20 20 20 20 20 20 20  20 3c 6f 70 74 69 6f 6e
20 76 61 6c 75 65 3d 22  6d 69 78 65 64 22 3e 7b
7a 68 20 3f 20 27 5c 75  36 35 38 37 5c 75 34 65
66 36 20 2b 20 5c 75 38  38 36 38 5c 75 35 33 35
35 27 20 3a 20 27 46 69  6c 65 20 2b 20 66 6f 72
6d 27 7d 3c 2f 6f 70 74  69 6f 6e 3e 0a 20 20 20
20 20 20 20 20 20 20 20  20 20 20 20 20 20 20 20
20 20 20 20 20 20 20 20  20 3c 2f 73 65 6c 65 63
74 3e 0a 20 20 20 20 20  20 20 20 20 20 20 20 20
20 20 20 20 20 20 20 20  20 20 20 3c 2f 64 69 76
3e 0a 20 20 20 20 20 20  20 20 20 20 20 20 20 20
20 20 20 20 20 20 20 20  20 20 7b 69 6e 70 75 74
4d 6f 64 65 20 21 3d 3d  20 27 66 6f 72 6d 27 20
26 26 20 28 0a 20 20 20  20 20 20 20 20 20 20 20
20 20 20 20 20 20 20 20  20 20 20 20 20 20 20 20
20 3c 64 69 76 20 63 6c  61 73 73 4e 61 6d 65 3d
22 61 70 70 73 2d 66 6f  72 6d 2d 72 6f 77 22 3e
0a 20 20 20 20 20 20 20  20 20 20 20 20 20 20 20
20 20 20 20 20 20 20 20  20 20 20 20 20 20 20 20
20 3c 6c 61 62 65 6c 3e  7b 7a 68 20 3f 20 27 5c
75 35 39 31 61 5c 75 36  35 38 37 5c 75 34 65 66
36 27 20 3a 20 27 4d 75  6c 74 69 70 6c 65 20 66
69 6c 65 73 27 7d 3c 2f  6c 61 62 65 6c 3e 0a 20
20 20 20 20 20 20 20 20  20 20 20 20 20 20 20 20
20 20 20 20 20 20 20 20  20 20 20 20 20 20 20 3c
6c 61 62 65 6c 20 63 6c  61 73 73 4e 61 6d 65 3d
22 61 70 70 73 2d 63 68  65 63 6b 62 6f 78 2d 66
69 65 6c 64 22 3e 0a 20  20 20 20 20 20 20 20 20
20 20 20 20 20 20 20 20  20 20 20 20 20 20 20 20
20 20 20 20 20 20 20 20  20 20 20 3c 69 6e 70 75
74 20 74 79 70 65 3d 22  63 68 65 63 6b 62 6f 78
22 20 63 68 65 63 6b 65  64 3d 7b 6d 75 6c 74 69
70 6c 65 46 69 6c 65 73  7d 20 6f 6e 43 68 61 6e
67 65 3d 7b 28 65 76 65  6e 74 29 20 3d 3e 20 73
65 74 4d 75 6c 74 69 70  6c 65 46 69 6c 65 73 28
65 76 65 6e 74 2e 74 61  72 67 65 74 2e 63 68 65
63 6b 65 64 29 7d 20 2f  3e 0a 20 20 20 20 20 20
20 20 20 20 20 20 20 20  20 20 20 20 20 20 20 20
20 20 20 20 20 20 20 20  20 20 20 20 20 20 3c 73
70 61 6e 3e 7b 7a 68 20  3f 20 27 5c 75 35 31 34
31 5c 75 38 62 62 38 5c  75 34 65 30 30 5c 75 36
62 32 31 5c 75 39 30 30  39 5c 75 36 32 65 39 5c
75 35 39 31 61 5c 75 34  65 32 61 5c 75 36 35 38
37 5c 75 34 65 66 36 27  20 3a 20 27 41 6c 6c 6f
77 20 73 65 6c 65 63 74  69 6e 67 20 73 65 76 65
72 61 6c 20 66 69 6c 65  73 27 7d 3c 2f 73 70 61
6e 3e 0a 20 20 20 20 20  20 20 20 20 20 20 20 20
20 20 20 20 20 20 20 20  20 20 20 20 20 20 20 20
20 20 20 3c 2f 6c 61 62  65 6c 3e 0a 20 20 20 20
20 20 20 20 20 20 20 20  20 20 20 20 20 20 20 20
20 20 20 20 20 20 20 20  3c 2f 64 69 76 3e 0a 20
20 20 20 20 20 20 20 20  20 20 20 20 20 20 20 20
20 20 20 20 20 20 20 29  7d 0a 20 20 20 20 20 20
20 20 20 20 20 20 20 20  20 20 20 20 20 20 20 20
20 20 3c 64 69 76 20 63  6c 61 73 73 4e 61 6d 65
3d 22 61 70 70 73 2d 66  6f 72 6d 2d 72 6f 77 22
3e 0a 20 20 20 20 20 20  20 20 20 20 20 20 20 20
20 20 20 20 20 20 20 20  20 20 20 20 20 20 3c 6c
61 62 65 6c 3e 7b 7a 68  20 3f 20 27 5c 75 38 66
39 33 5c 75 35 31 66 61  5c 75 36 38 33 63 5c 75
35 66 30 66 27 20 3a 20  27 4f 75 74 70 75 74 20
6d 6f 64 65 73 27 7d 3c  2f 6c 61 62 65 6c 3e 0a
20 20 20 20 20 20 20 20  20 20 20 20 20 20 20 20
20 20 20 20 20 20 20 20  20 20 20 20 3c 64 69 76
20 63 6c 61 73 73 4e 61  6d 65 3d 22 61 70 70 73
2d 6f 75 74 70 75 74 2d  6d 6f 64 65 2d 70 69 63
6b 65 72 22 20 72 6f 6c  65 3d 22 67 72 6f 75 70
22 20 61 72 69 61 2d 6c  61 62 65 6c 3d 7b 7a 68
20 3f 20 27 5c 75 38 66  39 33 5c 75 35 31 66 61
5c 75 36 38 33 63 5c 75  35 66 30 66 27 20 3a 20
27 4f 75 74 70 75 74 20  6d 6f 64 65 73 27 7d 3e
0a 20 20 20 20 20 20 20  20 20 20 20 20 20 20 20
20 20 20 20 20 20 20 20  20 20 20 20 20 20 20 20
20 7b 5b 27 64 6f 63 78  27 2c 20 27 78 6c 73 78
27 2c 20 27 70 64 66 27  2c 20 27 6a 73 6f 6e 27
2c 20 27 74 78 74 27 5d  2e 6d 61 70 28 28 6d 6f
64 65 29 20 3d 3e 20 28  0a 20 20 20 20 20 20 20
20 20 20 20 20 20 20 20  20 20 20 20 20 20 20 20
20 20 20 20 20 20 20 20  20 20 20 20 20 3c 6c 61
62 65 6c 20 6b 65 79 3d  7b 6d 6f 64 65 7d 20 63
6c 61 73 73 4e 61 6d 65  3d 22 61 70 70 73 2d 6f
75 74 70 75 74 2d 6d 6f  64 65 2d 63 68 6f 69 63
65 22 3e 0a 20 20 20 20  20 20 20 20 20 20 20 20
20 20 20 20 20 20 20 20  20 20 20 20 20 20 20 20
20 20 20 20 20 20 20 20  20 20 20 20 3c 69 6e 70
75 74 0a 20 20 20 20 20  20 20 20 20 20 20 20 20
20 20 20 20 20 20 20 20  20 20 20 20 20 20 20 20
20 20 20 20 20 20 20 20  20 20 20 20 20 20 20 74
79 70 65 3d 22 63 68 65  63 6b 62 6f 78 22 0a 20
20 20 20 20 20 20 20 20  20 20 20 20 20 20 20 20
20 20 20 20 20 20 20 20  20 20 20 20 20 20 20 20
20 20 20 20 20 20 20 20  20 20 20 63 68 65 63 6b
65 64 3d 7b 6f 75 74 70  75 74 4d 6f 64 65 73 2e
69 6e 63 6c 75 64 65 73  28 6d 6f 64 65 29 7d 0a
20 20 20 20 20 20 20 20  20 20 20 20 20 20 20 20
20 20 20 20 20 20 20 20  20 20 20 20 20 20 20 20
20 20 20 20 20 20 20 20  20 20 20 20 6f 6e 43 68
61 6e 67 65 3d 7b 28 65  76 65 6e 74 29 20 3d 3e
20 7b 0a 20 20 20 20 20  20 20 20 20 20 20 20 20
20 20 20 20 20 20 20 20  20 20 20 20 20 20 20 20
20 20 20 20 20 20 20 20  20 20 20 20 20 20 20 20
20 20 20 73 65 74 4f 75  74 70 75 74 4d 6f 64 65
73 28 28 63 75 72 72 65  6e 74 29 20 3d 3e 20 7b
0a 20 20 20 20 20 20 20  20 20 20 20 20 20 20 20
20 20 20 20 20 20 20 20  20 20 20 20 20 20 20 20
20 20 20 20 20 20 20 20  20 20 20 20 20 20 20 20
20 20 20 20 20 63 6f 6e  73 74 20 6e 65 78 74 20
3d 20 65 76 65 6e 74 2e  74 61 72 67 65 74 2e 63
68 65 63 6b 65 64 20 3f  20 5b 2e 2e 2e 63 75 72
72 65 6e 74 2c 20 6d 6f  64 65 5d 20 3a 20 63 75
72 72 65 6e 74 2e 66 69  6c 74 65 72 28 28 69 74
65 6d 29 20 3d 3e 20 69  74 65 6d 20 21 3d 3d 20
6d 6f 64 65 29 3b 0a 20  20 20 20 20 20 20 20 20
20 20 20 20 20 20 20 20  20 20 20 20 20 20 20 20
20 20 20 20 20 20 20 20  20 20 20 20 20 20 20 20
20 20 20 20 20 20 20 20  20 20 20 72 65 74 75 72
6e 20 6e 65 78 74 2e 6c  65 6e 67 74 68 20 3e 20
30 20 3f 20 6e 6f 72 6d  61 6c 69 7a 65 4f 75 74
70 75 74 4d 6f 64 65 73  28 6e 65 78 74 29 20 3a
20 63 75 72 72 65 6e 74  3b 0a 20 20 20 20 20 20
20 20 20 20 20 20 20 20  20 20 20 20 20 20 20 20
20 20 20 20 20 20 20 20  20 20 20 20 20 20 20 20
20 20 20 20 20 20 20 20  20 20 7d 29 3b 0a 20 20
20 20 20 20 20 20 20 20  20 20 20 20 20 20 20 20
20 20 20 20 20 20 20 20  20 20 20 20 20 20 20 20
20 20 20 20 20 20 20 20  20 20 7d 7d 0a 20 20 20
20 20 20 20 20 20 20 20  20 20 20 20 20 20 20 20
20 20 20 20 20 20 20 20  20 20 20 20 20 20 20 20
20 20 20 20 20 2f 3e 0a  20 20 20 20 20 20 20 20
20 20 20 20 20 20 20 20  20 20 20 20 20 20 20 20
20 20 20 20 20 20 20 20  20 20 20 20 20 20 20 20
3c 73 70 61 6e 3e 7b 6f  75 74 70 75 74 4d 6f 64
65 4c 61 62 65 6c 28 6d  6f 64 65 29 7d 3c 2f 73
70 61 6e 3e 0a 20 20 20  20 20 20 20 20 20 20 20
20 20 20 20 20 20 20 20  20 20 20 20 20 20 20 20
20 20 20 20 20 20 20 20  20 3c 2f 6c 61 62 65 6c
3e 0a 20 20 20 20 20 20  20 20 20 20 20 20 20 20
20 20 20 20 20 20 20 20  20 20 20 20 20 20 20 20
20 20 29 29 7d 0a 20 20  20 20 20 20 20 20 20 20
20 20 20 20 20 20 20 20  20 20 20 20 20 20 20 20
20 20 3c 2f 64 69 76 3e  0a 20 20 20 20 20 20 20
20 20 20 20 20 20 20 20  20 20 20 20 20 20 20 20
20 3c 2f 64 69 76 3e 0a  20 20 20 20 20 20 20 20
20 20 20 20 20 20 20 20  20 20 20 20 20 20 20 20
7b 28 69 6e 70 75 74 4d  6f 64 65 20 3d 3d 3d 20
27 66 6f 72 6d 27 20 7c  7c 20 69 6e 70 75 74 4d
6f 64 65 20 3d 3d 3d 20  27 6d 69 78 65 64 27 29
20 26 26 20 28 0a 20 20  20 20 20 20 20 20 20 20
20 20 20 20 20 20 20 20  20 20 20 20 20 20 20 20
20 20 3c 54 6f 6f 6c 46  69 65 6c 64 45 64 69 74
6f 72 20 66 69 65 6c 64  73 3d 7b 73 6b 69 6c 6c
46 69 65 6c 64 73 7d 20  6c 61 6e 67 3d 7b 6c 61
6e 67 7d 20 6f 6e 43 68  61 6e 67 65 3d 7b 73 65
74 53 6b 69 6c 6c 46 69  65 6c 64 73 7d 20 2f 3e
0a 20 20 20 20 20 20 20  20 20 20 20 20 20 20 20
20 20 20 20 20 20 20 20  20 29 7d 0a 20 20 20 20
20 20 20 20 20 20 20 20  20 20 20 20 20 20 20 20
3c 2f 3e 0a 20 20 20 20  20 20 20 20 20 20 20 20
20 20 20 20 29 7d 0a 20  20 20 20 20 20 20 20 20
20 20 20 20 20 20 20 3c  64 69 76 20 63 6c 61 73
73 4e 61 6d 65 3d 22 61  70 70 73 2d 66 6f 72 6d
2d 72 6f 77 22 3e 0a 20  20 20 20 20 20 20 20 20
20 20 20 20 20 20 20 20  20 20 20 3c 6c 61 62 65
6c 3e 7b 7a 68 20 3f 20  27 5c 75 36 33 63 66 5c
75 38 66 66 30 27 20 3a  20 27 44 65 73 63 72 69
70 74 69 6f 6e 27 7d 3c  2f 6c 61 62 65 6c 3e 0a
20 20 20 20 20 20 20 20  20 20 20 20 20 20 20 20
20 20 20 20 3c 74 65 78  74 61 72 65 61 20 76 61
6c 75 65 3d 7b 64 65 73  63 72 69 70 74 69 6f 6e
7d 20 6f 6e 43 68 61 6e  67 65 3d 7b 28 65 76 65
6e 74 29 20 3d 3e 20 73  65 74 44 65 73 63 72 69
70 74 69 6f 6e 28 65 76  65 6e 74 2e 74 61 72 67
65 74 2e 76 61 6c 75 65  29 7d 20 70 6c 61 63 65
68 6f 6c 64 65 72 3d 7b  7a 68 20 3f 20 27 5c 75
37 35 32 38 5c 75 34 65  38 65 20 74 6f 6f 6c 74
69 70 20 5c 75 35 34 38  63 5c 75 35 33 66 33 5c
75 34 66 61 37 5c 75 38  66 64 30 5c 75 38 38 34
63 5c 75 35 33 33 61 5c  75 38 62 66 34 5c 75 36
36 30 65 27 20 3a 20 27  55 73 65 64 20 69 6e 20
74 6f 6f 6c 74 69 70 20  61 6e 64 20 72 69 67 68
74 20 72 75 6e 74 69 6d  65 20 61 72 65 61 27 7d
20 2f 3e 0a 20 20 20 20  20 20 20 20 20 20 20 20
20 20 20 20 3c 2f 64 69  76 3e 0a 20 20 20 20 20
20 20 20 20 20 20 20 20  20 20 20 3c 64 69 76 20
63 6c 61 73 73 4e 61 6d  65 3d 22 61 70 70 73 2d
61 63 74 69 6f 6e 73 22  3e 0a 20 20 20 20 20 20
20 20 20 20 20 20 20 20  20 20 20 20 20 20 3c 62
75 74 74 6f 6e 20 63 6c  61 73 73 4e 61 6d 65 3d
22 61 70 70 73 2d 70 72  69 6d 61 72 79 2d 62 75
74 74 6f 6e 22 20 74 79  70 65 3d 22 62 75 74 74
6f 6e 22 20 64 69 73 61  62 6c 65 64 3d 7b 21 6e
61 6d 65 2e 74 72 69 6d  28 29 7d 20 6f 6e 43 6c
69 63 6b 3d 7b 63 72 65  61 74 65 41 70 70 7d 3e
7b 74 65 78 74 2e 63 72  65 61 74 65 54 61 62 7d
3c 2f 62 75 74 74 6f 6e  3e 0a 20 20 20 20 20 20
20 20 20 20 20 20 20 20  20 20 20 20 20 20 7b 6b
69 6e 64 20 3d 3d 3d 20  27 74 6f 6f 6c 5f 61 70
70 27 20 26 26 20 28 0a  20 20 20 20 20 20 20 20
20 20 20 20 20 20 20 20  20 20 20 20 20 20 20 20
3c 3e 0a 20 20 20 20 20  20 20 20 20 20 20 20 20
20 20 20 20 20 20 20 20  20 20 20 20 20 20 20 3c
62 75 74 74 6f 6e 20 63  6c 61 73 73 4e 61 6d 65
3d 22 61 70 70 73 2d 73  65 63 6f 6e 64 61 72 79
2d 62 75 74 74 6f 6e 22  20 74 79 70 65 3d 22 62
75 74 74 6f 6e 22 20 64  69 73 61 62 6c 65 64 3d
7b 21 6e 61 6d 65 2e 74  72 69 6d 28 29 20 7c 7c
20 21 73 65 6c 65 63 74  65 64 53 6b 69 6c 6c 2e
74 72 69 6d 28 29 20 7c  7c 20 73 6b 69 6c 6c 41
70 70 53 61 76 65 53 74  61 74 65 20 3d 3d 3d 20
27 73 61 76 69 6e 67 27  7d 20 6f 6e 43 6c 69 63
6b 3d 7b 28 29 20 3d 3e  20 76 6f 69 64 20 73 61
76 65 41 73 53 6b 69 6c  6c 41 70 70 28 29 7d 3e
0a 20 20 20 20 20 20 20  20 20 20 20 20 20 20 20
20 20 20 20 20 20 20 20  20 20 20 20 20 20 20 20
20 7b 73 6b 69 6c 6c 41  70 70 53 61 76 65 53 74
61 74 65 20 3d 3d 3d 20  27 73 61 76 69 6e 67 27
20 3f 20 28 7a 68 20 3f  20 27 e4 bf 9d e5 ad 98
e4 b8 3f 2e 2e 27 20 3a  20 27 53 61 76 69 6e 67
2e 2e 2e 27 29 20 3a 20  28 7a 68 20 3f 20 27 e4
bf 9d e5 ad 98 e5 88 3f  53 6b 69 6c 6c 27 20 3a
20 27 53 61 76 65 20 74  6f 20 53 6b 69 6c 6c 27
29 7d 0a 20 20 20 20 20  20 20 20 20 20 20 20 20
20 20 20 20 20 20 20 20  20 20 20 20 20 20 20 3c
2f 62 75 74 74 6f 6e 3e  0a 20 20 20 20 20 20 20
20 20 20 20 20 20 20 20  20 20 20 20 20 20 20 20
20 20 20 20 20 3c 62 75  74 74 6f 6e 20 63 6c 61
73 73 4e 61 6d 65 3d 22  61 70 70 73 2d 73 65 63
6f 6e 64 61 72 79 2d 62  75 74 74 6f 6e 22 20 74
79 70 65 3d 22 62 75 74  74 6f 6e 22 20 64 69 73
61 62 6c 65 64 3d 7b 21  73 65 6c 65 63 74 65 64
53 6b 69 6c 6c 2e 74 72  69 6d 28 29 20 7c 7c 20
73 6b 69 6c 6c 4d 61 72  6b 65 74 55 70 6c 6f 61
64 53 74 61 74 65 20 3d  3d 3d 20 27 75 70 6c 6f
61 64 69 6e 67 27 7d 20  6f 6e 43 6c 69 63 6b 3d
7b 28 29 20 3d 3e 20 76  6f 69 64 20 75 70 6c 6f
61 64 53 65 6c 65 63 74  65 64 53 6b 69 6c 6c 41
70 70 28 29 7d 3e 0a 20  20 20 20 20 20 20 20 20
20 20 20 20 20 20 20 20  20 20 20 20 20 20 20 20
20 20 20 20 20 20 20 7b  73 6b 69 6c 6c 4d 61 72
6b 65 74 55 70 6c 6f 61  64 53 74 61 74 65 20 3d
3d 3d 20 27 75 70 6c 6f  61 64 69 6e 67 27 20 3f
20 28 7a 68 20 3f 20 27  e4 b8 8a e4 bc a0 e4 b8
3f 2e 2e 27 20 3a 20 27  55 70 6c 6f 61 64 69 6e
67 2e 2e 2e 27 29 20 3a  20 28 7a 68 20 3f 20 27
e4 b8 8a e4 bc a0 e5 88  3f 53 6b 69 6c 6c 4d 61
72 6b 65 74 27 20 3a 20  27 55 70 6c 6f 61 64 20
74 6f 20 53 6b 69 6c 6c  4d 61 72 6b 65 74 27 29
7d 0a 20 20 20 20 20 20  20 20 20 20 20 20 20 20
20 20 20 20 20 20 20 20  20 20 20 20 20 20 3c 2f
62 75 74 74 6f 6e 3e 0a  20 20 20 20 20 20 20 20
20 20 20 20 20 20 20 20  20 20 20 20 20 20 20 20
3c 2f 3e 0a 20 20 20 20  20 20 20 20 20 20 20 20
20 20 20 20 20 20 20 20  29 7d 0a 20 20 20 20 20
20 20 20 20 20 20 20 20  20 20 20 3c 2f 64 69 76
3e 0a 20 20 20 20 20 20  20 20 20 20 20 20 20 20
20 20 7b 73 6b 69 6c 6c  41 70 70 53 61 76 65 4d
65 73 73 61 67 65 20 26  26 20 28 0a 20 20 20 20
20 20 20 20 20 20 20 20  20 20 20 20 20 20 20 20
3c 64 69 76 20 63 6c 61  73 73 4e 61 6d 65 3d 22
61 70 70 73 2d 73 6b 69  6c 6c 2d 73 61 76 65 2d
6d 65 73 73 61 67 65 22  20 64 61 74 61 2d 73 74
61 74 65 3d 7b 73 6b 69  6c 6c 41 70 70 53 61 76
65 53 74 61 74 65 7d 20  72 6f 6c 65 3d 7b 73 6b
69 6c 6c 41 70 70 53 61  76 65 53 74 61 74 65 20
3d 3d 3d 20 27 65 72 72  6f 72 27 20 3f 20 27 61
6c 65 72 74 27 20 3a 20  27 73 74 61 74 75 73 27
7d 3e 7b 73 6b 69 6c 6c  41 70 70 53 61 76 65 4d
65 73 73 61 67 65 7d 3c  2f 64 69 76 3e 0a 20 20
20 20 20 20 20 20 20 20  20 20 20 20 20 20 29 7d
0a 20 20 20 20 20 20 20  20 20 20 20 20 20 20 20
20 3c 64 69 76 20 63 6c  61 73 73 4e 61 6d 65 3d
22 61 70 70 73 2d 63 72  65 61 74 65 2d 70 72 65
76 69 65 77 22 3e 0a 20  20 20 20 20 20 20 20 20
20 20 20 20 20 20 20 20  20 20 20 3c 64 69 76 20
63 6c 61 73 73 4e 61 6d  65 3d 22 61 70 70 73 2d
70 72 65 76 69 65 77 2d  74 69 74 6c 65 2d 72 6f
77 22 3e 0a 20 20 20 20  20 20 20 20 20 20 20 20
20 20 20 20 20 20 20 20  20 20 20 20 3c 64 69 76
20 63 6c 61 73 73 4e 61  6d 65 3d 22 61 70 70 73
2d 64 65 66 69 6e 69 74  69 6f 6e 5f 5f 74 69 74
6c 65 22 3e 7b 74 65 78  74 2e 6d 61 6e 69 66 65
73 74 50 72 65 76 69 65  77 7d 3c 2f 64 69 76 3e
0a 20 20 20 20 20 20 20  20 20 20 20 20 20 20 20
20 20 20 20 20 20 20 20  20 3c 62 75 74 74 6f 6e
20 63 6c 61 73 73 4e 61  6d 65 3d 22 61 70 70 73
2d 73 65 63 6f 6e 64 61  72 79 2d 62 75 74 74 6f
6e 22 20 74 79 70 65 3d  22 62 75 74 74 6f 6e 22
20 6f 6e 43 6c 69 63 6b  3d 7b 61 73 79 6e 63 20
28 29 20 3d 3e 20 7b 0a  20 20 20 20 20 20 20 20
20 20 20 20 20 20 20 20  20 20 20 20 20 20 20 20
20 20 20 20 61 77 61 69  74 20 63 6f 70 79 54 65
78 74 54 6f 43 6c 69 70  62 6f 61 72 64 28 64 72
61 66 74 4d 61 6e 69 66  65 73 74 54 65 78 74 29
3b 0a 20 20 20 20 20 20  20 20 20 20 20 20 20 20
20 20 20 20 20 20 20 20  20 20 20 20 20 20 73 65
74 43 6f 70 79 53 74 61  74 65 28 27 63 6f 70 69
65 64 27 29 3b 0a 20 20  20 20 20 20 20 20 20 20
20 20 20 20 20 20 20 20  20 20 20 20 20 20 7d 7d
3e 7b 63 6f 70 79 53 74  61 74 65 20 3d 3d 3d 20
27 63 6f 70 69 65 64 27  20 3f 20 74 65 78 74 2e
63 6f 70 69 65 64 20 3a  20 74 65 78 74 2e 63 6f
70 79 7d 3c 2f 62 75 74  74 6f 6e 3e 0a 20 20 20
20 20 20 20 20 20 20 20  20 20 20 20 20 20 20 20
20 3c 2f 64 69 76 3e 0a  20 20 20 20 20 20 20 20
20 20 20 20 20 20 20 20  20 20 20 20 3c 70 72 65
3e 7b 64 72 61 66 74 4d  61 6e 69 66 65 73 74 54
65 78 74 7d 3c 2f 70 72  65 3e 0a 20 20 20 20 20
20 20 20 20 20 20 20 20  20 20 20 3c 2f 64 69 76
3e 0a 20 20 20 20 20 20  20 20 20 20 20 20 3c 2f
73 65 63 74 69 6f 6e 3e  0a 20 20 20 20 20 20 20
20 20 20 20 20 3c 64 69  76 20 63 6c 61 73 73 4e
61 6d 65 3d 22 61 70 70  73 2d 73 74 75 64 69 6f
2d 67 72 69 64 22 3e 0a  20 20 20 20 20 20 20 20
20 20 20 20 20 20 20 20  3c 53 74 75 64 69 6f 43
61 72 64 20 74 69 74 6c  65 3d 7b 69 73 5a 68 28
6c 61 6e 67 29 20 3f 20  27 5c 75 34 66 30 31 5c
75 34 65 31 61 5c 75 35  62 61 31 5c 75 36 32 37
39 5c 75 35 37 38 62 5c  75 35 65 39 34 5c 75 37
35 32 38 27 20 3a 20 27  41 70 70 72 6f 76 61 6c
20 61 70 70 27 7d 20 64  65 73 63 72 69 70 74 69
6f 6e 3d 7b 69 73 5a 68  28 6c 61 6e 67 29 20 3f
20 27 5c 75 37 35 32 38  5c 75 35 62 66 39 5c 75
38 62 64 64 5c 75 35 62  39 61 5c 75 34 65 34 39
5c 75 36 35 37 30 5c 75  36 33 36 65 5c 75 35 62
66 39 5c 75 38 63 36 31  5c 75 33 30 30 31 5c 75
38 39 63 36 5c 75 35 36  66 65 5c 75 33 30 30 31
5c 75 35 32 61 38 5c 75  34 66 35 63 5c 75 35 34
38 63 5c 75 39 38 37 35  5c 75 39 37 36 32 5c 75
66 66 30 63 5c 75 37 35  33 31 20 41 67 65 6e 74
20 5c 75 36 30 33 62 5c  75 37 65 64 33 5c 75 36
32 31 30 20 41 70 70 20  6d 61 6e 69 66 65 73 74
5c 75 33 30 30 32 27 20  3a 20 27 44 65 66 69 6e
65 20 65 6e 74 69 74 69  65 73 2c 20 76 69 65 77
73 2c 20 61 63 74 69 6f  6e 73 2c 20 61 6e 64 20
73 63 72 65 65 6e 73 20  74 68 72 6f 75 67 68 20
63 68 61 74 3b 20 41 67  65 6e 74 20 77 72 69 74
65 73 20 61 6e 20 61 70  70 20 6d 61 6e 69 66 65
73 74 2e 27 7d 20 73 65  6c 65 63 74 65 64 3d 7b
6b 69 6e 64 20 3d 3d 3d  20 27 65 6e 74 65 72 70
72 69 73 65 5f 61 70 70  72 6f 76 61 6c 5f 61 70
70 27 7d 20 6f 6e 53 65  6c 65 63 74 3d 7b 28 29
20 3d 3e 20 73 65 6c 65  63 74 4b 69 6e 64 28 27
65 6e 74 65 72 70 72 69  73 65 5f 61 70 70 72 6f
76 61 6c 5f 61 70 70 27  2c 20 74 72 75 65 29 7d
20 2f 3e 0a 20 20 20 20  20 20 20 20 20 20 20 20
20 20 20 20 3c 53 74 75  64 69 6f 43 61 72 64 20
74 69 74 6c 65 3d 7b 69  73 5a 68 28 6c 61 6e 67
29 20 3f 20 27 5c 75 34  66 30 31 5c 75 34 65 31
61 5c 75 36 36 36 65 5c  75 39 30 31 61 5c 75 35
65 39 34 5c 75 37 35 32  38 27 20 3a 20 27 42 75
73 69 6e 65 73 73 20 61  70 70 27 7d 20 64 65 73
63 72 69 70 74 69 6f 6e  3d 7b 69 73 5a 68 28 6c
61 6e 67 29 20 3f 20 27  5c 75 35 63 30 36 5c 75
34 66 30 31 5c 75 34 65  31 61 5c 75 35 34 30 65
5c 75 35 33 66 30 5c 75  36 35 37 30 5c 75 36 33
36 65 5c 75 33 30 30 31  5c 75 36 34 63 64 5c 75
34 66 35 63 5c 75 35 34  38 63 5c 75 36 37 65 35
5c 75 38 62 65 32 5c 75  35 63 30 31 5c 75 38 38
63 35 5c 75 36 32 31 30  5c 75 35 33 65 66 5c 75
38 39 63 36 5c 75 35 33  31 36 5c 75 35 64 65 35
5c 75 34 66 35 63 5c 75  35 33 66 30 5c 75 66 66
30 63 5c 75 34 65 30 64  5c 75 34 65 61 37 5c 75
37 35 31 66 5c 75 35 62  61 31 5c 75 36 32 37 39
5c 75 35 62 39 65 5c 75  34 66 38 62 5c 75 33 30
30 32 27 20 3a 20 27 57  72 61 70 20 65 6e 74 65
72 70 72 69 73 65 20 62  61 63 6b 65 6e 64 20 64
61 74 61 2c 20 61 63 74  69 6f 6e 73 2c 20 61 6e
64 20 71 75 65 72 79 20  76 69 65 77 73 20 61 73
20 61 20 76 69 73 75 61  6c 20 77 6f 72 6b 62 65
6e 63 68 20 77 69 74 68  6f 75 74 20 61 70 70 72
6f 76 61 6c 20 69 6e 73  74 61 6e 63 65 73 2e 27
7d 20 73 65 6c 65 63 74  65 64 3d 7b 6b 69 6e 64
20 3d 3d 3d 20 27 65 6e  74 65 72 70 72 69 73 65
5f 6e 6f 72 6d 61 6c 5f  61 70 70 27 7d 20 6f 6e
53 65 6c 65 63 74 3d 7b  28 29 20 3d 3e 20 73 65
6c 65 63 74 4b 69 6e 64  28 27 65 6e 74 65 72 70
72 69 73 65 5f 6e 6f 72  6d 61 6c 5f 61 70 70 27
2c 20 74 72 75 65 29 7d  20 2f 3e 0a 20 20 20 20
20 20 20 20 20 20 20 20  20 20 20 20 3c 53 74 75
64 69 6f 43 61 72 64 20  74 69 74 6c 65 3d 7b 69
73 5a 68 28 6c 61 6e 67  29 20 3f 20 27 5c 75 35
64 65 35 5c 75 35 31 37  37 5c 75 35 65 39 34 5c
75 37 35 32 38 27 20 3a  20 27 54 6f 6f 6c 20 61
70 70 27 7d 20 64 65 73  63 72 69 70 74 69 6f 6e
3d 7b 69 73 5a 68 28 6c  61 6e 67 29 20 3f 20 27
5c 75 36 32 38 61 5c 75  35 39 30 64 5c 75 36 37
34 32 20 73 6b 69 6c 6c  20 5c 75 35 36 66 61 5c
75 35 62 39 61 5c 75 36  32 31 30 5c 75 34 65 30
61 5c 75 34 66 32 30 5c  75 33 30 30 31 5c 75 35
33 63 32 5c 75 36 35 37  30 5c 75 33 30 30 31 5c
75 38 66 39 33 5c 75 35  31 66 61 5c 75 37 36 38
34 5c 75 35 30 62 62 5c  75 37 34 64 63 5c 75 35
66 30 66 5c 75 37 35 34  63 5c 75 39 37 36 32 5c
75 33 30 30 32 27 20 3a  20 27 57 72 61 70 20 61
20 63 6f 6d 70 6c 65 78  20 73 6b 69 6c 6c 20 61
73 20 75 70 6c 6f 61 64  2c 20 70 61 72 61 6d 65
74 65 72 73 2c 20 61 6e  64 20 6f 75 74 70 75 74
20 55 49 2e 27 7d 20 73  65 6c 65 63 74 65 64 3d
7b 6b 69 6e 64 20 3d 3d  3d 20 27 74 6f 6f 6c 5f
61 70 70 27 7d 20 6f 6e  53 65 6c 65 63 74 3d 7b
28 29 20 3d 3e 20 73 65  6c 65 63 74 4b 69 6e 64
28 27 74 6f 6f 6c 5f 61  70 70 27 2c 20 74 72 75
65 29 7d 20 2f 3e 0a 20  20 20 20 20 20 20 20 20
20 20 20 20 20 20 20 3c  53 74 75 64 69 6f 43 61
72 64 20 74 69 74 6c 65  3d 7b 69 73 5a 68 28 6c
61 6e 67 29 20 3f 20 27  5c 75 38 31 65 61 5c 75
35 32 61 38 5c 75 35 33  31 36 5c 75 35 65 39 34
5c 75 37 35 32 38 27 20  3a 20 27 41 75 74 6f 6d
61 74 69 6f 6e 20 61 70  70 27 7d 20 64 65 73 63
72 69 70 74 69 6f 6e 3d  7b 69 73 5a 68 28 6c 61
6e 67 29 20 3f 20 27 5c  75 36 32 38 61 5c 75 35
34 30 63 5c 75 36 62 36  35 5c 75 33 30 30 31 5c
75 39 31 63 37 5c 75 39  36 63 36 5c 75 33 30 30
31 5c 75 37 36 64 31 5c  75 36 33 61 37 5c 75 37
62 34 39 5c 75 39 35 37  66 5c 75 38 66 64 30 5c
75 38 38 34 63 5c 75 38  30 66 64 5c 75 35 32 39
62 5c 75 35 36 66 61 5c  75 35 62 39 61 5c 75 36
32 31 30 5c 75 35 65 39  34 5c 75 37 35 32 38 5c
75 35 31 36 35 5c 75 35  33 65 33 5c 75 33 30 30
32 27 20 3a 20 27 45 78  70 6f 73 65 20 73 79 6e
63 2c 20 63 6f 6c 6c 65  63 74 69 6f 6e 2c 20 61
6e 64 20 6d 6f 6e 69 74  6f 72 69 6e 67 20 66 6c
6f 77 73 20 61 73 20 61  70 70 20 65 6e 74 72 69
65 73 2e 27 7d 20 73 65  6c 65 63 74 65 64 3d 7b
6b 69 6e 64 20 3d 3d 3d  20 27 61 75 74 6f 6d 61
74 69 6f 6e 5f 61 70 70  27 7d 20 6f 6e 53 65 6c
65 63 74 3d 7b 28 29 20  3d 3e 20 73 65 6c 65 63
74 4b 69 6e 64 28 27 61  75 74 6f 6d 61 74 69 6f
6e 5f 61 70 70 27 2c 20  74 72 75 65 29 7d 20 2f
3e 0a 20 20 20 20 20 20  20 20 20 20 20 20 3c 2f
64 69 76 3e 0a 20 20 20  20 20 20 20 20 20 20 20
20 3c 73 65 63 74 69 6f  6e 20 63 6c 61 73 73 4e
61 6d 65 3d 22 61 70 70  73 2d 6d 61 6e 69 66 65
73 74 2d 70 72 65 76 69  65 77 22 3e 0a 20 20 20
20 20 20 20 20 20 20 20  20 20 20 20 20 3c 64 69
76 20 63 6c 61 73 73 4e  61 6d 65 3d 22 61 70 70
73 2d 64 65 66 69 6e 69  74 69 6f 6e 5f 5f 74 69
74 6c 65 22 3e 7b 74 65  78 74 2e 6d 61 6e 69 66
65 73 74 50 72 65 76 69  65 77 7d 3c 2f 64 69 76
3e 0a 20 20 20 20 20 20  20 20 20 20 20 20 20 20
20 20 3c 70 72 65 3e 7b  4a 53 4f 4e 2e 73 74 72
69 6e 67 69 66 79 28 73  6b 69 6c 6c 4d 61 6e 69
66 65 73 74 54 65 6d 70  6c 61 74 65 2c 20 6e 75
6c 6c 2c 20 32 29 7d 3c  2f 70 72 65 3e 0a 20 20
20 20 20 20 20 20 20 20  20 20 3c 2f 73 65 63 74
69 6f 6e 3e 0a 20 20 20  20 20 20 20 20 3c 2f 3e
0a 20 20 20 20 29 3b 0a  7d 3b 0a 0a 63 6f 6e 73
74 20 73 6b 69 6c 6c 4d  61 6e 69 66 65 73 74 54
65 6d 70 6c 61 74 65 20  3d 20 7b 0a 20 20 20 20
78 5f 6d 61 63 6c 61 77  5f 61 70 70 73 3a 20 27
76 31 27 2c 0a 20 20 20  20 61 70 70 73 3a 20 5b
0a 20 20 20 20 20 20 20  20 7b 0a 20 20 20 20 20
20 20 20 20 20 20 20 69  64 3a 20 27 64 6f 63 75
6d 65 6e 74 2d 72 65 64  61 63 74 69 6f 6e 27 2c
0a 20 20 20 20 20 20 20  20 20 20 20 20 6e 61 6d
65 3a 20 27 44 6f 63 75  6d 65 6e 74 20 52 65 64
61 63 74 69 6f 6e 27 2c  0a 20 20 20 20 20 20 20
20 20 20 20 20 64 65 73  63 72 69 70 74 69 6f 6e
3a 20 27 55 70 6c 6f 61  64 20 61 20 64 6f 63 75
6d 65 6e 74 20 61 6e 64  20 72 65 74 75 72 6e 20
61 20 72 65 64 61 63 74  65 64 20 63 6f 70 79 2e
27 2c 0a 20 20 20 20 20  20 20 20 20 20 20 20 63
61 74 65 67 6f 72 79 3a  20 27 44 6f 63 75 6d 65
6e 74 27 2c 0a 20 20 20  20 20 20 20 20 20 20 20
20 69 63 6f 6e 3a 20 27  73 68 69 65 6c 64 27 2c
0a 20 20 20 20 20 20 20  20 20 20 20 20 69 6e 70
75 74 5f 6d 6f 64 65 3a  20 27 66 69 6c 65 27 2c
0a 20 20 20 20 20 20 20  20 20 20 20 20 6f 75 74
70 75 74 5f 6d 6f 64 65  73 3a 20 5b 27 64 6f 63
78 27 2c 20 27 70 64 66  27 5d 2c 0a 20 20 20 20
20 20 20 20 20 20 20 20  66 69 65 6c 64 73 3a 20
5b 0a 20 20 20 20 20 20  20 20 20 20 20 20 20 20
20 20 7b 20 6e 61 6d 65  3a 20 27 73 63 6f 70 65
27 2c 20 6c 61 62 65 6c  3a 20 27 52 65 64 61 63
74 69 6f 6e 20 73 63 6f  70 65 27 2c 20 74 79 70
65 3a 20 27 73 65 6c 65  63 74 27 2c 20 72 65 71
75 69 72 65 64 3a 20 74  72 75 65 2c 20 64 65 66
61 75 6c 74 3a 20 27 50  49 49 27 2c 20 6f 70 74
69 6f 6e 73 3a 20 5b 27  50 49 49 27 2c 20 27 46
69 6e 61 6e 63 69 61 6c  27 2c 20 27 43 75 73 74
6f 6d 27 5d 20 7d 2c 0a  20 20 20 20 20 20 20 20
20 20 20 20 5d 2c 0a 20  20 20 20 20 20 20 20 7d
2c 0a 20 20 20 20 5d 2c  0a 7d 3b 0a 0a 63 6f 6e
73 74 20 53 74 75 64 69  6f 43 61 72 64 20 3d 20
28 7b 20 74 69 74 6c 65  2c 20 64 65 73 63 72 69
70 74 69 6f 6e 2c 20 73  65 6c 65 63 74 65 64 2c
20 6f 6e 53 65 6c 65 63  74 20 7d 3a 20 7b 20 74
69 74 6c 65 3a 20 73 74  72 69 6e 67 3b 20 64 65
73 63 72 69 70 74 69 6f  6e 3a 20 73 74 72 69 6e
67 3b 20 73 65 6c 65 63  74 65 64 3f 3a 20 62 6f
6f 6c 65 61 6e 3b 20 6f  6e 53 65 6c 65 63 74 3f
3a 20 28 29 20 3d 3e 20  76 6f 69 64 20 7d 29 20
3d 3e 20 28 0a 20 20 20  20 3c 61 72 74 69 63 6c
65 20 63 6c 61 73 73 4e  61 6d 65 3d 7b 60 61 70
70 73 2d 73 74 75 64 69  6f 2d 63 61 72 64 20 24
7b 73 65 6c 65 63 74 65  64 20 3f 20 27 69 73 2d
61 63 74 69 76 65 27 20  3a 20 27 27 7d 60 7d 3e
0a 20 20 20 20 20 20 20  20 3c 68 34 3e 7b 74 69
74 6c 65 7d 3c 2f 68 34  3e 0a 20 20 20 20 20 20
20 20 3c 70 3e 7b 64 65  73 63 72 69 70 74 69 6f
6e 7d 3c 2f 70 3e 0a 20  20 20 20 20 20 20 20 7b
6f 6e 53 65 6c 65 63 74  20 26 26 20 3c 62 75 74
74 6f 6e 20 63 6c 61 73  73 4e 61 6d 65 3d 22 61
70 70 73 2d 70 72 69 6d  61 72 79 2d 62 75 74 74
6f 6e 22 20 74 79 70 65  3d 22 62 75 74 74 6f 6e
22 20 61 72 69 61 2d 70  72 65 73 73 65 64 3d 7b
73 65 6c 65 63 74 65 64  7d 20 6f 6e 43 6c 69 63
6b 3d 7b 6f 6e 53 65 6c  65 63 74 7d 3e 7b 74 69
74 6c 65 7d 3c 2f 62 75  74 74 6f 6e 3e 7d 0a 20
20 20 20 3c 2f 61 72 74  69 63 6c 65 3e 0a 29 3b
0a 0a 74 79 70 65 20 50  75 62 6c 69 73 68 43 68
65 63 6b 20 3d 20 7b 0a  20 20 20 20 6c 61 62 65
6c 3a 20 73 74 72 69 6e  67 3b 0a 20 20 20 20 6f
6b 3a 20 62 6f 6f 6c 65  61 6e 3b 0a 20 20 20 20
64 65 74 61 69 6c 3a 20  73 74 72 69 6e 67 3b 0a
7d 3b 0a 0a 66 75 6e 63  74 69 6f 6e 20 62 75 69
6c 64 50 75 62 6c 69 73  68 43 68 65 63 6b 73 28
61 70 70 3a 20 41 70 70  45 6e 74 72 79 2c 20 6c
61 6e 67 3f 3a 20 73 74  72 69 6e 67 29 3a 20 50
75 62 6c 69 73 68 43 68  65 63 6b 5b 5d 20 7b 0a
20 20 20 20 63 6f 6e 73  74 20 7a 68 20 3d 20 69
73 5a 68 28 6c 61 6e 67  29 3b 0a 20 20 20 20 63
6f 6e 73 74 20 6d 61 6e  69 66 65 73 74 20 3d 20
61 70 70 2e 6d 61 6e 69  66 65 73 74 3b 0a 20 20
20 20 63 6f 6e 73 74 20  65 78 70 65 63 74 65 64
4c 61 75 6e 63 68 20 3d  20 64 65 66 61 75 6c 74
4c 61 75 6e 63 68 4d 6f  64 65 46 6f 72 4b 69 6e
64 28 61 70 70 2e 6b 69  6e 64 29 3b 0a 20 20 20
20 63 6f 6e 73 74 20 68  61 73 42 69 6e 64 69 6e
67 20 3d 20 69 73 45 6e  74 65 72 70 72 69 73 65
41 70 70 4b 69 6e 64 28  61 70 70 2e 6b 69 6e 64
29 0a 20 20 20 20 20 20  20 20 3f 20 21 21 6d 61
6e 69 66 65 73 74 3f 2e  64 61 74 61 73 72 76 3f
2e 64 6f 6d 61 69 6e 0a  20 20 20 20 20 20 20 20
3a 20 61 70 70 2e 6b 69  6e 64 20 3d 3d 3d 20 27
74 6f 6f 6c 5f 61 70 70  27 0a 20 20 20 20 20 20
20 20 20 20 20 20 3f 20  21 21 6d 61 6e 69 66 65
73 74 3f 2e 73 6b 69 6c  6c 3f 2e 69 64 0a 20 20
20 20 20 20 20 20 20 20  20 20 3a 20 74 72 75 65
3b 0a 20 20 20 20 63 6f  6e 73 74 20 65 76 69 64
65 6e 63 65 20 3d 20 6c  61 74 65 73 74 41 70 70
52 75 6e 45 76 69 64 65  6e 63 65 28 61 70 70 29
3b 0a 20 20 20 20 63 6f  6e 73 74 20 68 61 73 54
65 73 74 45 76 69 64 65  6e 63 65 20 3d 20 21 21
65 76 69 64 65 6e 63 65  20 7c 7c 20 21 21 61 70
70 2e 72 65 63 65 6e 74  55 73 65 64 41 74 3b 0a
20 20 20 20 72 65 74 75  72 6e 20 5b 0a 20 20 20
20 20 20 20 20 7b 0a 20  20 20 20 20 20 20 20 20
20 20 20 6c 61 62 65 6c  3a 20 7a 68 20 3f 20 27
5c 75 35 37 66 61 5c 75  36 37 32 63 5c 75 34 66
65 31 5c 75 36 30 36 66  27 20 3a 20 27 42 61 73
69 63 20 69 6e 66 6f 72  6d 61 74 69 6f 6e 27 2c
0a 20 20 20 20 20 20 20  20 20 20 20 20 6f 6b 3a
20 21 21 61 70 70 2e 69  64 20 26 26 20 21 21 61
70 70 2e 6e 61 6d 65 20  26 26 20 21 21 61 70 70
2e 63 61 74 65 67 6f 72  79 20 26 26 20 21 21 61
70 70 2e 69 63 6f 6e 2c  0a 20 20 20 20 20 20 20
20 20 20 20 20 64 65 74  61 69 6c 3a 20 7a 68 20
3f 20 27 5c 75 35 34 30  64 5c 75 37 39 66 30 5c
75 33 30 30 31 5c 75 35  32 30 36 5c 75 37 63 37
62 5c 75 33 30 30 31 5c  75 35 36 66 65 5c 75 36
38 30 37 5c 75 35 62 38  63 5c 75 36 35 37 34 27
20 3a 20 27 4e 61 6d 65  2c 20 63 61 74 65 67 6f
72 79 2c 20 61 6e 64 20  69 63 6f 6e 20 61 72 65
20 70 72 65 73 65 6e 74  27 2c 0a 20 20 20 20 20
20 20 20 7d 2c 0a 20 20  20 20 20 20 20 20 7b 0a
20 20 20 20 20 20 20 20  20 20 20 20 6c 61 62 65
6c 3a 20 7a 68 20 3f 20  27 4d 61 6e 69 66 65 73
74 20 5c 75 37 65 64 33  5c 75 36 37 38 34 27 20
3a 20 27 4d 61 6e 69 66  65 73 74 20 73 74 72 75
63 74 75 72 65 27 2c 0a  20 20 20 20 20 20 20 20
20 20 20 20 6f 6b 3a 20  21 21 6d 61 6e 69 66 65
73 74 20 26 26 20 6d 61  6e 69 66 65 73 74 2e 70
72 69 76 61 74 65 4d 61  72 6b 65 72 20 3d 3d 3d
20 27 78 5f 6d 61 63 6c  61 77 5f 61 70 70 73 27
20 26 26 20 6d 61 6e 69  66 65 73 74 2e 65 6e 74
72 79 4b 69 6e 64 20 3d  3d 3d 20 61 70 70 2e 6b
69 6e 64 20 26 26 20 6d  61 6e 69 66 65 73 74 2e
6c 61 75 6e 63 68 4d 6f  64 65 20 3d 3d 3d 20 65
78 70 65 63 74 65 64 4c  61 75 6e 63 68 2c 0a 20
20 20 20 20 20 20 20 20  20 20 20 64 65 74 61 69
6c 3a 20 7a 68 20 3f 20  60 24 7b 61 70 70 2e 6b
69 6e 64 7d 20 2d 3e 20  24 7b 65 78 70 65 63 74
65 64 4c 61 75 6e 63 68  7d 60 20 3a 20 60 24 7b
61 70 70 2e 6b 69 6e 64  7d 20 2d 3e 20 24 7b 65
78 70 65 63 74 65 64 4c  61 75 6e 63 68 7d 60 2c
0a 20 20 20 20 20 20 20  20 7d 2c 0a 20 20 20 20
20 20 20 20 7b 0a 20 20  20 20 20 20 20 20 20 20
20 20 6c 61 62 65 6c 3a  20 7a 68 20 3f 20 27 5c
75 37 65 64 31 5c 75 35  62 39 61 5c 75 38 30 66
64 5c 75 35 32 39 62 27  20 3a 20 27 43 61 70 61
62 69 6c 69 74 79 20 62  69 6e 64 69 6e 67 27 2c
0a 20 20 20 20 20 20 20  20 20 20 20 20 6f 6b 3a
20 68 61 73 42 69 6e 64  69 6e 67 2c 0a 20 20 20
20 20 20 20 20 20 20 20  20 64 65 74 61 69 6c 3a
20 69 73 45 6e 74 65 72  70 72 69 73 65 41 70 70
4b 69 6e 64 28 61 70 70  2e 6b 69 6e 64 29 0a 20
20 20 20 20 20 20 20 20  20 20 20 20 20 20 20 3f
20 28 6d 61 6e 69 66 65  73 74 3f 2e 64 61 74 61
73 72 76 3f 2e 64 6f 6d  61 69 6e 20 7c 7c 20 28
7a 68 20 3f 20 27 5c 75  37 66 33 61 5c 75 35 63
31 31 20 44 61 74 61 53  72 76 20 64 6f 6d 61 69
6e 27 20 3a 20 27 4d 69  73 73 69 6e 67 20 44 61
74 61 53 72 76 20 64 6f  6d 61 69 6e 27 29 29 0a
20 20 20 20 20 20 20 20  20 20 20 20 20 20 20 20
3a 20 61 70 70 2e 6b 69  6e 64 20 3d 3d 3d 20 27
74 6f 6f 6c 5f 61 70 70  27 0a 20 20 20 20 20 20
20 20 20 20 20 20 20 20  20 20 20 20 20 20 3f 20
28 6d 61 6e 69 66 65 73  74 3f 2e 73 6b 69 6c 6c
3f 2e 69 64 20 7c 7c 20  28 7a 68 20 3f 20 27 5c
75 37 66 33 61 5c 75 35  63 31 31 20 53 6b 69 6c
6c 20 69 64 27 20 3a 20  27 4d 69 73 73 69 6e 67
20 53 6b 69 6c 6c 20 69  64 27 29 29 0a 20 20 20
20 20 20 20 20 20 20 20  20 20 20 20 20 20 20 20
20 3a 20 28 7a 68 20 3f  20 27 5c 75 38 31 65 61
5c 75 35 32 61 38 5c 75  35 33 31 36 5c 75 36 33
61 37 5c 75 35 32 33 36  5c 75 35 33 66 30 27 20
3a 20 27 41 75 74 6f 6d  61 74 69 6f 6e 20 63 6f
6e 73 6f 6c 65 27 29 2c  0a 20 20 20 20 20 20 20
20 7d 2c 0a 20 20 20 20  20 20 20 20 7b 0a 20 20
20 20 20 20 20 20 20 20  20 20 6c 61 62 65 6c 3a
20 7a 68 20 3f 20 27 5c  75 38 66 64 30 5c 75 38
38 34 63 5c 75 38 62 63  31 5c 75 36 33 36 65 27
20 3a 20 27 52 75 6e 20  65 76 69 64 65 6e 63 65
27 2c 0a 20 20 20 20 20  20 20 20 20 20 20 20 6f
6b 3a 20 68 61 73 54 65  73 74 45 76 69 64 65 6e
63 65 2c 0a 20 20 20 20  20 20 20 20 20 20 20 20
64 65 74 61 69 6c 3a 20  68 61 73 54 65 73 74 45
76 69 64 65 6e 63 65 0a  20 20 20 20 20 20 20 20
20 20 20 20 20 20 20 20  3f 20 65 76 69 64 65 6e
63 65 0a 20 20 20 20 20  20 20 20 20 20 20 20 20
20 20 20 20 20 20 20 3f  20 60 24 7b 65 76 69 64
65 6e 63 65 2e 72 75 6e  49 44 7d 20 c2 b7 20 24
7b 65 76 69 64 65 6e 63  65 2e 61 74 7d 60 0a 20
20 20 20 20 20 20 20 20  20 20 20 20 20 20 20 20
20 20 20 3a 20 28 7a 68  20 3f 20 27 5c 75 35 64
66 32 5c 75 36 37 30 39  5c 75 36 37 30 30 5c 75
38 66 64 31 5c 75 34 66  37 66 5c 75 37 35 32 38
5c 75 38 62 62 30 5c 75  35 66 35 35 27 20 3a 20
27 52 65 63 65 6e 74 20  75 73 65 20 72 65 63 6f
72 64 65 64 27 29 0a 20  20 20 20 20 20 20 20 20
20 20 20 20 20 20 20 3a  20 28 7a 68 20 3f 20 27
5c 75 36 33 64 30 5c 75  34 65 61 34 5c 75 35 62
61 31 5c 75 36 38 33 38  5c 75 35 32 34 64 5c 75
35 65 66 61 5c 75 38 62  61 65 5c 75 35 31 34 38
5c 75 38 62 64 35 5c 75  38 66 64 30 5c 75 38 38
34 63 5c 75 34 65 30 30  5c 75 36 62 32 31 27 20
3a 20 27 52 75 6e 20 74  68 65 20 61 70 70 20 6f
6e 63 65 20 62 65 66 6f  72 65 20 72 65 76 69 65
77 27 29 2c 0a 20 20 20  20 20 20 20 20 7d 2c 0a
20 20 20 20 5d 3b 0a 7d  0a 0a 63 6f 6e 73 74 20
50 75 62 6c 69 73 68 50  61 6e 65 20 3d 20 28 7b
20 61 70 70 73 2c 20 6c  61 6e 67 2c 20 6f 6e 46
69 78 41 70 70 20 7d 3a  20 7b 20 61 70 70 73 3a
20 41 70 70 45 6e 74 72  79 5b 5d 3b 20 6c 61 6e
67 3f 3a 20 73 74 72 69  6e 67 3b 20 6f 6e 46 69
78 41 70 70 3a 20 28 61  70 70 49 64 3a 20 73 74
72 69 6e 67 29 20 3d 3e  20 76 6f 69 64 20 7d 29
20 3d 3e 20 7b 0a 20 20  20 20 63 6f 6e 73 74 20
74 65 78 74 20 3d 20 69  73 5a 68 28 6c 61 6e 67
29 20 3f 20 6c 61 62 65  6c 73 2e 7a 68 20 3a 20
6c 61 62 65 6c 73 2e 65  6e 3b 0a 20 20 20 20 63
6f 6e 73 74 20 7a 68 20  3d 20 69 73 5a 68 28 6c
61 6e 67 29 3b 0a 20 20  20 20 63 6f 6e 73 74 20
5b 63 6f 70 79 53 74 61  74 65 2c 20 73 65 74 43
6f 70 79 53 74 61 74 65  5d 20 3d 20 75 73 65 53
74 61 74 65 3c 27 69 64  6c 65 27 20 7c 20 27 63
6f 70 69 65 64 27 3e 28  27 69 64 6c 65 27 29 3b
0a 20 20 20 20 63 6f 6e  73 74 20 5b 73 75 62 6d
69 73 73 69 6f 6e 73 2c  20 73 65 74 53 75 62 6d
69 73 73 69 6f 6e 73 5d  20 3d 20 75 73 65 53 74
61 74 65 3c 52 65 63 6f  72 64 3c 73 74 72 69 6e
67 2c 20 41 70 70 50 75  62 6c 69 73 68 53 75 62
6d 69 73 73 69 6f 6e 3e  3e 28 28 29 20 3d 3e 20
72 65 61 64 50 75 62 6c  69 73 68 53 75 62 6d 69
73 73 69 6f 6e 73 28 29  29 3b 0a 20 20 20 20 63
6f 6e 73 74 20 5b 73 75  62 6d 69 74 74 69 6e 67
41 70 70 49 64 2c 20 73  65 74 53 75 62 6d 69 74
74 69 6e 67 41 70 70 49  64 5d 20 3d 20 75 73 65
53 74 61 74 65 28 27 27  29 3b 0a 20 20 20 20 63
6f 6e 73 74 20 5b 71 75  65 75 65 53 74 61 74 75
73 2c 20 73 65 74 51 75  65 75 65 53 74 61 74 75
73 5d 20 3d 20 75 73 65  53 74 61 74 65 3c 27 6c
6f 61 64 69 6e 67 27 20  7c 20 27 72 65 61 64 79
27 20 7c 20 27 75 6e 73  75 70 70 6f 72 74 65 64
27 20 7c 20 27 65 72 72  6f 72 27 3e 28 27 6c 6f
61 64 69 6e 67 27 29 3b  0a 20 20 20 20 63 6f 6e
73 74 20 5b 71 75 65 75  65 52 65 66 72 65 73 68
69 6e 67 2c 20 73 65 74  51 75 65 75 65 52 65 66
72 65 73 68 69 6e 67 5d  20 3d 20 75 73 65 53 74
61 74 65 28 66 61 6c 73  65 29 3b 0a 20 20 20 20
63 6f 6e 73 74 20 5b 71  75 65 75 65 52 65 66 72
65 73 68 65 64 41 74 2c  20 73 65 74 51 75 65 75
65 52 65 66 72 65 73 68  65 64 41 74 5d 20 3d 20
75 73 65 53 74 61 74 65  28 27 27 29 3b 0a 20 20
20 20 63 6f 6e 73 74 20  5b 71 75 65 75 65 53 75
6d 6d 61 72 69 65 73 2c  20 73 65 74 51 75 65 75
65 53 75 6d 6d 61 72 69  65 73 5d 20 3d 20 75 73
65 53 74 61 74 65 3c 41  70 70 50 61 63 6b 61 67
65 53 75 62 6d 69 73 73  69 6f 6e 53 75 6d 6d 61
72 79 5b 5d 3e 28 5b 5d  29 3b 0a 20 20 20 20 63
6f 6e 73 74 20 5b 71 75  65 75 65 50 61 63 6b 61
67 65 43 6f 70 79 69 6e  67 49 64 2c 20 73 65 74
51 75 65 75 65 50 61 63  6b 61 67 65 43 6f 70 79
69 6e 67 49 64 5d 20 3d  20 75 73 65 53 74 61 74
65 28 27 27 29 3b 0a 20  20 20 20 63 6f 6e 73 74
20 5b 71 75 65 75 65 50  61 63 6b 61 67 65 43 6f
70 69 65 64 49 64 2c 20  73 65 74 51 75 65 75 65
50 61 63 6b 61 67 65 43  6f 70 69 65 64 49 64 5d
20 3d 20 75 73 65 53 74  61 74 65 28 27 27 29 3b
0a 20 20 20 20 63 6f 6e  73 74 20 5b 71 75 65 75
65 41 75 64 69 74 43 6f  70 69 65 64 49 64 2c 20
73 65 74 51 75 65 75 65  41 75 64 69 74 43 6f 70
69 65 64 49 64 5d 20 3d  20 75 73 65 53 74 61 74
65 28 27 27 29 3b 0a 20  20 20 20 63 6f 6e 73 74
20 5b 71 75 65 75 65 50  61 63 6b 61 67 65 45 72
72 6f 72 49 64 2c 20 73  65 74 51 75 65 75 65 50
61 63 6b 61 67 65 45 72  72 6f 72 49 64 5d 20 3d
20 75 73 65 53 74 61 74  65 28 27 27 29 3b 0a 20
20 20 20 63 6f 6e 73 74  20 5b 71 75 65 75 65 44
65 74 61 69 6c 4f 70 65  6e 49 64 2c 20 73 65 74
51 75 65 75 65 44 65 74  61 69 6c 4f 70 65 6e 49
64 5d 20 3d 20 75 73 65  53 74 61 74 65 28 27 27
29 3b 0a 20 20 20 20 63  6f 6e 73 74 20 5b 71 75
65 75 65 44 65 74 61 69  6c 4c 6f 61 64 69 6e 67
49 64 2c 20 73 65 74 51  75 65 75 65 44 65 74 61
69 6c 4c 6f 61 64 69 6e  67 49 64 5d 20 3d 20 75
73 65 53 74 61 74 65 28  27 27 29 3b 0a 20 20 20
20 63 6f 6e 73 74 20 5b  71 75 65 75 65 44 65 74
61 69 6c 52 65 63 6f 72  64 73 2c 20 73 65 74 51
75 65 75 65 44 65 74 61  69 6c 52 65 63 6f 72 64
73 5d 20 3d 20 75 73 65  53 74 61 74 65 3c 52 65
63 6f 72 64 3c 73 74 72  69 6e 67 2c 20 52 65 63
6f 72 64 3c 73 74 72 69  6e 67 2c 20 75 6e 6b 6e
6f 77 6e 3e 3e 3e 28 7b  7d 29 3b 0a 20 20 20 20
63 6f 6e 73 74 20 70 75  62 6c 69 73 68 41 70 70
73 20 3d 20 61 70 70 73  2e 66 69 6c 74 65 72 28
28 61 70 70 29 20 3d 3e  20 61 70 70 2e 73 6f 75
72 63 65 20 3d 3d 3d 20  27 6c 6f 63 61 6c 27 29
3b 0a 20 20 20 20 63 6f  6e 73 74 20 70 61 63 6b
61 67 65 54 65 78 74 20  3d 20 4a 53 4f 4e 2e 73
74 72 69 6e 67 69 66 79  28 61 70 70 73 54 6f 50
61 63 6b 4d 61 6e 69 66  65 73 74 28 70 75 62 6c
69 73 68 41 70 70 73 2c  20 73 75 62 6d 69 73 73
69 6f 6e 73 29 2c 20 6e  75 6c 6c 2c 20 32 29 3b
0a 20 20 20 20 63 6f 6e  73 74 20 72 65 66 72 65
73 68 53 75 62 6d 69 73  73 69 6f 6e 51 75 65 75
65 20 3d 20 61 73 79 6e  63 20 28 29 20 3d 3e 20
7b 0a 20 20 20 20 20 20  20 20 73 65 74 51 75 65
75 65 52 65 66 72 65 73  68 69 6e 67 28 74 72 75
65 29 3b 0a 20 20 20 20  20 20 20 20 74 72 79 20
7b 0a 20 20 20 20 20 20  20 20 20 20 20 20 63 6f
6e 73 74 20 73 75 6d 6d  61 72 69 65 73 20 3d 20
61 77 61 69 74 20 6c 69  73 74 4d 61 63 6c 61 77
41 70 70 50 61 63 6b 61  67 65 53 75 62 6d 69 73
73 69 6f 6e 73 28 38 29  3b 0a 20 20 20 20 20 20
20 20 20 20 20 20 69 66  20 28 73 75 6d 6d 61 72
69 65 73 20 3d 3d 3d 20  6e 75 6c 6c 29 20 7b 0a
20 20 20 20 20 20 20 20  20 20 20 20 20 20 20 20
73 65 74 51 75 65 75 65  53 74 61 74 75 73 28 27
75 6e 73 75 70 70 6f 72  74 65 64 27 29 3b 0a 20
20 20 20 20 20 20 20 20  20 20 20 20 20 20 20 73
65 74 51 75 65 75 65 53  75 6d 6d 61 72 69 65 73
28 5b 5d 29 3b 0a 20 20  20 20 20 20 20 20 20 20
20 20 20 20 20 20 72 65  74 75 72 6e 3b 0a 20 20
20 20 20 20 20 20 20 20  20 20 7d 0a 20 20 20 20
20 20 20 20 20 20 20 20  73 65 74 51 75 65 75 65
53 74 61 74 75 73 28 27  72 65 61 64 79 27 29 3b
0a 20 20 20 20 20 20 20  20 20 20 20 20 73 65 74
51 75 65 75 65 52 65 66  72 65 73 68 65 64 41 74
28 6e 65 77 20 44 61 74  65 28 29 2e 74 6f 49 53
4f 53 74 72 69 6e 67 28  29 29 3b 0a 20 20 20 20
20 20 20 20 20 20 20 20  73 65 74 51 75 65 75 65
53 75 6d 6d 61 72 69 65  73 28 73 75 6d 6d 61 72
69 65 73 29 3b 0a 20 20  20 20 20 20 20 20 20 20
20 20 63 6f 6e 73 74 20  61 70 70 49 64 73 20 3d
20 6e 65 77 20 53 65 74  28 70 75 62 6c 69 73 68
41 70 70 73 2e 6d 61 70  28 28 61 70 70 29 20 3d
3e 20 61 70 70 2e 69 64  29 29 3b 0a 20 20 20 20
20 20 20 20 20 20 20 20  73 65 74 53 75 62 6d 69
73 73 69 6f 6e 73 28 28  63 75 72 72 65 6e 74 29
20 3d 3e 20 7b 0a 20 20  20 20 20 20 20 20 20 20
20 20 20 20 20 20 63 6f  6e 73 74 20 6e 65 78 74
20 3d 20 6d 65 72 67 65  50 75 62 6c 69 73 68 53
75 62 6d 69 73 73 69 6f  6e 73 46 72 6f 6d 51 75
65 75 65 28 63 75 72 72  65 6e 74 2c 20 73 75 6d
6d 61 72 69 65 73 2c 20  61 70 70 49 64 73 29 3b
0a 20 20 20 20 20 20 20  20 20 20 20 20 20 20 20
20 69 66 20 28 6e 65 78  74 20 21 3d 3d 20 63 75
72 72 65 6e 74 29 20 77  72 69 74 65 50 75 62 6c
69 73 68 53 75 62 6d 69  73 73 69 6f 6e 73 28 6e
65 78 74 29 3b 0a 20 20  20 20 20 20 20 20 20 20
20 20 20 20 20 20 72 65  74 75 72 6e 20 6e 65 78
74 3b 0a 20 20 20 20 20  20 20 20 20 20 20 20 7d
29 3b 0a 20 20 20 20 20  20 20 20 7d 20 63 61 74
63 68 20 7b 0a 20 20 20  20 20 20 20 20 20 20 20
20 73 65 74 51 75 65 75  65 53 74 61 74 75 73 28
27 65 72 72 6f 72 27 29  3b 0a 20 20 20 20 20 20
20 20 20 20 20 20 73 65  74 51 75 65 75 65 53 75
6d 6d 61 72 69 65 73 28  5b 5d 29 3b 0a 20 20 20
20 20 20 20 20 7d 20 66  69 6e 61 6c 6c 79 20 7b
0a 20 20 20 20 20 20 20  20 20 20 20 20 73 65 74
51 75 65 75 65 52 65 66  72 65 73 68 69 6e 67 28
66 61 6c 73 65 29 3b 0a  20 20 20 20 20 20 20 20
7d 0a 20 20 20 20 7d 3b  0a 20 20 20 20 75 73 65
45 66 66 65 63 74 28 28  29 20 3d 3e 20 7b 0a 20
20 20 20 20 20 20 20 76  6f 69 64 20 72 65 66 72
65 73 68 53 75 62 6d 69  73 73 69 6f 6e 51 75 65
75 65 28 29 3b 0a 20 20  20 20 7d 2c 20 5b 5d 29
3b 0a 20 20 20 20 63 6f  6e 73 74 20 73 75 62 6d
69 74 41 70 70 20 3d 20  61 73 79 6e 63 20 28 61
70 70 3a 20 41 70 70 45  6e 74 72 79 29 20 3d 3e
20 7b 0a 20 20 20 20 20  20 20 20 63 6f 6e 73 74
20 73 75 62 6d 69 74 74  65 64 41 74 20 3d 20 6e
65 77 20 44 61 74 65 28  29 2e 74 6f 49 53 4f 53
74 72 69 6e 67 28 29 3b  0a 20 20 20 20 20 20 20
20 73 65 74 53 75 62 6d  69 74 74 69 6e 67 41 70
70 49 64 28 61 70 70 2e  69 64 29 3b 0a 20 20 20
20 20 20 20 20 6c 65 74  20 73 75 62 6d 69 73 73
69 6f 6e 3a 20 41 70 70  50 75 62 6c 69 73 68 53
75 62 6d 69 73 73 69 6f  6e 20 7c 20 6e 75 6c 6c
20 3d 20 6e 75 6c 6c 3b  0a 20 20 20 20 20 20 20
20 74 72 79 20 7b 0a 20  20 20 20 20 20 20 20 20
20 20 20 73 75 62 6d 69  73 73 69 6f 6e 20 3d 20
61 77 61 69 74 20 73 75  62 6d 69 74 41 70 70 50
61 63 6b 61 67 65 54 6f  45 6e 74 65 72 70 72 69
73 65 4d 61 72 6b 65 74  28 61 70 70 2c 20 61 70
70 73 54 6f 50 61 63 6b  4d 61 6e 69 66 65 73 74
28 5b 61 70 70 5d 29 29  3b 0a 20 20 20 20 20 20
20 20 7d 20 63 61 74 63  68 20 28 65 72 72 6f 72
29 20 7b 0a 20 20 20 20  20 20 20 20 20 20 20 20
73 75 62 6d 69 73 73 69  6f 6e 20 3d 20 7b 0a 20
20 20 20 20 20 20 20 20  20 20 20 20 20 20 20 69
64 3a 20 60 6c 6f 63 61  6c 2d 72 65 76 69 65 77
2d 24 7b 61 70 70 2e 69  64 7d 2d 24 7b 44 61 74
65 2e 6e 6f 77 28 29 2e  74 6f 53 74 72 69 6e 67
28 33 36 29 7d 60 2c 0a  20 20 20 20 20 20 20 20
20 20 20 20 20 20 20 20  61 70 70 49 44 3a 20 61
70 70 2e 69 64 2c 0a 20  20 20 20 20 20 20 20 20
20 20 20 20 20 20 20 73  75 62 6d 69 74 74 65 64
41 74 2c 0a 20 20 20 20  20 20 20 20 20 20 20 20
20 20 20 20 73 74 61 74  75 73 3a 20 27 73 75 62
6d 69 74 74 65 64 27 2c  0a 20 20 20 20 20 20 20
20 20 20 20 20 20 20 20  20 63 68 61 6e 6e 65 6c
3a 20 27 6c 6f 63 61 6c  27 2c 0a 20 20 20 20 20
20 20 20 20 20 20 20 20  20 20 20 76 65 72 73 69
6f 6e 3a 20 6e 6f 72 6d  61 6c 69 7a 65 41 70 70
56 65 72 73 69 6f 6e 28  61 70 70 2e 76 65 72 73
69 6f 6e 29 2c 0a 20 20  20 20 20 20 20 20 20 20
20 20 20 20 20 20 6d 65  73 73 61 67 65 3a 20 60
24 7b 74 65 78 74 2e 73  75 62 6d 69 74 52 65 76
69 65 77 4c 6f 63 61 6c  46 61 6c 6c 62 61 63 6b
7d 20 24 7b 65 72 72 6f  72 20 69 6e 73 74 61 6e
63 65 6f 66 20 45 72 72  6f 72 20 3f 20 65 72 72
6f 72 2e 6d 65 73 73 61  67 65 20 3a 20 53 74 72
69 6e 67 28 65 72 72 6f  72 20 7c 7c 20 27 27 29
7d 60 2e 74 72 69 6d 28  29 2c 0a 20 20 20 20 20
20 20 20 20 20 20 20 7d  3b 0a 20 20 20 20 20 20
20 20 7d 0a 20 20 20 20  20 20 20 20 69 66 20 28
21 73 75 62 6d 69 73 73  69 6f 6e 29 20 7b 0a 20
20 20 20 20 20 20 20 20  20 20 20 73 75 62 6d 69
73 73 69 6f 6e 20 3d 20  7b 0a 20 20 20 20 20 20
20 20 20 20 20 20 20 20  20 20 69 64 3a 20 60 6c
6f 63 61 6c 2d 72 65 76  69 65 77 2d 24 7b 61 70
70 2e 69 64 7d 2d 24 7b  44 61 74 65 2e 6e 6f 77
28 29 2e 74 6f 53 74 72  69 6e 67 28 33 36 29 7d
60 2c 0a 20 20 20 20 20  20 20 20 20 20 20 20 20
20 20 20 61 70 70 49 44  3a 20 61 70 70 2e 69 64
2c 0a 20 20 20 20 20 20  20 20 20 20 20 20 20 20
20 20 73 75 62 6d 69 74  74 65 64 41 74 2c 0a 20
20 20 20 20 20 20 20 20  20 20 20 20 20 20 20 73
74 61 74 75 73 3a 20 27  73 75 62 6d 69 74 74 65
64 27 2c 0a 20 20 20 20  20 20 20 20 20 20 20 20
20 20 20 20 63 68 61 6e  6e 65 6c 3a 20 27 6c 6f
63 61 6c 27 2c 0a 20 20  20 20 20 20 20 20 20 20
20 20 20 20 20 20 76 65  72 73 69 6f 6e 3a 20 6e
6f 72 6d 61 6c 69 7a 65  41 70 70 56 65 72 73 69
6f 6e 28 61 70 70 2e 76  65 72 73 69 6f 6e 29 2c
0a 20 20 20 20 20 20 20  20 20 20 20 20 20 20 20
20 6d 65 73 73 61 67 65  3a 20 74 65 78 74 2e 73
75 62 6d 69 74 52 65 76  69 65 77 4c 6f 63 61 6c
46 61 6c 6c 62 61 63 6b  2c 0a 20 20 20 20 20 20
20 20 20 20 20 20 7d 3b  0a 20 20 20 20 20 20 20
20 7d 0a 20 20 20 20 20  20 20 20 73 65 74 53 75
62 6d 69 73 73 69 6f 6e  73 28 28 63 75 72 72 65
6e 74 29 20 3d 3e 20 7b  0a 20 20 20 20 20 20 20
20 20 20 20 20 63 6f 6e  73 74 20 6e 65 78 74 20
3d 20 7b 20 2e 2e 2e 63  75 72 72 65 6e 74 2c 20
5b 61 70 70 2e 69 64 5d  3a 20 6e 6f 72 6d 61 6c
69 7a 65 46 72 65 73 68  50 75 62 6c 69 73 68 53
75 62 6d 69 73 73 69 6f  6e 28 73 75 62 6d 69 73
73 69 6f 6e 29 20 7d 3b  0a 20 20 20 20 20 20 20
20 20 20 20 20 77 72 69  74 65 50 75 62 6c 69 73
68 53 75 62 6d 69 73 73  69 6f 6e 73 28 6e 65 78
74 29 3b 0a 20 20 20 20  20 20 20 20 20 20 20 20
72 65 74 75 72 6e 20 6e  65 78 74 3b 0a 20 20 20
20 20 20 20 20 7d 29 3b  0a 20 20 20 20 20 20 20
20 73 65 74 43 6f 70 79  53 74 61 74 65 28 27 69
64 6c 65 27 29 3b 0a 20  20 20 20 20 20 20 20 73
65 74 53 75 62 6d 69 74  74 69 6e 67 41 70 70 49
64 28 27 27 29 3b 0a 20  20 20 20 20 20 20 20 76
6f 69 64 20 72 65 66 72  65 73 68 53 75 62 6d 69
73 73 69 6f 6e 51 75 65  75 65 28 29 3b 0a 20 20
20 20 7d 3b 0a 20 20 20  20 63 6f 6e 73 74 20 77
69 74 68 64 72 61 77 41  70 70 20 3d 20 61 73 79
6e 63 20 28 61 70 70 49  44 3a 20 73 74 72 69 6e
67 29 20 3d 3e 20 7b 0a  20 20 20 20 20 20 20 20
63 6f 6e 73 74 20 73 75  62 6d 69 73 73 69 6f 6e
49 44 20 3d 20 73 75 62  6d 69 73 73 69 6f 6e 73
5b 61 70 70 49 44 5d 3f  2e 69 64 20 7c 7c 20 27
27 3b 0a 20 20 20 20 20  20 20 20 74 72 79 20 7b
0a 20 20 20 20 20 20 20  20 20 20 20 20 61 77 61
69 74 20 77 69 74 68 64  72 61 77 4d 61 63 6c 61
77 41 70 70 50 61 63 6b  61 67 65 53 75 62 6d 69
73 73 69 6f 6e 28 73 75  62 6d 69 73 73 69 6f 6e
49 44 29 3b 0a 20 20 20  20 20 20 20 20 7d 20 63
61 74 63 68 20 7b 0a 20  20 20 20 20 20 20 20 20
20 20 20 2f 2f 20 4c 6f  63 61 6c 20 55 49 20 73
74 61 74 65 20 63 61 6e  20 73 74 69 6c 6c 20 62
65 20 77 69 74 68 64 72  61 77 6e 3b 20 74 68 65
20 64 75 72 61 62 6c 65  20 71 75 65 75 65 20 72
65 6d 61 69 6e 73 20 76  69 73 69 62 6c 65 20 69
66 20 62 61 63 6b 65 6e  64 20 72 65 6d 6f 76 61
6c 20 66 61 69 6c 73 2e  0a 20 20 20 20 20 20 20
20 7d 0a 20 20 20 20 20  20 20 20 73 65 74 53 75
62 6d 69 73 73 69 6f 6e  73 28 28 63 75 72 72 65
6e 74 29 20 3d 3e 20 7b  0a 20 20 20 20 20 20 20
20 20 20 20 20 63 6f 6e  73 74 20 6e 65 78 74 20
3d 20 7b 20 2e 2e 2e 63  75 72 72 65 6e 74 20 7d
3b 0a 20 20 20 20 20 20  20 20 20 20 20 20 64 65
6c 65 74 65 20 6e 65 78  74 5b 61 70 70 49 44 5d
3b 0a 20 20 20 20 20 20  20 20 20 20 20 20 77 72
69 74 65 50 75 62 6c 69  73 68 53 75 62 6d 69 73
73 69 6f 6e 73 28 6e 65  78 74 29 3b 0a 20 20 20
20 20 20 20 20 20 20 20  20 72 65 74 75 72 6e 20
6e 65 78 74 3b 0a 20 20  20 20 20 20 20 20 7d 29
3b 0a 20 20 20 20 20 20  20 20 73 65 74 43 6f 70
79 53 74 61 74 65 28 27  69 64 6c 65 27 29 3b 0a
20 20 20 20 20 20 20 20  76 6f 69 64 20 72 65 66
72 65 73 68 53 75 62 6d  69 73 73 69 6f 6e 51 75
65 75 65 28 29 3b 0a 20  20 20 20 7d 3b 0a 20 20
20 20 63 6f 6e 73 74 20  63 6f 70 79 51 75 65 75
65 64 50 61 63 6b 61 67  65 20 3d 20 61 73 79 6e
63 20 28 73 75 62 6d 69  73 73 69 6f 6e 49 44 3a
20 73 74 72 69 6e 67 29  20 3d 3e 20 7b 0a 20 20
20 20 20 20 20 20 73 65  74 51 75 65 75 65 50 61
63 6b 61 67 65 43 6f 70  79 69 6e 67 49 64 28 73
75 62 6d 69 73 73 69 6f  6e 49 44 29 3b 0a 20 20
20 20 20 20 20 20 73 65  74 51 75 65 75 65 50 61
63 6b 61 67 65 43 6f 70  69 65 64 49 64 28 27 27
29 3b 0a 20 20 20 20 20  20 20 20 73 65 74 51 75
65 75 65 41 75 64 69 74  43 6f 70 69 65 64 49 64
28 27 27 29 3b 0a 20 20  20 20 20 20 20 20 73 65
74 51 75 65 75 65 50 61  63 6b 61 67 65 45 72 72
6f 72 49 64 28 27 27 29  3b 0a 20 20 20 20 20 20
20 20 74 72 79 20 7b 0a  20 20 20 20 20 20 20 20
20 20 20 20 63 6f 6e 73  74 20 70 6b 67 20 3d 20
61 77 61 69 74 20 67 65  74 4d 61 63 6c 61 77 41
70 70 50 61 63 6b 61 67  65 53 75 62 6d 69 73 73
69 6f 6e 50 61 63 6b 61  67 65 28 73 75 62 6d 69
73 73 69 6f 6e 49 44 29  3b 0a 20 20 20 20 20 20
20 20 20 20 20 20 69 66  20 28 21 70 6b 67 29 20
74 68 72 6f 77 20 6e 65  77 20 45 72 72 6f 72 28
74 65 78 74 2e 71 75 65  75 65 50 61 63 6b 61 67
65 55 6e 61 76 61 69 6c  61 62 6c 65 29 3b 0a 20
20 20 20 20 20 20 20 20  20 20 20 61 77 61 69 74
20 63 6f 70 79 54 65 78  74 54 6f 43 6c 69 70 62
6f 61 72 64 28 4a 53 4f  4e 2e 73 74 72 69 6e 67
69 66 79 28 70 6b 67 2c  20 6e 75 6c 6c 2c 20 32
29 29 3b 0a 20 20 20 20  20 20 20 20 20 20 20 20
73 65 74 51 75 65 75 65  50 61 63 6b 61 67 65 43
6f 70 69 65 64 49 64 28  73 75 62 6d 69 73 73 69
6f 6e 49 44 29 3b 0a 20  20 20 20 20 20 20 20 7d
20 63 61 74 63 68 20 7b  0a 20 20 20 20 20 20 20
20 20 20 20 20 73 65 74  51 75 65 75 65 50 61 63
6b 61 67 65 45 72 72 6f  72 49 64 28 73 75 62 6d
69 73 73 69 6f 6e 49 44  29 3b 0a 20 20 20 20 20
20 20 20 7d 20 66 69 6e  61 6c 6c 79 20 7b 0a 20
20 20 20 20 20 20 20 20  20 20 20 73 65 74 51 75
65 75 65 50 61 63 6b 61  67 65 43 6f 70 79 69 6e
67 49 64 28 27 27 29 3b  0a 20 20 20 20 20 20 20
20 7d 0a 20 20 20 20 7d  3b 0a 20 20 20 20 63 6f
6e 73 74 20 63 6f 70 79  51 75 65 75 65 64 41 75
64 69 74 20 3d 20 61 73  79 6e 63 20 28 73 75 62
6d 69 73 73 69 6f 6e 49  44 3a 20 73 74 72 69 6e
67 29 20 3d 3e 20 7b 0a  20 20 20 20 20 20 20 20
73 65 74 51 75 65 75 65  50 61 63 6b 61 67 65 43
6f 70 79 69 6e 67 49 64  28 73 75 62 6d 69 73 73
69 6f 6e 49 44 29 3b 0a  20 20 20 20 20 20 20 20
73 65 74 51 75 65 75 65  50 61 63 6b 61 67 65 43
6f 70 69 65 64 49 64 28  27 27 29 3b 0a 20 20 20
20 20 20 20 20 73 65 74  51 75 65 75 65 41 75 64
69 74 43 6f 70 69 65 64  49 64 28 27 27 29 3b 0a
20 20 20 20 20 20 20 20  73 65 74 51 75 65 75 65
50 61 63 6b 61 67 65 45  72 72 6f 72 49 64 28 27
27 29 3b 0a 20 20 20 20  20 20 20 20 74 72 79 20
7b 0a 20 20 20 20 20 20  20 20 20 20 20 20 63 6f
6e 73 74 20 72 65 63 6f  72 64 20 3d 20 61 77 61
69 74 20 67 65 74 4d 61  63 6c 61 77 41 70 70 50
61 63 6b 61 67 65 53 75  62 6d 69 73 73 69 6f 6e
52 65 63 6f 72 64 28 73  75 62 6d 69 73 73 69 6f
6e 49 44 29 3b 0a 20 20  20 20 20 20 20 20 20 20
20 20 69 66 20 28 21 72  65 63 6f 72 64 29 20 74
68 72 6f 77 20 6e 65 77  20 45 72 72 6f 72 28 74
65 78 74 2e 71 75 65 75  65 50 61 63 6b 61 67 65
55 6e 61 76 61 69 6c 61  62 6c 65 29 3b 0a 20 20
20 20 20 20 20 20 20 20  20 20 61 77 61 69 74 20
63 6f 70 79 54 65 78 74  54 6f 43 6c 69 70 62 6f
61 72 64 28 4a 53 4f 4e  2e 73 74 72 69 6e 67 69
66 79 28 72 65 63 6f 72  64 2c 20 6e 75 6c 6c 2c
20 32 29 29 3b 0a 20 20  20 20 20 20 20 20 20 20
20 20 73 65 74 51 75 65  75 65 41 75 64 69 74 43
6f 70 69 65 64 49 64 28  73 75 62 6d 69 73 73 69
6f 6e 49 44 29 3b 0a 20  20 20 20 20 20 20 20 7d
20 63 61 74 63 68 20 7b  0a 20 20 20 20 20 20 20
20 20 20 20 20 73 65 74  51 75 65 75 65 50 61 63
6b 61 67 65 45 72 72 6f  72 49 64 28 73 75 62 6d
69 73 73 69 6f 6e 49 44  29 3b 0a 20 20 20 20 20
20 20 20 7d 20 66 69 6e  61 6c 6c 79 20 7b 0a 20
20 20 20 20 20 20 20 20  20 20 20 73 65 74 51 75
65 75 65 50 61 63 6b 61  67 65 43 6f 70 79 69 6e
67 49 64 28 27 27 29 3b  0a 20 20 20 20 20 20 20
20 7d 0a 20 20 20 20 7d  3b 0a 20 20 20 20 63 6f
6e 73 74 20 74 6f 67 67  6c 65 51 75 65 75 65 64
44 65 74 61 69 6c 20 3d  20 61 73 79 6e 63 20 28
73 75 62 6d 69 73 73 69  6f 6e 49 44 3a 20 73 74
72 69 6e 67 29 20 3d 3e  20 7b 0a 20 20 20 20 20
20 20 20 73 65 74 51 75  65 75 65 50 61 63 6b 61
67 65 45 72 72 6f 72 49  64 28 27 27 29 3b 0a 20
20 20 20 20 20 20 20 69  66 20 28 71 75 65 75 65
44 65 74 61 69 6c 4f 70  65 6e 49 64 20 3d 3d 3d
20 73 75 62 6d 69 73 73  69 6f 6e 49 44 29 20 7b
0a 20 20 20 20 20 20 20  20 20 20 20 20 73 65 74
51 75 65 75 65 44 65 74  61 69 6c 4f 70 65 6e 49
64 28 27 27 29 3b 0a 20  20 20 20 20 20 20 20 20
20 20 20 72 65 74 75 72  6e 3b 0a 20 20 20 20 20
20 20 20 7d 0a 20 20 20  20 20 20 20 20 73 65 74
51 75 65 75 65 44 65 74  61 69 6c 4f 70 65 6e 49
64 28 73 75 62 6d 69 73  73 69 6f 6e 49 44 29 3b
0a 20 20 20 20 20 20 20  20 69 66 20 28 71 75 65
75 65 44 65 74 61 69 6c  52 65 63 6f 72 64 73 5b
73 75 62 6d 69 73 73 69  6f 6e 49 44 5d 29 20 72
65 74 75 72 6e 3b 0a 20  20 20 20 20 20 20 20 73
65 74 51 75 65 75 65 44  65 74 61 69 6c 4c 6f 61
64 69 6e 67 49 64 28 73  75 62 6d 69 73 73 69 6f
6e 49 44 29 3b 0a 20 20  20 20 20 20 20 20 74 72
79 20 7b 0a 20 20 20 20  20 20 20 20 20 20 20 20
63 6f 6e 73 74 20 72 65  63 6f 72 64 20 3d 20 61
77 61 69 74 20 67 65 74  4d 61 63 6c 61 77 41 70
70 50 61 63 6b 61 67 65  53 75 62 6d 69 73 73 69
6f 6e 52 65 63 6f 72 64  28 73 75 62 6d 69 73 73
69 6f 6e 49 44 29 3b 0a  20 20 20 20 20 20 20 20
20 20 20 20 69 66 20 28  21 72 65 63 6f 72 64 29
20 74 68 72 6f 77 20 6e  65 77 20 45 72 72 6f 72
28 74 65 78 74 2e 71 75  65 75 65 50 61 63 6b 61
67 65 55 6e 61 76 61 69  6c 61 62 6c 65 29 3b 0a
20 20 20 20 20 20 20 20  20 20 20 20 73 65 74 51
75 65 75 65 44 65 74 61  69 6c 52 65 63 6f 72 64
73 28 28 63 75 72 72 65  6e 74 29 20 3d 3e 20 28
7b 20 2e 2e 2e 63 75 72  72 65 6e 74 2c 20 5b 73
75 62 6d 69 73 73 69 6f  6e 49 44 5d 3a 20 72 65
63 6f 72 64 20 7d 29 29  3b 0a 20 20 20 20 20 20
20 20 7d 20 63 61 74 63  68 20 7b 0a 20 20 20 20
20 20 20 20 20 20 20 20  73 65 74 51 75 65 75 65
50 61 63 6b 61 67 65 45  72 72 6f 72 49 64 28 73
75 62 6d 69 73 73 69 6f  6e 49 44 29 3b 0a 20 20
20 20 20 20 20 20 7d 20  66 69 6e 61 6c 6c 79 20
7b 0a 20 20 20 20 20 20  20 20 20 20 20 20 73 65
74 51 75 65 75 65 44 65  74 61 69 6c 4c 6f 61 64
69 6e 67 49 64 28 27 27  29 3b 0a 20 20 20 20 20
20 20 20 7d 0a 20 20 20  20 7d 3b 0a 20 20 20 20
63 6f 6e 73 74 20 63 61  6e 43 6f 70 79 51 75 65
75 65 64 50 61 63 6b 61  67 65 20 3d 20 68 61 73
4d 61 63 6c 61 77 41 70  70 50 61 63 6b 61 67 65
53 75 62 6d 69 73 73 69  6f 6e 44 65 74 61 69 6c
42 72 69 64 67 65 28 29  3b 0a 20 20 20 20 72 65
74 75 72 6e 20 28 0a 20  20 20 20 20 20 20 20 3c
73 65 63 74 69 6f 6e 20  63 6c 61 73 73 4e 61 6d
65 3d 22 61 70 70 73 2d  70 75 62 6c 69 73 68 22
3e 0a 20 20 20 20 20 20  20 20 20 20 20 20 3c 64
69 76 20 63 6c 61 73 73  4e 61 6d 65 3d 22 61 70
70 73 2d 70 72 65 76 69  65 77 2d 74 69 74 6c 65
2d 72 6f 77 22 3e 0a 20  20 20 20 20 20 20 20 20
20 20 20 20 20 20 20 3c  64 69 76 3e 0a 20 20 20
20 20 20 20 20 20 20 20  20 20 20 20 20 20 20 20
20 3c 64 69 76 20 63 6c  61 73 73 4e 61 6d 65 3d
22 61 70 70 73 2d 64 65  66 69 6e 69 74 69 6f 6e
5f 5f 74 69 74 6c 65 22  3e 7b 74 65 78 74 2e 70
75 62 6c 69 73 68 43 68  65 63 6b 6c 69 73 74 7d
3c 2f 64 69 76 3e 0a 20  20 20 20 20 20 20 20 20
20 20 20 20 20 20 20 20  20 20 20 3c 70 20 63 6c
61 73 73 4e 61 6d 65 3d  22 61 70 70 73 2d 70 75
62 6c 69 73 68 5f 5f 73  75 62 74 69 74 6c 65 22
3e 7b 74 65 78 74 2e 70  75 62 6c 69 73 68 53 75
62 74 69 74 6c 65 7d 3c  2f 70 3e 0a 20 20 20 20
20 20 20 20 20 20 20 20  20 20 20 20 3c 2f 64 69
76 3e 0a 20 20 20 20 20  20 20 20 20 20 20 20 20
20 20 20 3c 62 75 74 74  6f 6e 0a 20 20 20 20 20
20 20 20 20 20 20 20 20  20 20 20 20 20 20 20 63
6c 61 73 73 4e 61 6d 65  3d 22 61 70 70 73 2d 73
65 63 6f 6e 64 61 72 79  2d 62 75 74 74 6f 6e 22
0a 20 20 20 20 20 20 20  20 20 20 20 20 20 20 20
20 20 20 20 20 74 79 70  65 3d 22 62 75 74 74 6f
6e 22 0a 20 20 20 20 20  20 20 20 20 20 20 20 20
20 20 20 20 20 20 20 64  69 73 61 62 6c 65 64 3d
7b 70 75 62 6c 69 73 68  41 70 70 73 2e 6c 65 6e
67 74 68 20 3d 3d 3d 20  30 7d 0a 20 20 20 20 20
20 20 20 20 20 20 20 20  20 20 20 20 20 20 20 6f
6e 43 6c 69 63 6b 3d 7b  61 73 79 6e 63 20 28 29
20 3d 3e 20 7b 0a 20 20  20 20 20 20 20 20 20 20
20 20 20 20 20 20 20 20  20 20 20 20 20 20 61 77
61 69 74 20 63 6f 70 79  54 65 78 74 54 6f 43 6c
69 70 62 6f 61 72 64 28  70 61 63 6b 61 67 65 54
65 78 74 29 3b 0a 20 20  20 20 20 20 20 20 20 20
20 20 20 20 20 20 20 20  20 20 20 20 20 20 73 65
74 43 6f 70 79 53 74 61  74 65 28 27 63 6f 70 69
65 64 27 29 3b 0a 20 20  20 20 20 20 20 20 20 20
20 20 20 20 20 20 20 20  20 20 7d 7d 0a 20 20 20
20 20 20 20 20 20 20 20  20 20 20 20 20 3e 0a 20
20 20 20 20 20 20 20 20  20 20 20 20 20 20 20 20
20 20 20 7b 63 6f 70 79  53 74 61 74 65 20 3d 3d
3d 20 27 63 6f 70 69 65  64 27 20 3f 20 74 65 78
74 2e 63 6f 70 69 65 64  20 3a 20 74 65 78 74 2e
63 6f 70 79 53 75 62 6d  69 74 50 61 63 6b 61 67
65 7d 0a 20 20 20 20 20  20 20 20 20 20 20 20 20
20 20 20 3c 2f 62 75 74  74 6f 6e 3e 0a 20 20 20
20 20 20 20 20 20 20 20  20 3c 2f 64 69 76 3e 0a
20 20 20 20 20 20 20 20  20 20 20 20 7b 70 75 62
6c 69 73 68 41 70 70 73  2e 6c 65 6e 67 74 68 20
3d 3d 3d 20 30 20 3f 20  28 0a 20 20 20 20 20 20
20 20 20 20 20 20 20 20  20 20 3c 64 69 76 20 63
6c 61 73 73 4e 61 6d 65  3d 22 61 70 70 73 2d 65
6d 70 74 79 22 3e 7b 74  65 78 74 2e 6e 6f 50 75
62 6c 69 73 68 41 70 70  73 7d 3c 2f 64 69 76 3e
0a 20 20 20 20 20 20 20  20 20 20 20 20 29 20 3a
20 28 0a 20 20 20 20 20  20 20 20 20 20 20 20 20
20 20 20 3c 64 69 76 20  63 6c 61 73 73 4e 61 6d
65 3d 22 61 70 70 73 2d  70 75 62 6c 69 73 68 5f
5f 6c 69 73 74 22 3e 0a  20 20 20 20 20 20 20 20
20 20 20 20 20 20 20 20  20 20 20 20 7b 70 75 62
6c 69 73 68 41 70 70 73  2e 6d 61 70 28 28 61 70
70 29 20 3d 3e 20 7b 0a  20 20 20 20 20 20 20 20
20 20 20 20 20 20 20 20  20 20 20 20 20 20 20 20
63 6f 6e 73 74 20 63 68  65 63 6b 73 20 3d 20 62
75 69 6c 64 50 75 62 6c  69 73 68 43 68 65 63 6b
73 28 61 70 70 2c 20 6c  61 6e 67 29 3b 0a 20 20
20 20 20 20 20 20 20 20  20 20 20 20 20 20 20 20
20 20 20 20 20 20 63 6f  6e 73 74 20 72 65 61 64
79 20 3d 20 63 68 65 63  6b 73 2e 65 76 65 72 79
28 28 69 74 65 6d 29 20  3d 3e 20 69 74 65 6d 2e
6f 6b 29 3b 0a 20 20 20  20 20 20 20 20 20 20 20
20 20 20 20 20 20 20 20  20 20 20 20 20 63 6f 6e
73 74 20 73 75 62 6d 69  73 73 69 6f 6e 20 3d 20
73 75 62 6d 69 73 73 69  6f 6e 73 5b 61 70 70 2e
69 64 5d 3b 0a 20 20 20  20 20 20 20 20 20 20 20
20 20 20 20 20 20 20 20  20 20 20 20 20 63 6f 6e
73 74 20 73 75 62 6d 69  73 73 69 6f 6e 53 74 61
74 75 73 20 3d 20 73 75  62 6d 69 73 73 69 6f 6e
20 3f 20 70 75 62 6c 69  73 68 53 75 62 6d 69 73
73 69 6f 6e 53 74 61 74  75 73 4c 61 62 65 6c 28
73 75 62 6d 69 73 73 69  6f 6e 2c 20 74 65 78 74
29 20 3a 20 27 27 3b 0a  20 20 20 20 20 20 20 20
20 20 20 20 20 20 20 20  20 20 20 20 20 20 20 20
63 6f 6e 73 74 20 63 61  6e 52 65 73 75 62 6d 69
74 20 3d 20 73 75 62 6d  69 73 73 69 6f 6e 3f 2e
73 74 61 74 75 73 20 3d  3d 3d 20 27 72 65 76 69
65 77 5f 66 61 69 6c 65  64 27 20 7c 7c 20 21 21
73 75 62 6d 69 73 73 69  6f 6e 3f 2e 6d 6f 64 69
66 69 65 64 41 74 3b 0a  20 20 20 20 20 20 20 20
20 20 20 20 20 20 20 20  20 20 20 20 20 20 20 20
63 6f 6e 73 74 20 63 61  6e 57 69 74 68 64 72 61
77 20 3d 20 21 21 73 75  62 6d 69 73 73 69 6f 6e
20 26 26 20 5b 27 73 75  62 6d 69 74 74 65 64 27
2c 20 27 72 65 76 69 65  77 5f 66 61 69 6c 65 64
27 2c 20 27 61 70 70 72  6f 76 65 64 27 5d 2e 69
6e 63 6c 75 64 65 73 28  73 75 62 6d 69 73 73 69
6f 6e 2e 73 74 61 74 75  73 29 3b 0a 20 20 20 20
20 20 20 20 20 20 20 20  20 20 20 20 20 20 20 20
20 20 20 20 63 6f 6e 73  74 20 69 73 53 75 62 6d
69 74 74 69 6e 67 20 3d  20 73 75 62 6d 69 74 74
69 6e 67 41 70 70 49 64  20 3d 3d 3d 20 61 70 70
2e 69 64 3b 0a 20 20 20  20 20 20 20 20 20 20 20
20 20 20 20 20 20 20 20  20 20 20 20 20 72 65 74
75 72 6e 20 28 0a 20 20  20 20 20 20 20 20 20 20
20 20 20 20 20 20 20 20  20 20 20 20 20 20 20 20
20 20 3c 61 72 74 69 63  6c 65 20 63 6c 61 73 73
4e 61 6d 65 3d 22 61 70  70 73 2d 70 75 62 6c 69
73 68 2d 63 61 72 64 22  20 6b 65 79 3d 7b 61 70
70 2e 69 64 7d 20 64 61  74 61 2d 72 65 61 64 79
3d 7b 72 65 61 64 79 20  3f 20 27 74 72 75 65 27
20 3a 20 27 66 61 6c 73  65 27 7d 3e 0a 20 20 20
20 20 20 20 20 20 20 20  20 20 20 20 20 20 20 20
20 20 20 20 20 20 20 20  20 20 20 20 20 3c 64 69
76 20 63 6c 61 73 73 4e  61 6d 65 3d 22 61 70 70
73 2d 70 75 62 6c 69 73  68 2d 63 61 72 64 5f 5f
68 65 61 64 22 3e 0a 20  20 20 20 20 20 20 20 20
20 20 20 20 20 20 20 20  20 20 20 20 20 20 20 20
20 20 20 20 20 20 20 20  20 20 20 3c 73 70 61 6e
20 63 6c 61 73 73 4e 61  6d 65 3d 22 61 70 70 73
2d 61 70 70 2d 69 63 6f  6e 22 20 73 74 79 6c 65
3d 7b 7b 20 27 2d 2d 61  70 70 73 2d 69 63 6f 6e
2d 63 6f 6c 6f 72 27 3a  20 61 70 70 2e 61 63 63
65 6e 74 20 7d 20 61 73  20 43 53 53 50 72 6f 70
65 72 74 69 65 73 7d 3e  3c 49 63 6f 6e 20 6e 61
6d 65 3d 7b 61 70 70 2e  69 63 6f 6e 7d 20 2f 3e
3c 2f 73 70 61 6e 3e 0a  20 20 20 20 20 20 20 20
20 20 20 20 20 20 20 20  20 20 20 20 20 20 20 20
20 20 20 20 20 20 20 20  20 20 20 20 3c 64 69 76
3e 0a 20 20 20 20 20 20  20 20 20 20 20 20 20 20
20 20 20 20 20 20 20 20  20 20 20 20 20 20 20 20
20 20 20 20 20 20 20 20  20 20 3c 73 74 72 6f 6e
67 3e 7b 61 70 70 2e 6e  61 6d 65 7d 3c 2f 73 74
72 6f 6e 67 3e 0a 20 20  20 20 20 20 20 20 20 20
20 20 20 20 20 20 20 20  20 20 20 20 20 20 20 20
20 20 20 20 20 20 20 20  20 20 20 20 20 20 3c 73
70 61 6e 3e 7b 61 70 70  2e 63 61 74 65 67 6f 72
79 7d 20 c2 b7 20 7b 61  70 70 4b 69 6e 64 73 5b
61 70 70 2e 6b 69 6e 64  5d 5b 7a 68 20 3f 20 27
7a 68 27 20 3a 20 27 65  6e 27 5d 7d 3c 2f 73 70
61 6e 3e 0a 20 20 20 20  20 20 20 20 20 20 20 20
20 20 20 20 20 20 20 20  20 20 20 20 20 20 20 20
20 20 20 20 20 20 20 20  3c 2f 64 69 76 3e 0a 20
20 20 20 20 20 20 20 20  20 20 20 20 20 20 20 20
20 20 20 20 20 20 20 20  20 20 20 20 20 20 20 20
20 20 20 3c 65 6d 3e 7b  73 75 62 6d 69 73 73 69
6f 6e 20 3f 20 73 75 62  6d 69 73 73 69 6f 6e 53
74 61 74 75 73 20 3a 20  72 65 61 64 79 20 3f 20
74 65 78 74 2e 72 65 61  64 79 54 6f 53 75 62 6d
69 74 20 3a 20 74 65 78  74 2e 6e 65 65 64 73 57
6f 72 6b 7d 3c 2f 65 6d  3e 0a 20 20 20 20 20 20
20 20 20 20 20 20 20 20  20 20 20 20 20 20 20 20
20 20 20 20 20 20 20 20  20 20 3c 2f 64 69 76 3e
0a 20 20 20 20 20 20 20  20 20 20 20 20 20 20 20
20 20 20 20 20 20 20 20  20 20 20 20 20 20 20 20
20 7b 73 75 62 6d 69 73  73 69 6f 6e 20 26 26 20
28 0a 20 20 20 20 20 20  20 20 20 20 20 20 20 20
20 20 20 20 20 20 20 20  20 20 20 20 20 20 20 20
20 20 20 20 20 20 3c 64  69 76 20 63 6c 61 73 73
4e 61 6d 65 3d 22 61 70  70 73 2d 70 75 62 6c 69
73 68 2d 73 75 62 6d 69  73 73 69 6f 6e 22 3e 0a
20 20 20 20 20 20 20 20  20 20 20 20 20 20 20 20
20 20 20 20 20 20 20 20  20 20 20 20 20 20 20 20
20 20 20 20 20 20 20 20  3c 73 74 72 6f 6e 67 3e
7b 73 75 62 6d 69 73 73  69 6f 6e 53 74 61 74 75
73 7d 3c 2f 73 74 72 6f  6e 67 3e 0a 20 20 20 20
20 20 20 20 20 20 20 20  20 20 20 20 20 20 20 20
20 20 20 20 20 20 20 20  20 20 20 20 20 20 20 20
20 20 20 20 3c 73 70 61  6e 3e 7b 74 65 78 74 2e
73 75 62 6d 69 73 73 69  6f 6e 49 64 7d 3a 20 7b
73 75 62 6d 69 73 73 69  6f 6e 2e 69 64 7d 3c 2f
73 70 61 6e 3e 0a 20 20  20 20 20 20 20 20 20 20
20 20 20 20 20 20 20 20  20 20 20 20 20 20 20 20
20 20 20 20 20 20 20 20  20 20 20 20 20 20 3c 73
70 61 6e 3e 7b 74 65 78  74 2e 61 70 70 56 65 72
73 69 6f 6e 7d 3a 20 76  7b 73 75 62 6d 69 73 73
69 6f 6e 2e 76 65 72 73  69 6f 6e 20 7c 7c 20 6e
6f 72 6d 61 6c 69 7a 65  41 70 70 56 65 72 73 69
6f 6e 28 61 70 70 2e 76  65 72 73 69 6f 6e 29 7d
3c 2f 73 70 61 6e 3e 0a  20 20 20 20 20 20 20 20
20 20 20 20 20 20 20 20  20 20 20 20 20 20 20 20
20 20 20 20 20 20 20 20  20 20 20 20 20 20 20 20
7b 73 75 62 6d 69 73 73  69 6f 6e 2e 72 69 73 6b
4c 65 76 65 6c 20 26 26  20 3c 73 70 61 6e 3e 7b
74 65 78 74 2e 72 69 73  6b 4c 65 76 65 6c 7d 3a
20 7b 73 75 62 6d 69 73  73 69 6f 6e 2e 72 69 73
6b 4c 65 76 65 6c 7d 3c  2f 73 70 61 6e 3e 7d 0a
20 20 20 20 20 20 20 20  20 20 20 20 20 20 20 20
20 20 20 20 20 20 20 20  20 20 20 20 20 20 20 20
20 20 20 20 20 20 20 20  7b 73 75 62 6d 69 73 73
69 6f 6e 2e 61 70 70 72  6f 76 65 64 53 63 6f 70
65 73 20 26 26 20 73 75  62 6d 69 73 73 69 6f 6e
2e 61 70 70 72 6f 76 65  64 53 63 6f 70 65 73 2e
6c 65 6e 67 74 68 20 3e  20 30 20 26 26 20 3c 73
70 61 6e 3e 7b 74 65 78  74 2e 61 70 70 72 6f 76
65 64 53 63 6f 70 65 73  7d 3a 20 7b 73 75 62 6d
69 73 73 69 6f 6e 2e 61  70 70 72 6f 76 65 64 53
63 6f 70 65 73 2e 6a 6f  69 6e 28 27 2c 20 27 29
7d 3c 2f 73 70 61 6e 3e  7d 0a 20 20 20 20 20 20
20 20 20 20 20 20 20 20  20 20 20 20 20 20 20 20
20 20 20 20 20 20 20 20  20 20 20 20 20 20 20 20
20 20 7b 73 75 62 6d 69  73 73 69 6f 6e 2e 6d 6f
64 69 66 69 65 64 41 74  20 26 26 20 3c 73 70 61
6e 3e 7b 74 65 78 74 2e  6c 6f 63 61 6c 4d 6f 64
69 66 69 65 64 41 74 7d  3a 20 7b 73 75 62 6d 69
73 73 69 6f 6e 2e 6d 6f  64 69 66 69 65 64 41 74
7d 3c 2f 73 70 61 6e 3e  7d 0a 20 20 20 20 20 20
20 20 20 20 20 20 20 20  20 20 20 20 20 20 20 20
20 20 20 20 20 20 20 20  20 20 20 20 20 20 20 20
20 20 7b 73 75 62 6d 69  73 73 69 6f 6e 2e 6d 65
73 73 61 67 65 20 26 26  20 3c 73 70 61 6e 3e 7b
73 75 62 6d 69 73 73 69  6f 6e 2e 6d 65 73 73 61
67 65 7d 3c 2f 73 70 61  6e 3e 7d 0a 20 20 20 20
20 20 20 20 20 20 20 20  20 20 20 20 20 20 20 20
20 20 20 20 20 20 20 20  20 20 20 20 20 20 20 20
20 20 20 20 7b 73 75 62  6d 69 73 73 69 6f 6e 2e
72 65 76 69 65 77 49 73  73 75 65 73 20 26 26 20
73 75 62 6d 69 73 73 69  6f 6e 2e 72 65 76 69 65
77 49 73 73 75 65 73 2e  6c 65 6e 67 74 68 20 3e
20 30 20 26 26 20 28 0a  20 20 20 20 20 20 20 20
20 20 20 20 20 20 20 20  20 20 20 20 20 20 20 20
20 20 20 20 20 20 20 20  20 20 20 20 20 20 20 20
20 20 20 20 3c 73 70 61  6e 3e 7b 74 65 78 74 2e
72 65 76 69 65 77 49 73  73 75 65 73 7d 3a 20 7b
72 65 76 69 65 77 49 73  73 75 65 73 53 75 6d 6d
61 72 79 28 73 75 62 6d  69 73 73 69 6f 6e 2e 72
65 76 69 65 77 49 73 73  75 65 73 2c 20 74 65 78
74 29 7d 3c 2f 73 70 61  6e 3e 0a 20 20 20 20 20
20 20 20 20 20 20 20 20  20 20 20 20 20 20 20 20
20 20 20 20 20 20 20 20  20 20 20 20 20 20 20 20
20 20 20 29 7d 0a 20 20  20 20 20 20 20 20 20 20
20 20 20 20 20 20 20 20  20 20 20 20 20 20 20 20
20 20 20 20 20 20 20 20  20 20 3c 2f 64 69 76 3e
0a 20 20 20 20 20 20 20  20 20 20 20 20 20 20 20
20 20 20 20 20 20 20 20  20 20 20 20 20 20 20 20
20 29 7d 0a 20 20 20 20  20 20 20 20 20 20 20 20
20 20 20 20 20 20 20 20  20 20 20 20 20 20 20 20
20 20 20 20 3c 64 69 76  20 63 6c 61 73 73 4e 61
6d 65 3d 22 61 70 70 73  2d 70 75 62 6c 69 73 68
2d 63 68 65 63 6b 73 22  3e 0a 20 20 20 20 20 20
20 20 20 20 20 20 20 20  20 20 20 20 20 20 20 20
20 20 20 20 20 20 20 20  20 20 20 20 20 20 7b 63
68 65 63 6b 73 2e 6d 61  70 28 28 63 68 65 63 6b
29 20 3d 3e 20 28 0a 20  20 20 20 20 20 20 20 20
20 20 20 20 20 20 20 20  20 20 20 20 20 20 20 20
20 20 20 20 20 20 20 20  20 20 20 20 20 20 20 3c
64 69 76 20 63 6c 61 73  73 4e 61 6d 65 3d 22 61
70 70 73 2d 70 75 62 6c  69 73 68 2d 63 68 65 63
6b 22 20 64 61 74 61 2d  6f 6b 3d 7b 63 68 65 63
6b 2e 6f 6b 20 3f 20 27  74 72 75 65 27 20 3a 20
27 66 61 6c 73 65 27 7d  20 6b 65 79 3d 7b 63 68
65 63 6b 2e 6c 61 62 65  6c 7d 3e 0a 20 20 20 20
20 20 20 20 20 20 20 20  20 20 20 20 20 20 20 20
20 20 20 20 20 20 20 20  20 20 20 20 20 20 20 20
20 20 20 20 20 20 20 20  3c 73 70 61 6e 20 61 72
69 61 2d 68 69 64 64 65  6e 3d 22 74 72 75 65 22
3e 7b 63 68 65 63 6b 2e  6f 6b 20 3f 20 27 e2 9c
3f 20 3a 20 27 21 27 7d  3c 2f 73 70 61 6e 3e 0a
20 20 20 20 20 20 20 20  20 20 20 20 20 20 20 20
20 20 20 20 20 20 20 20  20 20 20 20 20 20 20 20
20 20 20 20 20 20 20 20  20 20 20 20 3c 64 69 76
3e 0a 20 20 20 20 20 20  20 20 20 20 20 20 20 20
20 20 20 20 20 20 20 20  20 20 20 20 20 20 20 20
20 20 20 20 20 20 20 20  20 20 20 20 20 20 20 20
20 20 3c 73 74 72 6f 6e  67 3e 7b 63 68 65 63 6b
2e 6c 61 62 65 6c 7d 3c  2f 73 74 72 6f 6e 67 3e
0a 20 20 20 20 20 20 20  20 20 20 20 20 20 20 20
20 20 20 20 20 20 20 20  20 20 20 20 20 20 20 20
20 20 20 20 20 20 20 20  20 20 20 20 20 20 20 20
20 3c 73 6d 61 6c 6c 3e  7b 63 68 65 63 6b 2e 64
65 74 61 69 6c 7d 3c 2f  73 6d 61 6c 6c 3e 0a 20
20 20 20 20 20 20 20 20  20 20 20 20 20 20 20 20
20 20 20 20 20 20 20 20  20 20 20 20 20 20 20 20
20 20 20 20 20 20 20 20  20 20 20 3c 2f 64 69 76
3e 0a 20 20 20 20 20 20  20 20 20 20 20 20 20 20
20 20 20 20 20 20 20 20  20 20 20 20 20 20 20 20
20 20 20 20 20 20 20 20  20 20 3c 2f 64 69 76 3e
0a 20 20 20 20 20 20 20  20 20 20 20 20 20 20 20
20 20 20 20 20 20 20 20  20 20 20 20 20 20 20 20
20 20 20 20 20 29 29 7d  0a 20 20 20 20 20 20 20
20 20 20 20 20 20 20 20  20 20 20 20 20 20 20 20
20 20 20 20 20 20 20 20  20 3c 2f 64 69 76 3e 0a
20 20 20 20 20 20 20 20  20 20 20 20 20 20 20 20
20 20 20 20 20 20 20 20  20 20 20 20 20 20 20 20
3c 64 69 76 20 63 6c 61  73 73 4e 61 6d 65 3d 22
61 70 70 73 2d 61 63 74  69 6f 6e 73 22 3e 0a 20
20 20 20 20 20 20 20 20  20 20 20 20 20 20 20 20
20 20 20 20 20 20 20 20  20 20 20 20 20 20 20 20
20 20 20 3c 62 75 74 74  6f 6e 20 63 6c 61 73 73
4e 61 6d 65 3d 22 61 70  70 73 2d 70 72 69 6d 61
72 79 2d 62 75 74 74 6f  6e 22 20 74 79 70 65 3d
22 62 75 74 74 6f 6e 22  20 64 69 73 61 62 6c 65
64 3d 7b 69 73 53 75 62  6d 69 74 74 69 6e 67 20
7c 7c 20 21 72 65 61 64  79 20 7c 7c 20 28 21 21
73 75 62 6d 69 73 73 69  6f 6e 20 26 26 20 21 63
61 6e 52 65 73 75 62 6d  69 74 29 7d 20 6f 6e 43
6c 69 63 6b 3d 7b 28 29  20 3d 3e 20 76 6f 69 64
20 73 75 62 6d 69 74 41  70 70 28 61 70 70 29 7d
3e 0a 20 20 20 20 20 20  20 20 20 20 20 20 20 20
20 20 20 20 20 20 20 20  20 20 20 20 20 20 20 20
20 20 20 20 20 20 20 20  20 20 7b 69 73 53 75 62
6d 69 74 74 69 6e 67 20  3f 20 74 65 78 74 2e 73
75 62 6d 69 74 52 65 76  69 65 77 42 75 73 79 20
3a 20 73 75 62 6d 69 73  73 69 6f 6e 20 26 26 20
21 63 61 6e 52 65 73 75  62 6d 69 74 20 3f 20 74
65 78 74 2e 73 75 62 6d  69 74 74 65 64 52 65 76
69 65 77 20 3a 20 74 65  78 74 2e 73 75 62 6d 69
74 52 65 76 69 65 77 7d  0a 20 20 20 20 20 20 20
20 20 20 20 20 20 20 20  20 20 20 20 20 20 20 20
20 20 20 20 20 20 20 20  20 20 20 20 20 3c 2f 62
75 74 74 6f 6e 3e 0a 20  20 20 20 20 20 20 20 20
20 20 20 20 20 20 20 20  20 20 20 20 20 20 20 20
20 20 20 20 20 20 20 20  20 20 20 7b 63 61 6e 57
69 74 68 64 72 61 77 20  26 26 20 28 0a 20 20 20
20 20 20 20 20 20 20 20  20 20 20 20 20 20 20 20
20 20 20 20 20 20 20 20  20 20 20 20 20 20 20 20
20 20 20 20 20 3c 62 75  74 74 6f 6e 20 63 6c 61
73 73 4e 61 6d 65 3d 22  61 70 70 73 2d 73 65 63
6f 6e 64 61 72 79 2d 62  75 74 74 6f 6e 22 20 74
79 70 65 3d 22 62 75 74  74 6f 6e 22 20 6f 6e 43
6c 69 63 6b 3d 7b 28 29  20 3d 3e 20 76 6f 69 64
20 77 69 74 68 64 72 61  77 41 70 70 28 61 70 70
2e 69 64 29 7d 3e 0a 20  20 20 20 20 20 20 20 20
20 20 20 20 20 20 20 20  20 20 20 20 20 20 20 20
20 20 20 20 20 20 20 20  20 20 20 20 20 20 20 20
20 20 20 7b 74 65 78 74  2e 77 69 74 68 64 72 61
77 53 75 62 6d 69 73 73  69 6f 6e 7d 0a 20 20 20
20 20 20 20 20 20 20 20  20 20 20 20 20 20 20 20
20 20 20 20 20 20 20 20  20 20 20 20 20 20 20 20
20 20 20 20 20 3c 2f 62  75 74 74 6f 6e 3e 0a 20
20 20 20 20 20 20 20 20  20 20 20 20 20 20 20 20
20 20 20 20 20 20 20 20  20 20 20 20 20 20 20 20
20 20 20 29 7d 0a 20 20  20 20 20 20 20 20 20 20
20 20 20 20 20 20 20 20  20 20 20 20 20 20 20 20
20 20 20 20 20 20 20 20  20 20 7b 73 75 62 6d 69
73 73 69 6f 6e 3f 2e 72  65 76 69 65 77 49 73 73
75 65 73 20 26 26 20 73  75 62 6d 69 73 73 69 6f
6e 2e 72 65 76 69 65 77  49 73 73 75 65 73 2e 6c
65 6e 67 74 68 20 3e 20  30 20 26 26 20 28 0a 20
20 20 20 20 20 20 20 20  20 20 20 20 20 20 20 20
20 20 20 20 20 20 20 20  20 20 20 20 20 20 20 20
20 20 20 20 20 20 20 3c  62 75 74 74 6f 6e 20 63
6c 61 73 73 4e 61 6d 65  3d 22 61 70 70 73 2d 73
65 63 6f 6e 64 61 72 79  2d 62 75 74 74 6f 6e 22
20 74 79 70 65 3d 22 62  75 74 74 6f 6e 22 20 6f
6e 43 6c 69 63 6b 3d 7b  28 29 20 3d 3e 20 6f 6e
46 69 78 41 70 70 28 61  70 70 2e 69 64 29 7d 3e
0a 20 20 20 20 20 20 20  20 20 20 20 20 20 20 20
20 20 20 20 20 20 20 20  20 20 20 20 20 20 20 20
20 20 20 20 20 20 20 20  20 20 20 20 20 7b 74 65
78 74 2e 66 69 78 52 65  76 69 65 77 49 73 73 75
65 7d 0a 20 20 20 20 20  20 20 20 20 20 20 20 20
20 20 20 20 20 20 20 20  20 20 20 20 20 20 20 20
20 20 20 20 20 20 20 20  20 20 20 3c 2f 62 75 74
74 6f 6e 3e 0a 20 20 20  20 20 20 20 20 20 20 20
20 20 20 20 20 20 20 20  20 20 20 20 20 20 20 20
20 20 20 20 20 20 20 20  20 29 7d 0a 20 20 20 20
20 20 20 20 20 20 20 20  20 20 20 20 20 20 20 20
20 20 20 20 20 20 20 20  20 20 20 20 3c 2f 64 69
76 3e 0a 20 20 20 20 20  20 20 20 20 20 20 20 20
20 20 20 20 20 20 20 20  20 20 20 20 20 20 20 3c
2f 61 72 74 69 63 6c 65  3e 0a 20 20 20 20 20 20
20 20 20 20 20 20 20 20  20 20 20 20 20 20 20 20
20 20 29 3b 0a 20 20 20  20 20 20 20 20 20 20 20
20 20 20 20 20 20 20 20  20 7d 29 7d 0a 20 20 20
20 20 20 20 20 20 20 20  20 20 20 20 20 3c 2f 64
69 76 3e 0a 20 20 20 20  20 20 20 20 20 20 20 20
29 7d 0a 20 20 20 20 20  20 20 20 20 20 20 20 7b
71 75 65 75 65 53 74 61  74 75 73 20 21 3d 3d 20
27 75 6e 73 75 70 70 6f  72 74 65 64 27 20 26 26
20 28 0a 20 20 20 20 20  20 20 20 20 20 20 20 20
20 20 20 3c 64 69 76 20  63 6c 61 73 73 4e 61 6d
65 3d 22 61 70 70 73 2d  70 75 62 6c 69 73 68 2d
71 75 65 75 65 22 3e 0a  20 20 20 20 20 20 20 20
20 20 20 20 20 20 20 20  20 20 20 20 3c 64 69 76
20 63 6c 61 73 73 4e 61  6d 65 3d 22 61 70 70 73
2d 70 75 62 6c 69 73 68  2d 71 75 65 75 65 5f 5f
68 65 61 64 22 3e 0a 20  20 20 20 20 20 20 20 20
20 20 20 20 20 20 20 20  20 20 20 20 20 20 20 3c
64 69 76 3e 0a 20 20 20  20 20 20 20 20 20 20 20
20 20 20 20 20 20 20 20  20 20 20 20 20 20 20 20
20 3c 64 69 76 20 63 6c  61 73 73 4e 61 6d 65 3d
22 61 70 70 73 2d 64 65  66 69 6e 69 74 69 6f 6e
5f 5f 74 69 74 6c 65 22  3e 7b 74 65 78 74 2e 6c
6f 63 61 6c 53 75 62 6d  69 73 73 69 6f 6e 51 75
65 75 65 7d 3c 2f 64 69  76 3e 0a 20 20 20 20 20
20 20 20 20 20 20 20 20  20 20 20 20 20 20 20 20
20 20 20 20 20 20 20 7b  71 75 65 75 65 52 65 66
72 65 73 68 65 64 41 74  20 26 26 20 3c 73 6d 61
6c 6c 20 63 6c 61 73 73  4e 61 6d 65 3d 22 61 70
70 73 2d 70 75 62 6c 69  73 68 2d 71 75 65 75 65
5f 5f 72 65 66 72 65 73  68 65 64 22 3e 7b 74 65
78 74 2e 71 75 65 75 65  52 65 66 72 65 73 68 65
64 41 74 7d 3a 20 7b 71  75 65 75 65 52 65 66 72
65 73 68 65 64 41 74 7d  3c 2f 73 6d 61 6c 6c 3e
7d 0a 20 20 20 20 20 20  20 20 20 20 20 20 20 20
20 20 20 20 20 20 20 20  20 20 3c 2f 64 69 76 3e
0a 20 20 20 20 20 20 20  20 20 20 20 20 20 20 20
20 20 20 20 20 20 20 20  20 3c 62 75 74 74 6f 6e
20 63 6c 61 73 73 4e 61  6d 65 3d 22 61 70 70 73
2d 73 65 63 6f 6e 64 61  72 79 2d 62 75 74 74 6f
6e 22 20 74 79 70 65 3d  22 62 75 74 74 6f 6e 22
20 64 69 73 61 62 6c 65  64 3d 7b 71 75 65 75 65
52 65 66 72 65 73 68 69  6e 67 7d 20 6f 6e 43 6c
69 63 6b 3d 7b 28 29 20  3d 3e 20 76 6f 69 64 20
72 65 66 72 65 73 68 53  75 62 6d 69 73 73 69 6f
6e 51 75 65 75 65 28 29  7d 3e 0a 20 20 20 20 20
20 20 20 20 20 20 20 20  20 20 20 20 20 20 20 20
20 20 20 20 20 20 20 7b  71 75 65 75 65 52 65 66
72 65 73 68 69 6e 67 20  3f 20 74 65 78 74 2e 72
65 66 72 65 73 68 69 6e  67 51 75 65 75 65 20 3a
20 74 65 78 74 2e 72 65  66 72 65 73 68 51 75 65
75 65 7d 0a 20 20 20 20  20 20 20 20 20 20 20 20
20 20 20 20 20 20 20 20  20 20 20 20 3c 2f 62 75
74 74 6f 6e 3e 0a 20 20  20 20 20 20 20 20 20 20
20 20 20 20 20 20 20 20  20 20 3c 2f 64 69 76 3e
0a 20 20 20 20 20 20 20  20 20 20 20 20 20 20 20
20 20 20 20 20 7b 71 75  65 75 65 53 74 61 74 75
73 20 3d 3d 3d 20 27 6c  6f 61 64 69 6e 67 27 20
3f 20 28 0a 20 20 20 20  20 20 20 20 20 20 20 20
20 20 20 20 20 20 20 20  20 20 20 20 3c 64 69 76
20 63 6c 61 73 73 4e 61  6d 65 3d 22 61 70 70 73
2d 70 75 62 6c 69 73 68  2d 71 75 65 75 65 5f 5f
65 6d 70 74 79 22 3e 7b  74 65 78 74 2e 6c 6f 63
61 6c 53 75 62 6d 69 73  73 69 6f 6e 51 75 65 75
65 4c 6f 61 64 69 6e 67  7d 3c 2f 64 69 76 3e 0a
20 20 20 20 20 20 20 20  20 20 20 20 20 20 20 20
20 20 20 20 29 20 3a 20  71 75 65 75 65 53 74 61
74 75 73 20 3d 3d 3d 20  27 65 72 72 6f 72 27 20
3f 20 28 0a 20 20 20 20  20 20 20 20 20 20 20 20
20 20 20 20 20 20 20 20  20 20 20 20 3c 64 69 76
20 63 6c 61 73 73 4e 61  6d 65 3d 22 61 70 70 73
2d 70 75 62 6c 69 73 68  2d 71 75 65 75 65 5f 5f
65 6d 70 74 79 22 3e 7b  74 65 78 74 2e 6c 6f 63
61 6c 53 75 62 6d 69 73  73 69 6f 6e 51 75 65 75
65 45 72 72 6f 72 7d 3c  2f 64 69 76 3e 0a 20 20
20 20 20 20 20 20 20 20  20 20 20 20 20 20 20 20
20 20 29 20 3a 20 71 75  65 75 65 53 75 6d 6d 61
72 69 65 73 2e 6c 65 6e  67 74 68 20 3d 3d 3d 20
30 20 3f 20 28 0a 20 20  20 20 20 20 20 20 20 20
20 20 20 20 20 20 20 20  20 20 20 20 20 20 3c 64
69 76 20 63 6c 61 73 73  4e 61 6d 65 3d 22 61 70
70 73 2d 70 75 62 6c 69  73 68 2d 71 75 65 75 65
5f 5f 65 6d 70 74 79 22  3e 7b 74 65 78 74 2e 6e
6f 4c 6f 63 61 6c 53 75  62 6d 69 73 73 69 6f 6e
51 75 65 75 65 7d 3c 2f  64 69 76 3e 0a 20 20 20
20 20 20 20 20 20 20 20  20 20 20 20 20 20 20 20
20 29 20 3a 20 28 0a 20  20 20 20 20 20 20 20 20
20 20 20 20 20 20 20 20  20 20 20 20 20 20 20 3c
64 69 76 20 63 6c 61 73  73 4e 61 6d 65 3d 22 61
70 70 73 2d 70 75 62 6c  69 73 68 2d 71 75 65 75
65 5f 5f 6c 69 73 74 22  3e 0a 20 20 20 20 20 20
20 20 20 20 20 20 20 20  20 20 20 20 20 20 20 20
20 20 20 20 20 20 7b 71  75 65 75 65 53 75 6d 6d
61 72 69 65 73 2e 6d 61  70 28 28 69 74 65 6d 29
20 3d 3e 20 7b 0a 20 20  20 20 20 20 20 20 20 20
20 20 20 20 20 20 20 20  20 20 20 20 20 20 20 20
20 20 20 20 20 20 63 6f  6e 73 74 20 64 65 74 61
69 6c 52 65 63 6f 72 64  20 3d 20 71 75 65 75 65
44 65 74 61 69 6c 52 65  63 6f 72 64 73 5b 69 74
65 6d 2e 73 75 62 6d 69  73 73 69 6f 6e 49 44 5d
20 7c 7c 20 6e 75 6c 6c  3b 0a 20 20 20 20 20 20
20 20 20 20 20 20 20 20  20 20 20 20 20 20 20 20
20 20 20 20 20 20 20 20  20 20 63 6f 6e 73 74 20
64 65 74 61 69 6c 50 61  63 6b 61 67 65 41 70 70
73 20 3d 20 70 61 63 6b  61 67 65 41 70 70 4e 61
6d 65 73 46 72 6f 6d 52  65 63 6f 72 64 28 64 65
74 61 69 6c 52 65 63 6f  72 64 29 3b 0a 20 20 20
20 20 20 20 20 20 20 20  20 20 20 20 20 20 20 20
20 20 20 20 20 20 20 20  20 20 20 20 20 63 6f 6e
73 74 20 64 65 74 61 69  6c 45 76 65 6e 74 73 20
3d 20 65 76 65 6e 74 53  75 6d 6d 61 72 69 65 73
46 72 6f 6d 52 65 63 6f  72 64 28 64 65 74 61 69
6c 52 65 63 6f 72 64 29  3b 0a 20 20 20 20 20 20
20 20 20 20 20 20 20 20  20 20 20 20 20 20 20 20
20 20 20 20 20 20 20 20  20 20 63 6f 6e 73 74 20
64 65 74 61 69 6c 4f 70  65 6e 20 3d 20 71 75 65
75 65 44 65 74 61 69 6c  4f 70 65 6e 49 64 20 3d
3d 3d 20 69 74 65 6d 2e  73 75 62 6d 69 73 73 69
6f 6e 49 44 3b 0a 20 20  20 20 20 20 20 20 20 20
20 20 20 20 20 20 20 20  20 20 20 20 20 20 20 20
20 20 20 20 20 20 72 65  74 75 72 6e 20 28 0a 20
20 20 20 20 20 20 20 20  20 20 20 20 20 20 20 20
20 20 20 20 20 20 20 20  20 20 20 20 20 20 20 20
20 20 20 3c 64 69 76 20  63 6c 61 73 73 4e 61 6d
65 3d 22 61 70 70 73 2d  70 75 62 6c 69 73 68 2d
71 75 65 75 65 5f 5f 72  6f 77 22 20 6b 65 79 3d
7b 69 74 65 6d 2e 73 75  62 6d 69 73 73 69 6f 6e
49 44 7d 3e 0a 20 20 20  20 20 20 20 20 20 20 20
20 20 20 20 20 20 20 20  20 20 20 20 20 20 20 20
20 20 20 20 20 20 20 20  20 20 20 20 20 3c 64 69
76 20 63 6c 61 73 73 4e  61 6d 65 3d 22 61 70 70
73 2d 70 75 62 6c 69 73  68 2d 71 75 65 75 65 5f
5f 62 6f 64 79 22 3e 0a  20 20 20 20 20 20 20 20
20 20 20 20 20 20 20 20  20 20 20 20 20 20 20 20
20 20 20 20 20 20 20 20  20 20 20 20 20 20 20 20
20 20 20 20 3c 73 74 72  6f 6e 67 3e 7b 69 74 65
6d 2e 73 75 62 6d 69 73  73 69 6f 6e 49 44 7d 3c
2f 73 74 72 6f 6e 67 3e  0a 20 20 20 20 20 20 20
20 20 20 20 20 20 20 20  20 20 20 20 20 20 20 20
20 20 20 20 20 20 20 20  20 20 20 20 20 20 20 20
20 20 20 20 20 3c 73 70  61 6e 3e 7b 69 74 65 6d
2e 61 70 70 4e 61 6d 65  73 2e 6a 6f 69 6e 28 27
2c 20 27 29 20 7c 7c 20  69 74 65 6d 2e 61 70 70
49 44 73 2e 6a 6f 69 6e  28 27 2c 20 27 29 20 7c
7c 20 27 2d 27 7d 20 c2  b7 20 7b 69 74 65 6d 2e
63 68 61 6e 6e 65 6c 20  7c 7c 20 27 6c 6f 63 61
6c 27 7d 20 c2 b7 20 7b  69 74 65 6d 2e 73 74 61
74 75 73 20 7c 7c 20 27  73 75 62 6d 69 74 74 65
64 27 7d 3c 2f 73 70 61  6e 3e 0a 20 20 20 20 20
20 20 20 20 20 20 20 20  20 20 20 20 20 20 20 20
20 20 20 20 20 20 20 20  20 20 20 20 20 20 20 20
20 20 20 20 20 20 20 3c  73 6d 61 6c 6c 3e 0a 20
20 20 20 20 20 20 20 20  20 20 20 20 20 20 20 20
20 20 20 20 20 20 20 20  20 20 20 20 20 20 20 20
20 20 20 20 20 20 20 20  20 20 20 20 20 20 20 7b
69 74 65 6d 2e 73 75 62  6d 69 74 74 65 64 41 74
7d 0a 20 20 20 20 20 20  20 20 20 20 20 20 20 20
20 20 20 20 20 20 20 20  20 20 20 20 20 20 20 20
20 20 20 20 20 20 20 20  20 20 20 20 20 20 20 20
20 20 7b 69 74 65 6d 2e  70 61 63 6b 61 67 65 53
48 41 20 3f 20 60 20 c2  b7 20 73 68 61 32 35 36
3a 24 7b 69 74 65 6d 2e  70 61 63 6b 61 67 65 53
48 41 2e 73 6c 69 63 65  28 30 2c 20 31 32 29 7d
60 20 3a 20 27 27 7d 0a  20 20 20 20 20 20 20 20
20 20 20 20 20 20 20 20  20 20 20 20 20 20 20 20
20 20 20 20 20 20 20 20  20 20 20 20 20 20 20 20
20 20 20 20 20 20 20 20  7b 69 74 65 6d 2e 70 61
63 6b 61 67 65 42 79 74  65 73 20 3f 20 60 20 c2
b7 20 24 7b 66 6f 72 6d  61 74 50 61 63 6b 61 67
65 42 79 74 65 73 28 69  74 65 6d 2e 70 61 63 6b
61 67 65 42 79 74 65 73  29 7d 60 20 3a 20 27 27
7d 0a 20 20 20 20 20 20  20 20 20 20 20 20 20 20
20 20 20 20 20 20 20 20  20 20 20 20 20 20 20 20
20 20 20 20 20 20 20 20  20 20 20 20 20 20 20 20
20 20 7b 69 74 65 6d 2e  65 76 65 6e 74 43 6f 75
6e 74 20 3f 20 60 20 c2  b7 20 24 7b 74 65 78 74
2e 65 76 65 6e 74 48 69  73 74 6f 72 79 7d 3a 24
7b 69 74 65 6d 2e 65 76  65 6e 74 43 6f 75 6e 74
7d 24 7b 69 74 65 6d 2e  6c 61 73 74 45 76 65 6e
74 41 74 20 3f 20 60 20  24 7b 69 74 65 6d 2e 6c
61 73 74 45 76 65 6e 74  41 74 7d 60 20 3a 20 27
27 7d 60 20 3a 20 27 27  7d 0a 20 20 20 20 20 20
20 20 20 20 20 20 20 20  20 20 20 20 20 20 20 20
20 20 20 20 20 20 20 20  20 20 20 20 20 20 20 20
20 20 20 20 20 20 20 20  20 20 7b 69 74 65 6d 2e
6d 65 73 73 61 67 65 20  3f 20 60 20 c2 b7 20 24
7b 69 74 65 6d 2e 6d 65  73 73 61 67 65 7d 60 20
3a 20 27 27 7d 0a 20 20  20 20 20 20 20 20 20 20
20 20 20 20 20 20 20 20  20 20 20 20 20 20 20 20
20 20 20 20 20 20 20 20  20 20 20 20 20 20 20 20
20 20 3c 2f 73 6d 61 6c  6c 3e 0a 20 20 20 20 20
20 20 20 20 20 20 20 20  20 20 20 20 20 20 20 20
20 20 20 20 20 20 20 20  20 20 20 20 20 20 20 20
20 20 20 20 20 20 20 7b  71 75 65 75 65 50 61 63
6b 61 67 65 45 72 72 6f  72 49 64 20 3d 3d 3d 20
69 74 65 6d 2e 73 75 62  6d 69 73 73 69 6f 6e 49
44 20 26 26 20 3c 73 6d  61 6c 6c 3e 7b 74 65 78
74 2e 71 75 65 75 65 50  61 63 6b 61 67 65 55 6e
61 76 61 69 6c 61 62 6c  65 7d 3c 2f 73 6d 61 6c
6c 3e 7d 0a 20 20 20 20  20 20 20 20 20 20 20 20
20 20 20 20 20 20 20 20  20 20 20 20 20 20 20 20
20 20 20 20 20 20 20 20  20 20 20 20 3c 2f 64 69
76 3e 0a 20 20 20 20 20  20 20 20 20 20 20 20 20
20 20 20 20 20 20 20 20  20 20 20 20 20 20 20 20
20 20 20 20 20 20 20 20  20 20 20 3c 64 69 76 20
63 6c 61 73 73 4e 61 6d  65 3d 22 61 70 70 73 2d
70 75 62 6c 69 73 68 2d  71 75 65 75 65 5f 5f 74
6f 6f 6c 73 22 3e 0a 20  20 20 20 20 20 20 20 20
20 20 20 20 20 20 20 20  20 20 20 20 20 20 20 20
20 20 20 20 20 20 20 20  20 20 20 20 20 20 20 20
20 20 20 3c 62 75 74 74  6f 6e 0a 20 20 20 20 20
20 20 20 20 20 20 20 20  20 20 20 20 20 20 20 20
20 20 20 20 20 20 20 20  20 20 20 20 20 20 20 20
20 20 20 20 20 20 20 20  20 20 20 63 6c 61 73 73
4e 61 6d 65 3d 22 61 70  70 73 2d 73 65 63 6f 6e
64 61 72 79 2d 62 75 74  74 6f 6e 20 61 70 70 73
2d 70 75 62 6c 69 73 68  2d 71 75 65 75 65 5f 5f
63 6f 70 79 22 0a 20 20  20 20 20 20 20 20 20 20
20 20 20 20 20 20 20 20  20 20 20 20 20 20 20 20
20 20 20 20 20 20 20 20  20 20 20 20 20 20 20 20
20 20 20 20 20 20 74 79  70 65 3d 22 62 75 74 74
6f 6e 22 0a 20 20 20 20  20 20 20 20 20 20 20 20
20 20 20 20 20 20 20 20  20 20 20 20 20 20 20 20
20 20 20 20 20 20 20 20  20 20 20 20 20 20 20 20
20 20 20 20 64 69 73 61  62 6c 65 64 3d 7b 21 63
61 6e 43 6f 70 79 51 75  65 75 65 64 50 61 63 6b
61 67 65 20 7c 7c 20 71  75 65 75 65 44 65 74 61
69 6c 4c 6f 61 64 69 6e  67 49 64 20 3d 3d 3d 20
69 74 65 6d 2e 73 75 62  6d 69 73 73 69 6f 6e 49
44 7d 0a 20 20 20 20 20  20 20 20 20 20 20 20 20
20 20 20 20 20 20 20 20  20 20 20 20 20 20 20 20
20 20 20 20 20 20 20 20  20 20 20 20 20 20 20 20
20 20 20 74 69 74 6c 65  3d 7b 63 61 6e 43 6f 70
79 51 75 65 75 65 64 50  61 63 6b 61 67 65 20 3f
20 74 65 78 74 2e 76 69  65 77 51 75 65 75 65 44
65 74 61 69 6c 20 3a 20  74 65 78 74 2e 71 75 65
75 65 50 61 63 6b 61 67  65 55 6e 61 76 61 69 6c
61 62 6c 65 7d 0a 20 20  20 20 20 20 20 20 20 20
20 20 20 20 20 20 20 20  20 20 20 20 20 20 20 20
20 20 20 20 20 20 20 20  20 20 20 20 20 20 20 20
20 20 20 20 20 20 6f 6e  43 6c 69 63 6b 3d 7b 28
29 20 3d 3e 20 76 6f 69  64 20 74 6f 67 67 6c 65
51 75 65 75 65 64 44 65  74 61 69 6c 28 69 74 65
6d 2e 73 75 62 6d 69 73  73 69 6f 6e 49 44 29 7d
0a 20 20 20 20 20 20 20  20 20 20 20 20 20 20 20
20 20 20 20 20 20 20 20  20 20 20 20 20 20 20 20
20 20 20 20 20 20 20 20  20 20 20 20 20 3e 0a 20
20 20 20 20 20 20 20 20  20 20 20 20 20 20 20 20
20 20 20 20 20 20 20 20  20 20 20 20 20 20 20 20
20 20 20 20 20 20 20 20  20 20 20 20 20 20 20 7b
71 75 65 75 65 44 65 74  61 69 6c 4c 6f 61 64 69
6e 67 49 64 20 3d 3d 3d  20 69 74 65 6d 2e 73 75
62 6d 69 73 73 69 6f 6e  49 44 0a 20 20 20 20 20
20 20 20 20 20 20 20 20  20 20 20 20 20 20 20 20
20 20 20 20 20 20 20 20  20 20 20 20 20 20 20 20
20 20 20 20 20 20 20 20  20 20 20 20 20 20 20 3f
20 74 65 78 74 2e 71 75  65 75 65 44 65 74 61 69
6c 4c 6f 61 64 69 6e 67  0a 20 20 20 20 20 20 20
20 20 20 20 20 20 20 20  20 20 20 20 20 20 20 20
20 20 20 20 20 20 20 20  20 20 20 20 20 20 20 20
20 20 20 20 20 20 20 20  20 20 20 20 20 3a 20 64
65 74 61 69 6c 4f 70 65  6e 0a 20 20 20 20 20 20
20 20 20 20 20 20 20 20  20 20 20 20 20 20 20 20
20 20 20 20 20 20 20 20  20 20 20 20 20 20 20 20
20 20 20 20 20 20 20 20  20 20 20 20 20 20 20 20
20 20 3f 20 74 65 78 74  2e 68 69 64 65 51 75 65
75 65 44 65 74 61 69 6c  0a 20 20 20 20 20 20 20
20 20 20 20 20 20 20 20  20 20 20 20 20 20 20 20
20 20 20 20 20 20 20 20  20 20 20 20 20 20 20 20
20 20 20 20 20 20 20 20  20 20 20 20 20 20 20 20
20 3a 20 74 65 78 74 2e  76 69 65 77 51 75 65 75
65 44 65 74 61 69 6c 7d  0a 20 20 20 20 20 20 20
20 20 20 20 20 20 20 20  20 20 20 20 20 20 20 20
20 20 20 20 20 20 20 20  20 20 20 20 20 20 20 20
20 20 20 20 20 3c 2f 62  75 74 74 6f 6e 3e 0a 20
20 20 20 20 20 20 20 20  20 20 20 20 20 20 20 20
20 20 20 20 20 20 20 20  20 20 20 20 20 20 20 20
20 20 20 20 20 20 20 20  20 20 20 3c 62 75 74 74
6f 6e 0a 20 20 20 20 20  20 20 20 20 20 20 20 20
20 20 20 20 20 20 20 20  20 20 20 20 20 20 20 20
20 20 20 20 20 20 20 20  20 20 20 20 20 20 20 20
20 20 20 63 6c 61 73 73  4e 61 6d 65 3d 22 61 70
70 73 2d 73 65 63 6f 6e  64 61 72 79 2d 62 75 74
74 6f 6e 20 61 70 70 73  2d 70 75 62 6c 69 73 68
2d 71 75 65 75 65 5f 5f  63 6f 70 79 22 0a 20 20
20 20 20 20 20 20 20 20  20 20 20 20 20 20 20 20
20 20 20 20 20 20 20 20  20 20 20 20 20 20 20 20
20 20 20 20 20 20 20 20  20 20 20 20 20 20 74 79
70 65 3d 22 62 75 74 74  6f 6e 22 0a 20 20 20 20
20 20 20 20 20 20 20 20  20 20 20 20 20 20 20 20
20 20 20 20 20 20 20 20  20 20 20 20 20 20 20 20
20 20 20 20 20 20 20 20  20 20 20 20 64 69 73 61
62 6c 65 64 3d 7b 21 63  61 6e 43 6f 70 79 51 75
65 75 65 64 50 61 63 6b  61 67 65 20 7c 7c 20 71
75 65 75 65 50 61 63 6b  61 67 65 43 6f 70 79 69
6e 67 49 64 20 3d 3d 3d  20 69 74 65 6d 2e 73 75
62 6d 69 73 73 69 6f 6e  49 44 7d 0a 20 20 20 20
20 20 20 20 20 20 20 20  20 20 20 20 20 20 20 20
20 20 20 20 20 20 20 20  20 20 20 20 20 20 20 20
20 20 20 20 20 20 20 20  20 20 20 20 74 69 74 6c
65 3d 7b 63 61 6e 43 6f  70 79 51 75 65 75 65 64
50 61 63 6b 61 67 65 20  3f 20 74 65 78 74 2e 63
6f 70 79 51 75 65 75 65  50 61 63 6b 61 67 65 20
3a 20 74 65 78 74 2e 71  75 65 75 65 50 61 63 6b
61 67 65 55 6e 61 76 61  69 6c 61 62 6c 65 7d 0a
20 20 20 20 20 20 20 20  20 20 20 20 20 20 20 20
20 20 20 20 20 20 20 20  20 20 20 20 20 20 20 20
20 20 20 20 20 20 20 20  20 20 20 20 20 20 20 20
6f 6e 43 6c 69 63 6b 3d  7b 28 29 20 3d 3e 20 76
6f 69 64 20 63 6f 70 79  51 75 65 75 65 64 50 61
63 6b 61 67 65 28 69 74  65 6d 2e 73 75 62 6d 69
73 73 69 6f 6e 49 44 29  7d 0a 20 20 20 20 20 20
20 20 20 20 20 20 20 20  20 20 20 20 20 20 20 20
20 20 20 20 20 20 20 20  20 20 20 20 20 20 20 20
20 20 20 20 20 20 3e 0a  20 20 20 20 20 20 20 20
20 20 20 20 20 20 20 20  20 20 20 20 20 20 20 20
20 20 20 20 20 20 20 20  20 20 20 20 20 20 20 20
20 20 20 20 20 20 20 20  7b 71 75 65 75 65 50 61
63 6b 61 67 65 43 6f 70  79 69 6e 67 49 64 20 3d
3d 3d 20 69 74 65 6d 2e  73 75 62 6d 69 73 73 69
6f 6e 49 44 0a 20 20 20  20 20 20 20 20 20 20 20
20 20 20 20 20 20 20 20  20 20 20 20 20 20 20 20
20 20 20 20 20 20 20 20  20 20 20 20 20 20 20 20
20 20 20 20 20 20 20 20  20 3f 20 74 65 78 74 2e
63 6f 70 79 69 6e 67 51  75 65 75 65 50 61 63 6b
61 67 65 0a 20 20 20 20  20 20 20 20 20 20 20 20
20 20 20 20 20 20 20 20  20 20 20 20 20 20 20 20
20 20 20 20 20 20 20 20  20 20 20 20 20 20 20 20
20 20 20 20 20 20 20 20  3a 20 71 75 65 75 65 50
61 63 6b 61 67 65 43 6f  70 69 65 64 49 64 20 3d
3d 3d 20 69 74 65 6d 2e  73 75 62 6d 69 73 73 69
6f 6e 49 44 0a 20 20 20  20 20 20 20 20 20 20 20
20 20 20 20 20 20 20 20  20 20 20 20 20 20 20 20
20 20 20 20 20 20 20 20  20 20 20 20 20 20 20 20
20 20 20 20 20 20 20 20  20 20 20 20 20 3f 20 74
65 78 74 2e 71 75 65 75  65 50 61 63 6b 61 67 65
43 6f 70 69 65 64 0a 20  20 20 20 20 20 20 20 20
20 20 20 20 20 20 20 20  20 20 20 20 20 20 20 20
20 20 20 20 20 20 20 20  20 20 20 20 20 20 20 20
20 20 20 20 20 20 20 20  20 20 20 20 20 20 20 3a
20 74 65 78 74 2e 63 6f  70 79 51 75 65 75 65 50
61 63 6b 61 67 65 7d 0a  20 20 20 20 20 20 20 20
20 20 20 20 20 20 20 20  20 20 20 20 20 20 20 20
20 20 20 20 20 20 20 20  20 20 20 20 20 20 20 20
20 20 20 20 3c 2f 62 75  74 74 6f 6e 3e 0a 20 20
20 20 20 20 20 20 20 20  20 20 20 20 20 20 20 20
20 20 20 20 20 20 20 20  20 20 20 20 20 20 20 20
20 20 20 20 20 20 20 20  20 20 3c 62 75 74 74 6f
6e 0a 20 20 20 20 20 20  20 20 20 20 20 20 20 20
20 20 20 20 20 20 20 20  20 20 20 20 20 20 20 20
20 20 20 20 20 20 20 20  20 20 20 20 20 20 20 20
20 20 63 6c 61 73 73 4e  61 6d 65 3d 22 61 70 70
73 2d 73 65 63 6f 6e 64  61 72 79 2d 62 75 74 74
6f 6e 20 61 70 70 73 2d  70 75 62 6c 69 73 68 2d
71 75 65 75 65 5f 5f 63  6f 70 79 22 0a 20 20 20
20 20 20 20 20 20 20 20  20 20 20 20 20 20 20 20
20 20 20 20 20 20 20 20  20 20 20 20 20 20 20 20
20 20 20 20 20 20 20 20  20 20 20 20 20 74 79 70
65 3d 22 62 75 74 74 6f  6e 22 0a 20 20 20 20 20
20 20 20 20 20 20 20 20  20 20 20 20 20 20 20 20
20 20 20 20 20 20 20 20  20 20 20 20 20 20 20 20
20 20 20 20 20 20 20 20  20 20 20 64 69 73 61 62
6c 65 64 3d 7b 21 63 61  6e 43 6f 70 79 51 75 65
75 65 64 50 61 63 6b 61  67 65 20 7c 7c 20 71 75
65 75 65 50 61 63 6b 61  67 65 43 6f 70 79 69 6e
67 49 64 20 3d 3d 3d 20  69 74 65 6d 2e 73 75 62
6d 69 73 73 69 6f 6e 49  44 7d 0a 20 20 20 20 20
20 20 20 20 20 20 20 20  20 20 20 20 20 20 20 20
20 20 20 20 20 20 20 20  20 20 20 20 20 20 20 20
20 20 20 20 20 20 20 20  20 20 20 74 69 74 6c 65
3d 7b 63 61 6e 43 6f 70  79 51 75 65 75 65 64 50
61 63 6b 61 67 65 20 3f  20 74 65 78 74 2e 63 6f
70 79 51 75 65 75 65 41  75 64 69 74 20 3a 20 74
65 78 74 2e 71 75 65 75  65 50 61 63 6b 61 67 65
55 6e 61 76 61 69 6c 61  62 6c 65 7d 0a 20 20 20
20 20 20 20 20 20 20 20  20 20 20 20 20 20 20 20
20 20 20 20 20 20 20 20  20 20 20 20 20 20 20 20
20 20 20 20 20 20 20 20  20 20 20 20 20 6f 6e 43
6c 69 63 6b 3d 7b 28 29  20 3d 3e 20 76 6f 69 64
20 63 6f 70 79 51 75 65  75 65 64 41 75 64 69 74
28 69 74 65 6d 2e 73 75  62 6d 69 73 73 69 6f 6e
49 44 29 7d 0a 20 20 20  20 20 20 20 20 20 20 20
20 20 20 20 20 20 20 20  20 20 20 20 20 20 20 20
20 20 20 20 20 20 20 20  20 20 20 20 20 20 20 20
20 3e 0a 20 20 20 20 20  20 20 20 20 20 20 20 20
20 20 20 20 20 20 20 20  20 20 20 20 20 20 20 20
20 20 20 20 20 20 20 20  20 20 20 20 20 20 20 20
20 20 20 7b 71 75 65 75  65 50 61 63 6b 61 67 65
43 6f 70 79 69 6e 67 49  64 20 3d 3d 3d 20 69 74
65 6d 2e 73 75 62 6d 69  73 73 69 6f 6e 49 44 0a
20 20 20 20 20 20 20 20  20 20 20 20 20 20 20 20
20 20 20 20 20 20 20 20  20 20 20 20 20 20 20 20
20 20 20 20 20 20 20 20  20 20 20 20 20 20 20 20
20 20 20 20 3f 20 74 65  78 74 2e 63 6f 70 79 69
6e 67 51 75 65 75 65 50  61 63 6b 61 67 65 0a 20
20 20 20 20 20 20 20 20  20 20 20 20 20 20 20 20
20 20 20 20 20 20 20 20  20 20 20 20 20 20 20 20
20 20 20 20 20 20 20 20  20 20 20 20 20 20 20 20
20 20 20 3a 20 71 75 65  75 65 41 75 64 69 74 43
6f 70 69 65 64 49 64 20  3d 3d 3d 20 69 74 65 6d
2e 73 75 62 6d 69 73 73  69 6f 6e 49 44 0a 20 20
20 20 20 20 20 20 20 20  20 20 20 20 20 20 20 20
20 20 20 20 20 20 20 20  20 20 20 20 20 20 20 20
20 20 20 20 20 20 20 20  20 20 20 20 20 20 20 20
20 20 20 20 20 20 3f 20  74 65 78 74 2e 71 75 65
75 65 41 75 64 69 74 43  6f 70 69 65 64 0a 20 20
20 20 20 20 20 20 20 20  20 20 20 20 20 20 20 20
20 20 20 20 20 20 20 20  20 20 20 20 20 20 20 20
20 20 20 20 20 20 20 20  20 20 20 20 20 20 20 20
20 20 20 20 20 20 3a 20  74 65 78 74 2e 63 6f 70
79 51 75 65 75 65 41 75  64 69 74 7d 0a 20 20 20
20 20 20 20 20 20 20 20  20 20 20 20 20 20 20 20
20 20 20 20 20 20 20 20  20 20 20 20 20 20 20 20
20 20 20 20 20 20 20 20  20 3c 2f 62 75 74 74 6f
6e 3e 0a 20 20 20 20 20  20 20 20 20 20 20 20 20
20 20 20 20 20 20 20 20  20 20 20 20 20 20 20 20
20 20 20 20 20 20 20 20  20 20 20 3c 2f 64 69 76
3e 0a 20 20 20 20 20 20  20 20 20 20 20 20 20 20
20 20 20 20 20 20 20 20  20 20 20 20 20 20 20 20
20 20 20 20 20 20 20 20  20 20 7b 64 65 74 61 69
6c 4f 70 65 6e 20 26 26  20 64 65 74 61 69 6c 52
65 63 6f 72 64 20 26 26  20 28 0a 20 20 20 20 20
20 20 20 20 20 20 20 20  20 20 20 20 20 20 20 20
20 20 20 20 20 20 20 20  20 20 20 20 20 20 20 20
20 20 20 20 20 20 20 3c  64 69 76 20 63 6c 61 73
73 4e 61 6d 65 3d 22 61  70 70 73 2d 70 75 62 6c
69 73 68 2d 71 75 65 75  65 5f 5f 64 65 74 61 69
6c 22 3e 0a 20 20 20 20  20 20 20 20 20 20 20 20
20 20 20 20 20 20 20 20  20 20 20 20 20 20 20 20
20 20 20 20 20 20 20 20  20 20 20 20 20 20 20 20
20 20 20 20 3c 73 74 72  6f 6e 67 3e 7b 74 65 78
74 2e 71 75 65 75 65 44  65 74 61 69 6c 54 69 74
6c 65 7d 3c 2f 73 74 72  6f 6e 67 3e 0a 20 20 20
20 20 20 20 20 20 20 20  20 20 20 20 20 20 20 20
20 20 20 20 20 20 20 20  20 20 20 20 20 20 20 20
20 20 20 20 20 20 20 20  20 20 20 20 20 3c 73 70
61 6e 3e 7b 74 65 78 74  2e 73 75 62 6d 69 73 73
69 6f 6e 49 64 7d 3a 20  7b 69 74 65 6d 2e 73 75
62 6d 69 73 73 69 6f 6e  49 44 7d 3c 2f 73 70 61
6e 3e 0a 20 20 20 20 20  20 20 20 20 20 20 20 20
20 20 20 20 20 20 20 20  20 20 20 20 20 20 20 20
20 20 20 20 20 20 20 20  20 20 20 20 20 20 20 20
20 20 20 7b 69 74 65 6d  2e 72 65 76 69 65 77 65
72 20 26 26 20 3c 73 70  61 6e 3e 7b 74 65 78 74
2e 72 65 76 69 65 77 65  72 7d 3a 20 7b 69 74 65
6d 2e 72 65 76 69 65 77  65 72 7d 3c 2f 73 70 61
6e 3e 7d 0a 20 20 20 20  20 20 20 20 20 20 20 20
20 20 20 20 20 20 20 20  20 20 20 20 20 20 20 20
20 20 20 20 20 20 20 20  20 20 20 20 20 20 20 20
20 20 20 20 7b 69 74 65  6d 2e 72 69 73 6b 4c 65
76 65 6c 20 26 26 20 3c  73 70 61 6e 3e 7b 74 65
78 74 2e 72 69 73 6b 4c  65 76 65 6c 7d 3a 20 7b
69 74 65 6d 2e 72 69 73  6b 4c 65 76 65 6c 7d 3c
2f 73 70 61 6e 3e 7d 0a  20 20 20 20 20 20 20 20
20 20 20 20 20 20 20 20  20 20 20 20 20 20 20 20
20 20 20 20 20 20 20 20  20 20 20 20 20 20 20 20
20 20 20 20 20 20 20 20  7b 64 65 74 61 69 6c 50
61 63 6b 61 67 65 41 70  70 73 2e 6c 65 6e 67 74
68 20 3e 20 30 20 26 26  20 3c 73 70 61 6e 3e 7b
74 65 78 74 2e 71 75 65  75 65 44 65 74 61 69 6c
50 61 63 6b 61 67 65 41  70 70 73 7d 3a 20 7b 64
65 74 61 69 6c 50 61 63  6b 61 67 65 41 70 70 73
2e 6a 6f 69 6e 28 27 2c  20 27 29 7d 3c 2f 73 70
61 6e 3e 7d 0a 20 20 20  20 20 20 20 20 20 20 20
20 20 20 20 20 20 20 20  20 20 20 20 20 20 20 20
20 20 20 20 20 20 20 20  20 20 20 20 20 20 20 20
20 20 20 20 20 7b 69 74  65 6d 2e 72 65 76 69 65
77 49 73 73 75 65 73 2e  6c 65 6e 67 74 68 20 3e
20 30 20 26 26 20 3c 73  70 61 6e 3e 7b 74 65 78
74 2e 72 65 76 69 65 77  49 73 73 75 65 73 7d 3a
20 7b 72 65 76 69 65 77  49 73 73 75 65 73 53 75
6d 6d 61 72 79 28 69 74  65 6d 2e 72 65 76 69 65
77 49 73 73 75 65 73 2c  20 74 65 78 74 29 7d 3c
2f 73 70 61 6e 3e 7d 0a  20 20 20 20 20 20 20 20
20 20 20 20 20 20 20 20  20 20 20 20 20 20 20 20
20 20 20 20 20 20 20 20  20 20 20 20 20 20 20 20
20 20 20 20 20 20 20 20  7b 64 65 74 61 69 6c 45
76 65 6e 74 73 2e 6c 65  6e 67 74 68 20 3e 20 30
20 26 26 20 3c 73 70 61  6e 3e 7b 74 65 78 74 2e
71 75 65 75 65 44 65 74  61 69 6c 45 76 65 6e 74
73 7d 3a 20 7b 64 65 74  61 69 6c 45 76 65 6e 74
73 2e 6a 6f 69 6e 28 27  ef bc 3f 29 7d 3c 2f 73
70 61 6e 3e 7d 0a 20 20  20 20 20 20 20 20 20 20
20 20 20 20 20 20 20 20  20 20 20 20 20 20 20 20
20 20 20 20 20 20 20 20  20 20 20 20 20 20 20 20
20 20 3c 2f 64 69 76 3e  0a 20 20 20 20 20 20 20
20 20 20 20 20 20 20 20  20 20 20 20 20 20 20 20
20 20 20 20 20 20 20 20  20 20 20 20 20 20 20 20
20 29 7d 0a 20 20 20 20  20 20 20 20 20 20 20 20
20 20 20 20 20 20 20 20  20 20 20 20 20 20 20 20
20 20 20 20 20 20 20 20  3c 2f 64 69 76 3e 0a 20
20 20 20 20 20 20 20 20  20 20 20 20 20 20 20 20
20 20 20 20 20 20 20 20  20 20 20 20 20 20 20 29
3b 0a 20 20 20 20 20 20  20 20 20 20 20 20 20 20
20 20 20 20 20 20 20 20  20 20 20 20 20 20 7d 29
7d 0a 20 20 20 20 20 20  20 20 20 20 20 20 20 20
20 20 20 20 20 20 20 20  20 20 3c 2f 64 69 76 3e
0a 20 20 20 20 20 20 20  20 20 20 20 20 20 20 20
20 20 20 20 20 29 7d 0a  20 20 20 20 20 20 20 20
20 20 20 20 20 20 20 20  3c 2f 64 69 76 3e 0a 20
20 20 20 20 20 20 20 20  20 20 20 29 7d 0a 20 20
20 20 20 20 20 20 20 20  20 20 3c 64 69 76 20 63
6c 61 73 73 4e 61 6d 65  3d 22 61 70 70 73 2d 6d
61 6e 61 67 65 2d 6d 61  6e 69 66 65 73 74 2d 77
72 61 70 22 3e 0a 20 20  20 20 20 20 20 20 20 20
20 20 20 20 20 20 3c 64  69 76 20 63 6c 61 73 73
4e 61 6d 65 3d 22 61 70  70 73 2d 64 65 66 69 6e
69 74 69 6f 6e 5f 5f 74  69 74 6c 65 22 3e 7b 74
65 78 74 2e 73 75 62 6d  69 74 50 61 63 6b 61 67
65 7d 3c 2f 64 69 76 3e  0a 20 20 20 20 20 20 20
20 20 20 20 20 20 20 20  20 3c 70 72 65 20 63 6c
61 73 73 4e 61 6d 65 3d  22 61 70 70 73 2d 6d 61
6e 61 67 65 2d 6d 61 6e  69 66 65 73 74 22 3e 7b
70 61 63 6b 61 67 65 54  65 78 74 7d 3c 2f 70 72
65 3e 0a 20 20 20 20 20  20 20 20 20 20 20 20 3c
2f 64 69 76 3e 0a 20 20  20 20 20 20 20 20 3c 2f
73 65 63 74 69 6f 6e 3e  0a 20 20 20 20 29 3b 0a
7d 3b 0a 0a 63 6f 6e 73  74 20 41 70 70 41 63 63
65 6e 74 50 69 63 6b 65  72 20 3d 20 28 7b 20 76
61 6c 75 65 2c 20 6c 61  6e 67 2c 20 6f 6e 43 68
61 6e 67 65 20 7d 3a 20  7b 20 76 61 6c 75 65 3a
20 73 74 72 69 6e 67 3b  20 6c 61 6e 67 3f 3a 20
73 74 72 69 6e 67 3b 20  6f 6e 43 68 61 6e 67 65
3a 20 28 76 61 6c 75 65  3a 20 73 74 72 69 6e 67
29 20 3d 3e 20 76 6f 69  64 20 7d 29 20 3d 3e 20
28 0a 20 20 20 20 3c 64  69 76 20 63 6c 61 73 73
4e 61 6d 65 3d 22 61 70  70 73 2d 61 63 63 65 6e
74 2d 70 69 63 6b 65 72  22 20 72 6f 6c 65 3d 22
67 72 6f 75 70 22 20 61  72 69 61 2d 6c 61 62 65
6c 3d 7b 69 73 5a 68 28  6c 61 6e 67 29 20 3f 20
27 5c 75 35 36 66 65 5c  75 36 38 30 37 5c 75 39
38 39 63 5c 75 38 32 37  32 27 20 3a 20 27 49 63
6f 6e 20 63 6f 6c 6f 72  27 7d 3e 0a 20 20 20 20
20 20 20 20 7b 61 70 70  41 63 63 65 6e 74 53 77
61 74 63 68 65 73 2e 6d  61 70 28 28 73 77 61 74
63 68 29 20 3d 3e 20 7b  0a 20 20 20 20 20 20 20
20 20 20 20 20 63 6f 6e  73 74 20 6c 61 62 65 6c
20 3d 20 61 70 70 41 63  63 65 6e 74 4c 61 62 65
6c 28 73 77 61 74 63 68  2c 20 6c 61 6e 67 29 3b
0a 20 20 20 20 20 20 20  20 20 20 20 20 72 65 74
75 72 6e 20 28 0a 20 20  20 20 20 20 20 20 20 20
20 20 20 20 20 20 3c 62  75 74 74 6f 6e 0a 20 20
20 20 20 20 20 20 20 20  20 20 20 20 20 20 20 20
20 20 6b 65 79 3d 7b 73  77 61 74 63 68 2e 76 61
6c 75 65 7d 0a 20 20 20  20 20 20 20 20 20 20 20
20 20 20 20 20 20 20 20  20 63 6c 61 73 73 4e 61
6d 65 3d 7b 60 61 70 70  73 2d 61 63 63 65 6e 74
2d 63 68 6f 69 63 65 20  24 7b 76 61 6c 75 65 20
3d 3d 3d 20 73 77 61 74  63 68 2e 76 61 6c 75 65
20 3f 20 27 69 73 2d 61  63 74 69 76 65 27 20 3a
20 27 27 7d 60 7d 0a 20  20 20 20 20 20 20 20 20
20 20 20 20 20 20 20 20  20 20 20 74 79 70 65 3d
22 62 75 74 74 6f 6e 22  0a 20 20 20 20 20 20 20
20 20 20 20 20 20 20 20  20 20 20 20 20 74 69 74
6c 65 3d 7b 6c 61 62 65  6c 7d 0a 20 20 20 20 20
20 20 20 20 20 20 20 20  20 20 20 20 20 20 20 61
72 69 61 2d 6c 61 62 65  6c 3d 7b 6c 61 62 65 6c
7d 0a 20 20 20 20 20 20  20 20 20 20 20 20 20 20
20 20 20 20 20 20 61 72  69 61 2d 70 72 65 73 73
65 64 3d 7b 76 61 6c 75  65 20 3d 3d 3d 20 73 77
61 74 63 68 2e 76 61 6c  75 65 7d 0a 20 20 20 20
20 20 20 20 20 20 20 20  20 20 20 20 20 20 20 20
73 74 79 6c 65 3d 7b 7b  20 27 2d 2d 61 70 70 73
2d 73 77 61 74 63 68 2d  63 6f 6c 6f 72 27 3a 20
73 77 61 74 63 68 2e 76  61 6c 75 65 20 7d 20 61
73 20 43 53 53 50 72 6f  70 65 72 74 69 65 73 7d
0a 20 20 20 20 20 20 20  20 20 20 20 20 20 20 20
20 20 20 20 20 6f 6e 43  6c 69 63 6b 3d 7b 28 29
20 3d 3e 20 6f 6e 43 68  61 6e 67 65 28 73 77 61
74 63 68 2e 76 61 6c 75  65 29 7d 0a 20 20 20 20
20 20 20 20 20 20 20 20  20 20 20 20 2f 3e 0a 20
20 20 20 20 20 20 20 20  20 20 20 29 3b 0a 20 20
20 20 20 20 20 20 7d 29  7d 0a 20 20 20 20 3c 2f
64 69 76 3e 0a 29 3b 0a  0a 63 6f 6e 73 74 20 65
6d 70 74 79 54 6f 6f 6c  46 69 65 6c 64 20 3d 20
28 29 3a 20 53 6b 69 6c  6c 41 70 70 46 69 65 6c
64 20 3d 3e 20 28 7b 20  6e 61 6d 65 3a 20 27 27
2c 20 6c 61 62 65 6c 3a  20 27 27 2c 20 74 79 70
65 3a 20 27 74 65 78 74  27 2c 20 72 65 71 75 69
72 65 64 3a 20 66 61 6c  73 65 2c 20 64 65 66 61
75 6c 74 3a 20 27 27 2c  20 6f 70 74 69 6f 6e 73
3a 20 5b 5d 20 7d 29 3b  0a 0a 63 6f 6e 73 74 20
54 6f 6f 6c 46 69 65 6c  64 45 64 69 74 6f 72 20
3d 20 28 7b 20 66 69 65  6c 64 73 2c 20 6c 61 6e
67 2c 20 6f 6e 43 68 61  6e 67 65 20 7d 3a 20 7b
20 66 69 65 6c 64 73 3a  20 53 6b 69 6c 6c 41 70
70 46 69 65 6c 64 5b 5d  3b 20 6c 61 6e 67 3f 3a
20 73 74 72 69 6e 67 3b  20 6f 6e 43 68 61 6e 67
65 3a 20 28 66 69 65 6c  64 73 3a 20 53 6b 69 6c
6c 41 70 70 46 69 65 6c  64 5b 5d 29 20 3d 3e 20
76 6f 69 64 20 7d 29 20  3d 3e 20 7b 0a 20 20 20
20 63 6f 6e 73 74 20 74  65 78 74 20 3d 20 69 73
5a 68 28 6c 61 6e 67 29  20 3f 20 6c 61 62 65 6c
73 2e 7a 68 20 3a 20 6c  61 62 65 6c 73 2e 65 6e
3b 0a 20 20 20 20 63 6f  6e 73 74 20 75 70 64 61
74 65 46 69 65 6c 64 20  3d 20 28 69 6e 64 65 78
3a 20 6e 75 6d 62 65 72  2c 20 70 61 74 63 68 3a
20 50 61 72 74 69 61 6c  3c 53 6b 69 6c 6c 41 70
70 46 69 65 6c 64 3e 29  20 3d 3e 20 7b 0a 20 20
20 20 20 20 20 20 6f 6e  43 68 61 6e 67 65 28 66
69 65 6c 64 73 2e 6d 61  70 28 28 66 69 65 6c 64
2c 20 66 69 65 6c 64 49  6e 64 65 78 29 20 3d 3e
20 66 69 65 6c 64 49 6e  64 65 78 20 3d 3d 3d 20
69 6e 64 65 78 20 3f 20  6e 6f 72 6d 61 6c 69 7a
65 45 64 69 74 6f 72 46  69 65 6c 64 28 7b 20 2e
2e 2e 66 69 65 6c 64 2c  20 2e 2e 2e 70 61 74 63
68 20 7d 29 20 3a 20 66  69 65 6c 64 29 29 3b 0a
20 20 20 20 7d 3b 0a 20  20 20 20 63 6f 6e 73 74
20 72 65 6d 6f 76 65 46  69 65 6c 64 20 3d 20 28
69 6e 64 65 78 3a 20 6e  75 6d 62 65 72 29 20 3d
3e 20 6f 6e 43 68 61 6e  67 65 28 66 69 65 6c 64
73 2e 66 69 6c 74 65 72  28 28 5f 2c 20 66 69 65
6c 64 49 6e 64 65 78 29  20 3d 3e 20 66 69 65 6c
64 49 6e 64 65 78 20 21  3d 3d 20 69 6e 64 65 78
29 29 3b 0a 20 20 20 20  72 65 74 75 72 6e 20 28
0a 20 20 20 20 20 20 20  20 3c 64 69 76 20 63 6c
61 73 73 4e 61 6d 65 3d  22 61 70 70 73 2d 66 69
65 6c 64 2d 65 64 69 74  6f 72 22 3e 0a 20 20 20
20 20 20 20 20 20 20 20  20 3c 64 69 76 20 63 6c
61 73 73 4e 61 6d 65 3d  22 61 70 70 73 2d 70 72
65 76 69 65 77 2d 74 69  74 6c 65 2d 72 6f 77 22
3e 0a 20 20 20 20 20 20  20 20 20 20 20 20 20 20
20 20 3c 64 69 76 20 63  6c 61 73 73 4e 61 6d 65
3d 22 61 70 70 73 2d 64  65 66 69 6e 69 74 69 6f
6e 5f 5f 74 69 74 6c 65  22 3e 7b 74 65 78 74 2e
66 69 65 6c 64 73 7d 3c  2f 64 69 76 3e 0a 20 20
20 20 20 20 20 20 20 20  20 20 20 20 20 20 3c 62
75 74 74 6f 6e 20 63 6c  61 73 73 4e 61 6d 65 3d
22 61 70 70 73 2d 73 65  63 6f 6e 64 61 72 79 2d
62 75 74 74 6f 6e 22 20  74 79 70 65 3d 22 62 75
74 74 6f 6e 22 20 6f 6e  43 6c 69 63 6b 3d 7b 28
29 20 3d 3e 20 6f 6e 43  68 61 6e 67 65 28 5b 2e
2e 2e 66 69 65 6c 64 73  2c 20 65 6d 70 74 79 54
6f 6f 6c 46 69 65 6c 64  28 29 5d 29 7d 3e 7b 74
65 78 74 2e 61 64 64 46  69 65 6c 64 7d 3c 2f 62
75 74 74 6f 6e 3e 0a 20  20 20 20 20 20 20 20 20
20 20 20 3c 2f 64 69 76  3e 0a 20 20 20 20 20 20
20 20 20 20 20 20 7b 66  69 65 6c 64 73 2e 6c 65
6e 67 74 68 20 3e 20 30  20 26 26 20 28 0a 20 20
20 20 20 20 20 20 20 20  20 20 20 20 20 20 3c 64
69 76 20 63 6c 61 73 73  4e 61 6d 65 3d 22 61 70
70 73 2d 66 69 65 6c 64  2d 65 64 69 74 6f 72 5f
5f 6c 69 73 74 22 3e 0a  20 20 20 20 20 20 20 20
20 20 20 20 20 20 20 20  20 20 20 20 7b 66 69 65
6c 64 73 2e 6d 61 70 28  28 66 69 65 6c 64 2c 20
69 6e 64 65 78 29 20 3d  3e 20 7b 0a 20 20 20 20
20 20 20 20 20 20 20 20  20 20 20 20 20 20 20 20
20 20 20 20 63 6f 6e 73  74 20 74 79 70 65 20 3d
20 66 69 65 6c 64 2e 74  79 70 65 20 3d 3d 3d 20
27 73 65 6c 65 63 74 27  20 7c 7c 20 66 69 65 6c
64 2e 74 79 70 65 20 3d  3d 3d 20 27 62 6f 6f 6c
65 61 6e 27 20 3f 20 66  69 65 6c 64 2e 74 79 70
65 20 3a 20 27 74 65 78  74 27 3b 0a 20 20 20 20
20 20 20 20 20 20 20 20  20 20 20 20 20 20 20 20
20 20 20 20 72 65 74 75  72 6e 20 28 0a 20 20 20
20 20 20 20 20 20 20 20  20 20 20 20 20 20 20 20
20 20 20 20 20 20 20 20  20 3c 64 69 76 20 63 6c
61 73 73 4e 61 6d 65 3d  22 61 70 70 73 2d 66 69
65 6c 64 2d 65 64 69 74  6f 72 5f 5f 69 74 65 6d
22 20 6b 65 79 3d 7b 69  6e 64 65 78 7d 3e 0a 20
20 20 20 20 20 20 20 20  20 20 20 20 20 20 20 20
20 20 20 20 20 20 20 20  20 20 20 20 20 20 20 3c
64 69 76 20 63 6c 61 73  73 4e 61 6d 65 3d 22 61
70 70 73 2d 66 6f 72 6d  2d 72 6f 77 22 3e 0a 20
20 20 20 20 20 20 20 20  20 20 20 20 20 20 20 20
20 20 20 20 20 20 20 20  20 20 20 20 20 20 20 20
20 20 20 3c 6c 61 62 65  6c 3e 7b 74 65 78 74 2e
66 69 65 6c 64 4e 61 6d  65 7d 3c 2f 6c 61 62 65
6c 3e 0a 20 20 20 20 20  20 20 20 20 20 20 20 20
20 20 20 20 20 20 20 20  20 20 20 20 20 20 20 20
20 20 20 20 20 20 20 3c  69 6e 70 75 74 20 76 61
6c 75 65 3d 7b 66 69 65  6c 64 2e 6e 61 6d 65 7d
20 6f 6e 43 68 61 6e 67  65 3d 7b 28 65 76 65 6e
74 29 20 3d 3e 20 75 70  64 61 74 65 46 69 65 6c
64 28 69 6e 64 65 78 2c  20 7b 20 6e 61 6d 65 3a
20 65 76 65 6e 74 2e 74  61 72 67 65 74 2e 76 61
6c 75 65 20 7d 29 7d 20  70 6c 61 63 65 68 6f 6c
64 65 72 3d 22 63 75 73  74 6f 6d 65 72 5f 69 64
22 20 2f 3e 0a 20 20 20  20 20 20 20 20 20 20 20
20 20 20 20 20 20 20 20  20 20 20 20 20 20 20 20
20 20 20 20 20 3c 2f 64  69 76 3e 0a 20 20 20 20
20 20 20 20 20 20 20 20  20 20 20 20 20 20 20 20
20 20 20 20 20 20 20 20  20 20 20 20 3c 64 69 76
20 63 6c 61 73 73 4e 61  6d 65 3d 22 61 70 70 73
2d 66 6f 72 6d 2d 72 6f  77 22 3e 0a 20 20 20 20
20 20 20 20 20 20 20 20  20 20 20 20 20 20 20 20
20 20 20 20 20 20 20 20  20 20 20 20 20 20 20 20
3c 6c 61 62 65 6c 3e 7b  74 65 78 74 2e 66 69 65
6c 64 4c 61 62 65 6c 7d  3c 2f 6c 61 62 65 6c 3e
0a 20 20 20 20 20 20 20  20 20 20 20 20 20 20 20
20 20 20 20 20 20 20 20  20 20 20 20 20 20 20 20
20 20 20 20 20 3c 69 6e  70 75 74 20 76 61 6c 75
65 3d 7b 66 69 65 6c 64  2e 6c 61 62 65 6c 20 7c
7c 20 27 27 7d 20 6f 6e  43 68 61 6e 67 65 3d 7b
28 65 76 65 6e 74 29 20  3d 3e 20 75 70 64 61 74
65 46 69 65 6c 64 28 69  6e 64 65 78 2c 20 7b 20
6c 61 62 65 6c 3a 20 65  76 65 6e 74 2e 74 61 72
67 65 74 2e 76 61 6c 75  65 20 7d 29 7d 20 70 6c
61 63 65 68 6f 6c 64 65  72 3d 7b 74 65 78 74 2e
66 69 65 6c 64 4c 61 62  65 6c 7d 20 2f 3e 0a 20
20 20 20 20 20 20 20 20  20 20 20 20 20 20 20 20
20 20 20 20 20 20 20 20  20 20 20 20 20 20 20 3c
2f 64 69 76 3e 0a 20 20  20 20 20 20 20 20 20 20
20 20 20 20 20 20 20 20  20 20 20 20 20 20 20 20
20 20 20 20 20 20 3c 64  69 76 20 63 6c 61 73 73
4e 61 6d 65 3d 22 61 70  70 73 2d 66 6f 72 6d 2d
72 6f 77 22 3e 0a 20 20  20 20 20 20 20 20 20 20
20 20 20 20 20 20 20 20  20 20 20 20 20 20 20 20
20 20 20 20 20 20 20 20  20 20 3c 6c 61 62 65 6c
3e 7b 74 65 78 74 2e 66  69 65 6c 64 54 79 70 65
7d 3c 2f 6c 61 62 65 6c  3e 0a 20 20 20 20 20 20
20 20 20 20 20 20 20 20  20 20 20 20 20 20 20 20
20 20 20 20 20 20 20 20  20 20 20 20 20 20 3c 73
65 6c 65 63 74 20 76 61  6c 75 65 3d 7b 74 79 70
65 7d 20 6f 6e 43 68 61  6e 67 65 3d 7b 28 65 76
65 6e 74 29 20 3d 3e 20  75 70 64 61 74 65 46 69
65 6c 64 28 69 6e 64 65  78 2c 20 7b 20 74 79 70
65 3a 20 65 76 65 6e 74  2e 74 61 72 67 65 74 2e
76 61 6c 75 65 20 61 73  20 53 6b 69 6c 6c 41 70
70 46 69 65 6c 64 5b 27  74 79 70 65 27 5d 20 7d
29 7d 3e 0a 20 20 20 20  20 20 20 20 20 20 20 20
20 20 20 20 20 20 20 20  20 20 20 20 20 20 20 20
20 20 20 20 20 20 20 20  20 20 20 20 3c 6f 70 74
69 6f 6e 20 76 61 6c 75  65 3d 22 74 65 78 74 22
3e 74 65 78 74 3c 2f 6f  70 74 69 6f 6e 3e 0a 20
20 20 20 20 20 20 20 20  20 20 20 20 20 20 20 20
20 20 20 20 20 20 20 20  20 20 20 20 20 20 20 20
20 20 20 20 20 20 20 3c  6f 70 74 69 6f 6e 20 76
61 6c 75 65 3d 22 73 65  6c 65 63 74 22 3e 73 65
6c 65 63 74 3c 2f 6f 70  74 69 6f 6e 3e 0a 20 20
20 20 20 20 20 20 20 20  20 20 20 20 20 20 20 20
20 20 20 20 20 20 20 20  20 20 20 20 20 20 20 20
20 20 20 20 20 20 3c 6f  70 74 69 6f 6e 20 76 61
6c 75 65 3d 22 62 6f 6f  6c 65 61 6e 22 3e 62 6f
6f 6c 65 61 6e 3c 2f 6f  70 74 69 6f 6e 3e 0a 20
20 20 20 20 20 20 20 20  20 20 20 20 20 20 20 20
20 20 20 20 20 20 20 20  20 20 20 20 20 20 20 20
20 20 20 3c 2f 73 65 6c  65 63 74 3e 0a 20 20 20
20 20 20 20 20 20 20 20  20 20 20 20 20 20 20 20
20 20 20 20 20 20 20 20  20 20 20 20 20 3c 2f 64
69 76 3e 0a 20 20 20 20  20 20 20 20 20 20 20 20
20 20 20 20 20 20 20 20  20 20 20 20 20 20 20 20
20 20 20 20 7b 74 79 70  65 20 3d 3d 3d 20 27 62
6f 6f 6c 65 61 6e 27 20  3f 20 28 0a 20 20 20 20
20 20 20 20 20 20 20 20  20 20 20 20 20 20 20 20
20 20 20 20 20 20 20 20  20 20 20 20 20 20 20 20
3c 6c 61 62 65 6c 20 63  6c 61 73 73 4e 61 6d 65
3d 22 61 70 70 73 2d 63  68 65 63 6b 62 6f 78 2d
66 69 65 6c 64 20 61 70  70 73 2d 66 69 65 6c 64
2d 65 64 69 74 6f 72 5f  5f 63 68 65 63 6b 62 6f
78 22 3e 0a 20 20 20 20  20 20 20 20 20 20 20 20
20 20 20 20 20 20 20 20  20 20 20 20 20 20 20 20
20 20 20 20 20 20 20 20  20 20 20 20 3c 69 6e 70
75 74 20 74 79 70 65 3d  22 63 68 65 63 6b 62 6f
78 22 20 63 68 65 63 6b  65 64 3d 7b 66 69 65 6c
64 2e 64 65 66 61 75 6c  74 20 3d 3d 3d 20 74 72
75 65 7d 20 6f 6e 43 68  61 6e 67 65 3d 7b 28 65
76 65 6e 74 29 20 3d 3e  20 75 70 64 61 74 65 46
69 65 6c 64 28 69 6e 64  65 78 2c 20 7b 20 64 65
66 61 75 6c 74 3a 20 65  76 65 6e 74 2e 74 61 72
67 65 74 2e 63 68 65 63  6b 65 64 20 7d 29 7d 20
2f 3e 0a 20 20 20 20 20  20 20 20 20 20 20 20 20
20 20 20 20 20 20 20 20  20 20 20 20 20 20 20 20
20 20 20 20 20 20 20 20  20 20 20 3c 73 70 61 6e
3e 7b 74 65 78 74 2e 64  65 66 61 75 6c 74 56 61
6c 75 65 7d 3c 2f 73 70  61 6e 3e 0a 20 20 20 20
20 20 20 20 20 20 20 20  20 20 20 20 20 20 20 20
20 20 20 20 20 20 20 20  20 20 20 20 20 20 20 20
3c 2f 6c 61 62 65 6c 3e  0a 20 20 20 20 20 20 20
20 20 20 20 20 20 20 20  20 20 20 20 20 20 20 20
20 20 20 20 20 20 20 20  20 29 20 3a 20 28 0a 20
20 20 20 20 20 20 20 20  20 20 20 20 20 20 20 20
20 20 20 20 20 20 20 20  20 20 20 20 20 20 20 20
20 20 20 3c 64 69 76 20  63 6c 61 73 73 4e 61 6d
65 3d 22 61 70 70 73 2d  66 6f 72 6d 2d 72 6f 77
22 3e 0a 20 20 20 20 20  20 20 20 20 20 20 20 20
20 20 20 20 20 20 20 20  20 20 20 20 20 20 20 20
20 20 20 20 20 20 20 20  20 20 20 3c 6c 61 62 65
6c 3e 7b 74 65 78 74 2e  64 65 66 61 75 6c 74 56
61 6c 75 65 7d 3c 2f 6c  61 62 65 6c 3e 0a 20 20
20 20 20 20 20 20 20 20  20 20 20 20 20 20 20 20
20 20 20 20 20 20 20 20  20 20 20 20 20 20 20 20
20 20 20 20 20 20 3c 69  6e 70 75 74 20 76 61 6c
75 65 3d 7b 53 74 72 69  6e 67 28 66 69 65 6c 64
2e 64 65 66 61 75 6c 74  20 7c 7c 20 27 27 29 7d
20 6f 6e 43 68 61 6e 67  65 3d 7b 28 65 76 65 6e
74 29 20 3d 3e 20 75 70  64 61 74 65 46 69 65 6c
64 28 69 6e 64 65 78 2c  20 7b 20 64 65 66 61 75
6c 74 3a 20 65 76 65 6e  74 2e 74 61 72 67 65 74
2e 76 61 6c 75 65 20 7d  29 7d 20 2f 3e 0a 20 20
20 20 20 20 20 20 20 20  20 20 20 20 20 20 20 20
20 20 20 20 20 20 20 20  20 20 20 20 20 20 20 20
20 20 3c 2f 64 69 76 3e  0a 20 20 20 20 20 20 20
20 20 20 20 20 20 20 20  20 20 20 20 20 20 20 20
20 20 20 20 20 20 20 20  20 29 7d 0a 20 20 20 20
20 20 20 20 20 20 20 20  20 20 20 20 20 20 20 20
20 20 20 20 20 20 20 20  20 20 20 20 7b 74 79 70
65 20 3d 3d 3d 20 27 73  65 6c 65 63 74 27 20 26
26 20 28 0a 20 20 20 20  20 20 20 20 20 20 20 20
20 20 20 20 20 20 20 20  20 20 20 20 20 20 20 20
20 20 20 20 20 20 20 20  3c 64 69 76 20 63 6c 61
73 73 4e 61 6d 65 3d 22  61 70 70 73 2d 66 6f 72
6d 2d 72 6f 77 20 61 70  70 73 2d 66 69 65 6c 64
2d 65 64 69 74 6f 72 5f  5f 77 69 64 65 22 3e 0a
20 20 20 20 20 20 20 20  20 20 20 20 20 20 20 20
20 20 20 20 20 20 20 20  20 20 20 20 20 20 20 20
20 20 20 20 20 20 20 20  3c 6c 61 62 65 6c 3e 7b
74 65 78 74 2e 6f 70 74  69 6f 6e 73 7d 3c 2f 6c
61 62 65 6c 3e 0a 20 20  20 20 20 20 20 20 20 20
20 20 20 20 20 20 20 20  20 20 20 20 20 20 20 20
20 20 20 20 20 20 20 20  20 20 20 20 20 20 3c 69
6e 70 75 74 20 76 61 6c  75 65 3d 7b 28 66 69 65
6c 64 2e 6f 70 74 69 6f  6e 73 20 7c 7c 20 5b 5d
29 2e 6a 6f 69 6e 28 27  2c 20 27 29 7d 20 6f 6e
43 68 61 6e 67 65 3d 7b  28 65 76 65 6e 74 29 20
3d 3e 20 75 70 64 61 74  65 46 69 65 6c 64 28 69
6e 64 65 78 2c 20 7b 20  6f 70 74 69 6f 6e 73 3a
20 65 76 65 6e 74 2e 74  61 72 67 65 74 2e 76 61
6c 75 65 2e 73 70 6c 69  74 28 27 2c 27 29 2e 6d
61 70 28 28 69 74 65 6d  29 20 3d 3e 20 69 74 65
6d 2e 74 72 69 6d 28 29  29 2e 66 69 6c 74 65 72
28 42 6f 6f 6c 65 61 6e  29 20 7d 29 7d 20 70 6c
61 63 65 68 6f 6c 64 65  72 3d 22 41 2c 20 42 2c
20 43 22 20 2f 3e 0a 20  20 20 20 20 20 20 20 20
20 20 20 20 20 20 20 20  20 20 20 20 20 20 20 20
20 20 20 20 20 20 20 20  20 20 20 3c 2f 64 69 76
3e 0a 20 20 20 20 20 20  20 20 20 20 20 20 20 20
20 20 20 20 20 20 20 20  20 20 20 20 20 20 20 20
20 20 29 7d 0a 20 20 20  20 20 20 20 20 20 20 20
20 20 20 20 20 20 20 20  20 20 20 20 20 20 20 20
20 20 20 20 20 3c 6c 61  62 65 6c 20 63 6c 61 73
73 4e 61 6d 65 3d 22 61  70 70 73 2d 63 68 65 63
6b 62 6f 78 2d 66 69 65  6c 64 20 61 70 70 73 2d
66 69 65 6c 64 2d 65 64  69 74 6f 72 5f 5f 63 68
65 63 6b 62 6f 78 22 3e  0a 20 20 20 20 20 20 20
20 20 20 20 20 20 20 20  20 20 20 20 20 20 20 20
20 20 20 20 20 20 20 20  20 20 20 20 20 3c 69 6e
70 75 74 20 74 79 70 65  3d 22 63 68 65 63 6b 62
6f 78 22 20 63 68 65 63  6b 65 64 3d 7b 21 21 66
69 65 6c 64 2e 72 65 71  75 69 72 65 64 7d 20 6f
6e 43 68 61 6e 67 65 3d  7b 28 65 76 65 6e 74 29
20 3d 3e 20 75 70 64 61  74 65 46 69 65 6c 64 28
69 6e 64 65 78 2c 20 7b  20 72 65 71 75 69 72 65
64 3a 20 65 76 65 6e 74  2e 74 61 72 67 65 74 2e
63 68 65 63 6b 65 64 20  7d 29 7d 20 2f 3e 0a 20
20 20 20 20 20 20 20 20  20 20 20 20 20 20 20 20
20 20 20 20 20 20 20 20  20 20 20 20 20 20 20 20
20 20 20 3c 73 70 61 6e  3e 7b 74 65 78 74 2e 66
69 65 6c 64 52 65 71 75  69 72 65 64 7d 3c 2f 73
70 61 6e 3e 0a 20 20 20  20 20 20 20 20 20 20 20
20 20 20 20 20 20 20 20  20 20 20 20 20 20 20 20
20 20 20 20 20 3c 2f 6c  61 62 65 6c 3e 0a 20 20
20 20 20 20 20 20 20 20  20 20 20 20 20 20 20 20
20 20 20 20 20 20 20 20  20 20 20 20 20 20 3c 62
75 74 74 6f 6e 20 63 6c  61 73 73 4e 61 6d 65 3d
22 61 70 70 73 2d 73 65  63 6f 6e 64 61 72 79 2d
62 75 74 74 6f 6e 20 61  70 70 73 2d 66 69 65 6c
64 2d 65 64 69 74 6f 72  5f 5f 64 65 6c 65 74 65
22 20 74 79 70 65 3d 22  62 75 74 74 6f 6e 22 20
6f 6e 43 6c 69 63 6b 3d  7b 28 29 20 3d 3e 20 72
65 6d 6f 76 65 46 69 65  6c 64 28 69 6e 64 65 78
29 7d 3e 7b 74 65 78 74  2e 64 65 6c 65 74 65 46
69 65 6c 64 7d 3c 2f 62  75 74 74 6f 6e 3e 0a 20
20 20 20 20 20 20 20 20  20 20 20 20 20 20 20 20
20 20 20 20 20 20 20 20  20 20 20 3c 2f 64 69 76
3e 0a 20 20 20 20 20 20  20 20 20 20 20 20 20 20
20 20 20 20 20 20 20 20  20 20 29 3b 0a 20 20 20
20 20 20 20 20 20 20 20  20 20 20 20 20 20 20 20
20 7d 29 7d 0a 20 20 20  20 20 20 20 20 20 20 20
20 20 20 20 20 3c 2f 64  69 76 3e 0a 20 20 20 20
20 20 20 20 20 20 20 20  29 7d 0a 20 20 20 20 20
20 20 20 3c 2f 64 69 76  3e 0a 20 20 20 20 29 3b
0a 7d 3b 0a 0a 66 75 6e  63 74 69 6f 6e 20 6e 6f
72 6d 61 6c 69 7a 65 45  64 69 74 6f 72 46 69 65
6c 64 28 66 69 65 6c 64  3a 20 53 6b 69 6c 6c 41
70 70 46 69 65 6c 64 29  3a 20 53 6b 69 6c 6c 41
70 70 46 69 65 6c 64 20  7b 0a 20 20 20 20 63 6f
6e 73 74 20 74 79 70 65  20 3d 20 66 69 65 6c 64
2e 74 79 70 65 20 3d 3d  3d 20 27 73 65 6c 65 63
74 27 20 7c 7c 20 66 69  65 6c 64 2e 74 79 70 65
20 3d 3d 3d 20 27 62 6f  6f 6c 65 61 6e 27 20 3f
20 66 69 65 6c 64 2e 74  79 70 65 20 3a 20 27 74
65 78 74 27 3b 0a 20 20  20 20 72 65 74 75 72 6e
20 7b 0a 20 20 20 20 20  20 20 20 6e 61 6d 65 3a
20 66 69 65 6c 64 2e 6e  61 6d 65 2c 0a 20 20 20
20 20 20 20 20 6c 61 62  65 6c 3a 20 66 69 65 6c
64 2e 6c 61 62 65 6c 2c  0a 20 20 20 20 20 20 20
20 74 79 70 65 2c 0a 20  20 20 20 20 20 20 20 72
65 71 75 69 72 65 64 3a  20 21 21 66 69 65 6c 64
2e 72 65 71 75 69 72 65  64 2c 0a 20 20 20 20 20
20 20 20 64 65 66 61 75  6c 74 3a 20 74 79 70 65
20 3d 3d 3d 20 27 62 6f  6f 6c 65 61 6e 27 20 3f
20 66 69 65 6c 64 2e 64  65 66 61 75 6c 74 20 3d
3d 3d 20 74 72 75 65 20  3a 20 53 74 72 69 6e 67
28 66 69 65 6c 64 2e 64  65 66 61 75 6c 74 20 7c
7c 20 27 27 29 2c 0a 20  20 20 20 20 20 20 20 6f
70 74 69 6f 6e 73 3a 20  74 79 70 65 20 3d 3d 3d
20 27 73 65 6c 65 63 74  27 20 3f 20 28 66 69 65
6c 64 2e 6f 70 74 69 6f  6e 73 20 7c 7c 20 5b 5d
29 20 3a 20 5b 5d 2c 0a  20 20 20 20 7d 3b 0a 7d
0a 0a 74 79 70 65 20 53  6b 69 6c 6c 49 6e 70 75
74 4d 6f 64 65 20 3d 20  27 66 69 6c 65 27 20 7c
20 27 66 6f 72 6d 27 20  7c 20 27 6d 69 78 65 64
27 3b 0a 0a 74 79 70 65  20 41 70 70 45 64 69 74
44 72 61 66 74 20 3d 20  50 69 63 6b 3c 41 70 70
45 6e 74 72 79 2c 20 27  6e 61 6d 65 27 20 7c 20
27 64 65 73 63 72 69 70  74 69 6f 6e 27 20 7c 20
27 63 61 74 65 67 6f 72  79 27 20 7c 20 27 69 63
6f 6e 27 20 7c 20 27 61  63 63 65 6e 74 27 3e 20
26 20 7b 0a 20 20 20 20  69 6e 70 75 74 4d 6f 64
65 3a 20 53 6b 69 6c 6c  49 6e 70 75 74 4d 6f 64
65 3b 0a 20 20 20 20 6d  75 6c 74 69 70 6c 65 46
69 6c 65 73 3a 20 62 6f  6f 6c 65 61 6e 3b 0a 20
20 20 20 6f 75 74 70 75  74 4d 6f 64 65 73 3a 20
73 74 72 69 6e 67 5b 5d  3b 0a 20 20 20 20 66 69
65 6c 64 73 3a 20 53 6b  69 6c 6c 41 70 70 46 69
65 6c 64 5b 5d 3b 0a 7d  3b 0a 0a 63 6f 6e 73 74
20 4d 61 6e 61 67 65 41  70 70 73 50 61 6e 65 20
3d 20 28 7b 20 61 70 70  73 2c 20 68 69 64 64 65
6e 41 70 70 73 2c 20 6c  61 6e 67 2c 20 6f 6e 54
6f 67 67 6c 65 50 69 6e  2c 20 6f 6e 55 70 64 61
74 65 41 70 70 2c 20 6f  6e 44 75 70 6c 69 63 61
74 65 41 70 70 2c 20 6f  6e 4d 6f 76 65 41 70 70
2c 20 6f 6e 52 65 6d 6f  76 65 41 70 70 2c 20 6f
6e 52 65 73 74 6f 72 65  41 70 70 2c 20 70 65 6e
64 69 6e 67 45 64 69 74  41 70 70 49 64 2c 20 6f
6e 50 65 6e 64 69 6e 67  45 64 69 74 43 6f 6e 73
75 6d 65 64 20 7d 3a 20  7b 0a 20 20 20 20 61 70
70 73 3a 20 41 70 70 45  6e 74 72 79 5b 5d 3b 0a
20 20 20 20 68 69 64 64  65 6e 41 70 70 73 3a 20
41 70 70 45 6e 74 72 79  5b 5d 3b 0a 20 20 20 20
6c 61 6e 67 3f 3a 20 73  74 72 69 6e 67 3b 0a 20
20 20 20 6f 6e 54 6f 67  67 6c 65 50 69 6e 3a 20
28 61 70 70 49 64 3a 20  73 74 72 69 6e 67 29 20
3d 3e 20 76 6f 69 64 3b  0a 20 20 20 20 6f 6e 55
70 64 61 74 65 41 70 70  3a 20 28 61 70 70 49 64
3a 20 73 74 72 69 6e 67  2c 20 70 61 74 63 68 3a
20 50 61 72 74 69 61 6c  3c 41 70 70 45 6e 74 72
79 3e 29 20 3d 3e 20 76  6f 69 64 3b 0a 20 20 20
20 6f 6e 44 75 70 6c 69  63 61 74 65 41 70 70 3a
20 28 61 70 70 49 64 3a  20 73 74 72 69 6e 67 29
20 3d 3e 20 76 6f 69 64  3b 0a 20 20 20 20 6f 6e
4d 6f 76 65 41 70 70 3a  20 28 61 70 70 49 64 3a
20 73 74 72 69 6e 67 2c  20 64 69 72 65 63 74 69
6f 6e 3a 20 41 70 70 4d  6f 76 65 54 61 72 67 65
74 29 20 3d 3e 20 76 6f  69 64 3b 0a 20 20 20 20
6f 6e 52 65 6d 6f 76 65  41 70 70 3a 20 28 61 70
70 49 64 3a 20 73 74 72  69 6e 67 29 20 3d 3e 20
76 6f 69 64 3b 0a 20 20  20 20 6f 6e 52 65 73 74
6f 72 65 41 70 70 3a 20  28 61 70 70 49 64 3a 20
73 74 72 69 6e 67 29 20  3d 3e 20 76 6f 69 64 3b
0a 20 20 20 20 70 65 6e  64 69 6e 67 45 64 69 74
41 70 70 49 64 3a 20 73  74 72 69 6e 67 3b 0a 20
20 20 20 6f 6e 50 65 6e  64 69 6e 67 45 64 69 74
43 6f 6e 73 75 6d 65 64  3a 20 28 29 20 3d 3e 20
76 6f 69 64 3b 0a 7d 29  20 3d 3e 20 7b 0a 20 20
20 20 63 6f 6e 73 74 20  74 65 78 74 20 3d 20 69
73 5a 68 28 6c 61 6e 67  29 20 3f 20 6c 61 62 65
6c 73 2e 7a 68 20 3a 20  6c 61 62 65 6c 73 2e 65
6e 3b 0a 20 20 20 20 63  6f 6e 73 74 20 5b 6d 61
6e 69 66 65 73 74 41 70  70 49 64 2c 20 73 65 74
4d 61 6e 69 66 65 73 74  41 70 70 49 64 5d 20 3d
20 75 73 65 53 74 61 74  65 28 27 27 29 3b 0a 20
20 20 20 63 6f 6e 73 74  20 5b 65 64 69 74 69 6e
67 41 70 70 49 64 2c 20  73 65 74 45 64 69 74 69
6e 67 41 70 70 49 64 5d  20 3d 20 75 73 65 53 74
61 74 65 28 27 27 29 3b  0a 20 20 20 20 63 6f 6e
73 74 20 65 6d 70 74 79  45 64 69 74 44 72 61 66
74 3a 20 41 70 70 45 64  69 74 44 72 61 66 74 20
3d 20 7b 20 6e 61 6d 65  3a 20 27 27 2c 20 64 65
73 63 72 69 70 74 69 6f  6e 3a 20 27 27 2c 20 63
61 74 65 67 6f 72 79 3a  20 27 27 2c 20 69 63 6f
6e 3a 20 27 63 6f 6e 74  72 61 63 74 27 2c 20 61
63 63 65 6e 74 3a 20 64  65 66 61 75 6c 74 41 63
63 65 6e 74 46 6f 72 4b  69 6e 64 28 27 74 6f 6f
6c 5f 61 70 70 27 29 2c  20 69 6e 70 75 74 4d 6f
64 65 3a 20 27 66 69 6c  65 27 2c 20 6d 75 6c 74
69 70 6c 65 46 69 6c 65  73 3a 20 66 61 6c 73 65
2c 20 6f 75 74 70 75 74  4d 6f 64 65 73 3a 20 5b
27 64 6f 63 78 27 2c 20  27 70 64 66 27 5d 2c 20
66 69 65 6c 64 73 3a 20  5b 5d 20 7d 3b 0a 20 20
20 20 63 6f 6e 73 74 20  5b 65 64 69 74 44 72 61
66 74 2c 20 73 65 74 45  64 69 74 44 72 61 66 74
5d 20 3d 20 75 73 65 53  74 61 74 65 3c 41 70 70
45 64 69 74 44 72 61 66  74 3e 28 65 6d 70 74 79
45 64 69 74 44 72 61 66  74 29 3b 0a 20 20 20 20
63 6f 6e 73 74 20 5b 63  6f 70 69 65 64 4d 61 6e
69 66 65 73 74 49 64 2c  20 73 65 74 43 6f 70 69
65 64 4d 61 6e 69 66 65  73 74 49 64 5d 20 3d 20
75 73 65 53 74 61 74 65  28 27 27 29 3b 0a 20 20
20 20 63 6f 6e 73 74 20  5b 70 61 63 6b 43 6f 70
69 65 64 2c 20 73 65 74  50 61 63 6b 43 6f 70 69
65 64 5d 20 3d 20 75 73  65 53 74 61 74 65 28 66
61 6c 73 65 29 3b 0a 20  20 20 20 63 6f 6e 73 74
20 70 69 6e 6e 65 64 43  6f 75 6e 74 20 3d 20 61
70 70 73 2e 66 69 6c 74  65 72 28 28 61 70 70 29
20 3d 3e 20 61 70 70 2e  70 69 6e 6e 65 64 29 2e
6c 65 6e 67 74 68 3b 0a  20 20 20 20 63 6f 6e 73
74 20 5b 6d 61 6e 61 67  65 51 75 65 72 79 2c 20
73 65 74 4d 61 6e 61 67  65 51 75 65 72 79 5d 20
3d 20 75 73 65 53 74 61  74 65 28 27 27 29 3b 0a
20 20 20 20 63 6f 6e 73  74 20 5b 6d 61 6e 61 67
65 43 61 74 65 67 6f 72  79 2c 20 73 65 74 4d 61
6e 61 67 65 43 61 74 65  67 6f 72 79 5d 20 3d 20
75 73 65 53 74 61 74 65  28 27 61 6c 6c 27 29 3b
0a 20 20 20 20 63 6f 6e  73 74 20 6d 61 6e 61 67
65 43 61 74 65 67 6f 72  69 65 73 20 3d 20 75 73
65 4d 65 6d 6f 28 28 29  20 3d 3e 20 41 72 72 61
79 2e 66 72 6f 6d 28 6e  65 77 20 53 65 74 28 5b
2e 2e 2e 61 70 70 73 2c  20 2e 2e 2e 68 69 64 64
65 6e 41 70 70 73 5d 2e  6d 61 70 28 28 61 70 70
29 20 3d 3e 20 61 70 70  2e 63 61 74 65 67 6f 72
79 29 29 29 2c 20 5b 61  70 70 73 2c 20 68 69 64
64 65 6e 41 70 70 73 5d  29 3b 0a 20 20 20 20 63
6f 6e 73 74 20 6e 6f 72  6d 61 6c 69 7a 65 64 4d
61 6e 61 67 65 51 75 65  72 79 20 3d 20 6d 61 6e
61 67 65 51 75 65 72 79  2e 74 72 69 6d 28 29 2e
74 6f 4c 6f 77 65 72 43  61 73 65 28 29 3b 0a 20
20 20 20 63 6f 6e 73 74  20 6d 61 6e 61 67 65 51
75 65 72 79 4d 61 74 63  68 65 64 41 70 70 73 20
3d 20 75 73 65 4d 65 6d  6f 28 28 29 20 3d 3e 20
5b 2e 2e 2e 61 70 70 73  2c 20 2e 2e 2e 68 69 64
64 65 6e 41 70 70 73 5d  2e 66 69 6c 74 65 72 28
28 61 70 70 29 20 3d 3e  20 21 6e 6f 72 6d 61 6c
69 7a 65 64 4d 61 6e 61  67 65 51 75 65 72 79 20
7c 7c 20 62 75 69 6c 64  41 70 70 53 65 61 72 63
68 54 65 78 74 28 61 70  70 2c 20 6c 61 6e 67 29
2e 69 6e 63 6c 75 64 65  73 28 6e 6f 72 6d 61 6c
69 7a 65 64 4d 61 6e 61  67 65 51 75 65 72 79 29
29 2c 20 5b 61 70 70 73  2c 20 68 69 64 64 65 6e
41 70 70 73 2c 20 6e 6f  72 6d 61 6c 69 7a 65 64
4d 61 6e 61 67 65 51 75  65 72 79 2c 20 6c 61 6e
67 5d 29 3b 0a 20 20 20  20 63 6f 6e 73 74 20 6d
61 6e 61 67 65 43 61 74  65 67 6f 72 79 43 6f 75
6e 74 73 20 3d 20 75 73  65 4d 65 6d 6f 28 28 29
20 3d 3e 20 63 6f 75 6e  74 41 70 70 73 42 79 43
61 74 65 67 6f 72 79 28  6d 61 6e 61 67 65 51 75
65 72 79 4d 61 74 63 68  65 64 41 70 70 73 29 2c
20 5b 6d 61 6e 61 67 65  51 75 65 72 79 4d 61 74
63 68 65 64 41 70 70 73  5d 29 3b 0a 20 20 20 20
63 6f 6e 73 74 20 6d 61  6e 61 67 65 46 69 6c 74
65 72 41 63 74 69 76 65  20 3d 20 6e 6f 72 6d 61
6c 69 7a 65 64 4d 61 6e  61 67 65 51 75 65 72 79
2e 6c 65 6e 67 74 68 20  3e 20 30 20 7c 7c 20 6d
61 6e 61 67 65 43 61 74  65 67 6f 72 79 20 21 3d
3d 20 27 61 6c 6c 27 3b  0a 20 20 20 20 75 73 65
45 66 66 65 63 74 28 28  29 20 3d 3e 20 7b 0a 20
20 20 20 20 20 20 20 69  66 20 28 21 6e 6f 72 6d
61 6c 69 7a 65 64 4d 61  6e 61 67 65 51 75 65 72
79 20 7c 7c 20 6d 61 6e  61 67 65 43 61 74 65 67
6f 72 79 20 3d 3d 3d 20  27 61 6c 6c 27 29 20 72
65 74 75 72 6e 3b 0a 20  20 20 20 20 20 20 20 69
66 20 28 28 6d 61 6e 61  67 65 43 61 74 65 67 6f
72 79 43 6f 75 6e 74 73  2e 67 65 74 28 6d 61 6e
61 67 65 43 61 74 65 67  6f 72 79 29 20 7c 7c 20
30 29 20 3d 3d 3d 20 30  29 20 73 65 74 4d 61 6e
61 67 65 43 61 74 65 67  6f 72 79 28 27 61 6c 6c
27 29 3b 0a 20 20 20 20  7d 2c 20 5b 6e 6f 72 6d
61 6c 69 7a 65 64 4d 61  6e 61 67 65 51 75 65 72
79 2c 20 6d 61 6e 61 67  65 43 61 74 65 67 6f 72
79 2c 20 6d 61 6e 61 67  65 43 61 74 65 67 6f 72
79 43 6f 75 6e 74 73 5d  29 3b 0a 20 20 20 20 63
6f 6e 73 74 20 6d 61 74  63 68 65 73 4d 61 6e 61
67 65 46 69 6c 74 65 72  20 3d 20 28 61 70 70 3a
20 41 70 70 45 6e 74 72  79 29 20 3d 3e 20 7b 0a
20 20 20 20 20 20 20 20  63 6f 6e 73 74 20 63 61
74 65 67 6f 72 79 4d 61  74 63 68 65 73 20 3d 20
6d 61 6e 61 67 65 43 61  74 65 67 6f 72 79 20 3d
3d 3d 20 27 61 6c 6c 27  20 7c 7c 20 61 70 70 2e
63 61 74 65 67 6f 72 79  20 3d 3d 3d 20 6d 61 6e
61 67 65 43 61 74 65 67  6f 72 79 3b 0a 20 20 20
20 20 20 20 20 63 6f 6e  73 74 20 71 75 65 72 79
4d 61 74 63 68 65 73 20  3d 20 21 6e 6f 72 6d 61
6c 69 7a 65 64 4d 61 6e  61 67 65 51 75 65 72 79
20 7c 7c 20 62 75 69 6c  64 41 70 70 53 65 61 72
63 68 54 65 78 74 28 61  70 70 2c 20 6c 61 6e 67
29 2e 69 6e 63 6c 75 64  65 73 28 6e 6f 72 6d 61
6c 69 7a 65 64 4d 61 6e  61 67 65 51 75 65 72 79
29 3b 0a 20 20 20 20 20  20 20 20 72 65 74 75 72
6e 20 63 61 74 65 67 6f  72 79 4d 61 74 63 68 65
73 20 26 26 20 71 75 65  72 79 4d 61 74 63 68 65
73 3b 0a 20 20 20 20 7d  3b 0a 20 20 20 20 63 6f
6e 73 74 20 6d 61 6e 61  67 65 64 41 70 70 73 20
3d 20 75 73 65 4d 65 6d  6f 28 28 29 20 3d 3e 20
61 70 70 73 2e 66 69 6c  74 65 72 28 6d 61 74 63
68 65 73 4d 61 6e 61 67  65 46 69 6c 74 65 72 29
2c 20 5b 61 70 70 73 2c  20 6d 61 6e 61 67 65 43
61 74 65 67 6f 72 79 2c  20 6e 6f 72 6d 61 6c 69
7a 65 64 4d 61 6e 61 67  65 51 75 65 72 79 2c 20
6c 61 6e 67 5d 29 3b 0a  20 20 20 20 63 6f 6e 73
74 20 66 69 6c 74 65 72  65 64 48 69 64 64 65 6e
41 70 70 73 20 3d 20 75  73 65 4d 65 6d 6f 28 28
29 20 3d 3e 20 68 69 64  64 65 6e 41 70 70 73 2e
66 69 6c 74 65 72 28 6d  61 74 63 68 65 73 4d 61
6e 61 67 65 46 69 6c 74  65 72 29 2c 20 5b 68 69
64 64 65 6e 41 70 70 73  2c 20 6d 61 6e 61 67 65
43 61 74 65 67 6f 72 79  2c 20 6e 6f 72 6d 61 6c
69 7a 65 64 4d 61 6e 61  67 65 51 75 65 72 79 2c
20 6c 61 6e 67 5d 29 3b  0a 20 20 20 20 63 6f 6e
73 74 20 6d 61 6e 61 67  65 4d 61 74 63 68 43 6f
75 6e 74 20 3d 20 6d 61  6e 61 67 65 64 41 70 70
73 2e 6c 65 6e 67 74 68  20 2b 20 66 69 6c 74 65
72 65 64 48 69 64 64 65  6e 41 70 70 73 2e 6c 65
6e 67 74 68 3b 0a 20 20  20 20 63 6f 6e 73 74 20
6d 61 6e 61 67 65 54 6f  74 61 6c 43 6f 75 6e 74
20 3d 20 61 70 70 73 2e  6c 65 6e 67 74 68 20 2b
20 68 69 64 64 65 6e 41  70 70 73 2e 6c 65 6e 67
74 68 3b 0a 20 20 20 20  63 6f 6e 73 74 20 6d 61
6e 61 67 65 46 69 6c 74  65 72 53 75 6d 6d 61 72
79 20 3d 20 66 69 6c 74  65 72 53 75 6d 6d 61 72
79 54 65 78 74 28 7b 20  71 75 65 72 79 3a 20 6d
61 6e 61 67 65 51 75 65  72 79 2c 20 63 61 74 65
67 6f 72 79 3a 20 6d 61  6e 61 67 65 43 61 74 65
67 6f 72 79 2c 20 63 6f  75 6e 74 3a 20 6d 61 6e
61 67 65 4d 61 74 63 68  43 6f 75 6e 74 2c 20 6c
61 6e 67 2c 20 61 6c 6c  4c 61 62 65 6c 3a 20 74
65 78 74 2e 61 6c 6c 20  7d 29 3b 0a 20 20 20 20
63 6f 6e 73 74 20 73 74  61 72 74 45 64 69 74 20
3d 20 28 61 70 70 3a 20  41 70 70 45 6e 74 72 79
29 20 3d 3e 20 7b 0a 20  20 20 20 20 20 20 20 73
65 74 45 64 69 74 69 6e  67 41 70 70 49 64 28 61
70 70 2e 69 64 29 3b 0a  20 20 20 20 20 20 20 20
73 65 74 45 64 69 74 44  72 61 66 74 28 7b 0a 20
20 20 20 20 20 20 20 20  20 20 20 6e 61 6d 65 3a
20 61 70 70 2e 6e 61 6d  65 2c 0a 20 20 20 20 20
20 20 20 20 20 20 20 64  65 73 63 72 69 70 74 69
6f 6e 3a 20 61 70 70 2e  64 65 73 63 72 69 70 74
69 6f 6e 2c 0a 20 20 20  20 20 20 20 20 20 20 20
20 63 61 74 65 67 6f 72  79 3a 20 61 70 70 2e 63
61 74 65 67 6f 72 79 2c  0a 20 20 20 20 20 20 20
20 20 20 20 20 69 63 6f  6e 3a 20 61 70 70 2e 69
63 6f 6e 2c 0a 20 20 20  20 20 20 20 20 20 20 20
20 61 63 63 65 6e 74 3a  20 61 70 70 2e 61 63 63
65 6e 74 2c 0a 20 20 20  20 20 20 20 20 20 20 20
20 69 6e 70 75 74 4d 6f  64 65 3a 20 61 70 70 2e
6d 61 6e 69 66 65 73 74  3f 2e 73 6b 69 6c 6c 3f
2e 69 6e 70 75 74 4d 6f  64 65 20 7c 7c 20 27 66
69 6c 65 27 2c 0a 20 20  20 20 20 20 20 20 20 20
20 20 6d 75 6c 74 69 70  6c 65 46 69 6c 65 73 3a
20 21 21 61 70 70 2e 6d  61 6e 69 66 65 73 74 3f
2e 73 6b 69 6c 6c 3f 2e  6d 75 6c 74 69 70 6c 65
46 69 6c 65 73 2c 0a 20  20 20 20 20 20 20 20 20
20 20 20 6f 75 74 70 75  74 4d 6f 64 65 73 3a 20
6e 6f 72 6d 61 6c 69 7a  65 4f 75 74 70 75 74 4d
6f 64 65 73 28 61 70 70  2e 6d 61 6e 69 66 65 73
74 3f 2e 73 6b 69 6c 6c  3f 2e 6f 75 74 70 75 74
4d 6f 64 65 73 29 2c 0a  20 20 20 20 20 20 20 20
20 20 20 20 66 69 65 6c  64 73 3a 20 6e 6f 72 6d
61 6c 69 7a 65 53 6b 69  6c 6c 41 70 70 46 69 65
6c 64 73 28 61 70 70 2e  6d 61 6e 69 66 65 73 74
3f 2e 73 6b 69 6c 6c 3f  2e 66 69 65 6c 64 73 29
2c 0a 20 20 20 20 20 20  20 20 7d 29 3b 0a 20 20
20 20 7d 3b 0a 20 20 20  20 75 73 65 45 66 66 65
63 74 28 28 29 20 3d 3e  20 7b 0a 20 20 20 20 20
20 20 20 69 66 20 28 21  70 65 6e 64 69 6e 67 45
64 69 74 41 70 70 49 64  29 20 72 65 74 75 72 6e
3b 0a 20 20 20 20 20 20  20 20 63 6f 6e 73 74 20
61 70 70 20 3d 20 61 70  70 73 2e 66 69 6e 64 28
28 69 74 65 6d 29 20 3d  3e 20 69 74 65 6d 2e 69
64 20 3d 3d 3d 20 70 65  6e 64 69 6e 67 45 64 69
74 41 70 70 49 64 29 3b  0a 20 20 20 20 20 20 20
20 69 66 20 28 21 61 70  70 29 20 72 65 74 75 72
6e 3b 0a 20 20 20 20 20  20 20 20 73 65 74 4d 61
6e 61 67 65 51 75 65 72  79 28 27 27 29 3b 0a 20
20 20 20 20 20 20 20 73  65 74 4d 61 6e 61 67 65
43 61 74 65 67 6f 72 79  28 27 61 6c 6c 27 29 3b
0a 20 20 20 20 20 20 20  20 73 74 61 72 74 45 64
69 74 28 61 70 70 29 3b  0a 20 20 20 20 20 20 20
20 6f 6e 50 65 6e 64 69  6e 67 45 64 69 74 43 6f
6e 73 75 6d 65 64 28 29  3b 0a 20 20 20 20 7d 2c
20 5b 70 65 6e 64 69 6e  67 45 64 69 74 41 70 70
49 64 2c 20 61 70 70 73  2c 20 6f 6e 50 65 6e 64
69 6e 67 45 64 69 74 43  6f 6e 73 75 6d 65 64 5d
29 3b 0a 20 20 20 20 63  6f 6e 73 74 20 63 61 6e
63 65 6c 45 64 69 74 20  3d 20 28 29 20 3d 3e 20
7b 0a 20 20 20 20 20 20  20 20 73 65 74 45 64 69
74 69 6e 67 41 70 70 49  64 28 27 27 29 3b 0a 20
20 20 20 20 20 20 20 73  65 74 45 64 69 74 44 72
61 66 74 28 65 6d 70 74  79 45 64 69 74 44 72 61
66 74 29 3b 0a 20 20 20  20 7d 3b 0a 20 20 20 20
63 6f 6e 73 74 20 73 61  76 65 45 64 69 74 20 3d
20 28 61 70 70 3a 20 41  70 70 45 6e 74 72 79 29
20 3d 3e 20 7b 0a 20 20  20 20 20 20 20 20 63 6f
6e 73 74 20 6e 61 6d 65  20 3d 20 65 64 69 74 44
72 61 66 74 2e 6e 61 6d  65 2e 74 72 69 6d 28 29
3b 0a 20 20 20 20 20 20  20 20 69 66 20 28 21 6e
61 6d 65 29 20 72 65 74  75 72 6e 3b 0a 20 20 20
20 20 20 20 20 63 6f 6e  73 74 20 6d 61 6e 69 66
65 73 74 20 3d 20 61 70  70 2e 6b 69 6e 64 20 3d
3d 3d 20 27 74 6f 6f 6c  5f 61 70 70 27 0a 20 20
20 20 20 20 20 20 20 20  20 20 3f 20 7b 0a 20 20
20 20 20 20 20 20 20 20  20 20 20 20 20 20 2e 2e
2e 28 61 70 70 2e 6d 61  6e 69 66 65 73 74 20 7c
7c 20 6d 61 6b 65 53 6b  69 6c 6c 4d 61 6e 69 66
65 73 74 28 61 70 70 2e  69 64 2c 20 65 64 69 74
44 72 61 66 74 2e 69 6e  70 75 74 4d 6f 64 65 2c
20 65 64 69 74 44 72 61  66 74 2e 6f 75 74 70 75
74 4d 6f 64 65 73 29 29  2c 0a 20 20 20 20 20 20
20 20 20 20 20 20 20 20  20 20 73 6b 69 6c 6c 3a
20 7b 0a 20 20 20 20 20  20 20 20 20 20 20 20 20
20 20 20 20 20 20 20 69  64 3a 20 61 70 70 2e 6d
61 6e 69 66 65 73 74 3f  2e 73 6b 69 6c 6c 3f 2e
69 64 20 7c 7c 20 61 70  70 2e 69 64 2c 0a 20 20
20 20 20 20 20 20 20 20  20 20 20 20 20 20 20 20
20 20 61 70 70 44 65 66  69 6e 69 74 69 6f 6e 46
69 6c 65 3a 20 27 6d 61  63 6c 61 77 2e 61 70 70
73 2e 6a 73 6f 6e 27 20  61 73 20 63 6f 6e 73 74
2c 0a 20 20 20 20 20 20  20 20 20 20 20 20 20 20
20 20 20 20 20 20 69 6e  70 75 74 4d 6f 64 65 3a
20 65 64 69 74 44 72 61  66 74 2e 69 6e 70 75 74
4d 6f 64 65 2c 0a 20 20  20 20 20 20 20 20 20 20
20 20 20 20 20 20 20 20  20 20 6d 75 6c 74 69 70
6c 65 46 69 6c 65 73 3a  20 65 64 69 74 44 72 61
66 74 2e 6d 75 6c 74 69  70 6c 65 46 69 6c 65 73
20 26 26 20 65 64 69 74  44 72 61 66 74 2e 69 6e
70 75 74 4d 6f 64 65 20  21 3d 3d 20 27 66 6f 72
6d 27 2c 0a 20 20 20 20  20 20 20 20 20 20 20 20
20 20 20 20 20 20 20 20  6f 75 74 70 75 74 4d 6f
64 65 73 3a 20 6e 6f 72  6d 61 6c 69 7a 65 4f 75
74 70 75 74 4d 6f 64 65  73 28 65 64 69 74 44 72
61 66 74 2e 6f 75 74 70  75 74 4d 6f 64 65 73 29
2c 0a 20 20 20 20 20 20  20 20 20 20 20 20 20 20
20 20 20 20 20 20 66 69  65 6c 64 73 3a 20 6e 6f
72 6d 61 6c 69 7a 65 53  6b 69 6c 6c 41 70 70 46
69 65 6c 64 73 28 65 64  69 74 44 72 61 66 74 2e
66 69 65 6c 64 73 29 2c  0a 20 20 20 20 20 20 20
20 20 20 20 20 20 20 20  20 7d 2c 0a 20 20 20 20
20 20 20 20 20 20 20 20  7d 0a 20 20 20 20 20 20
20 20 20 20 20 20 3a 20  61 70 70 2e 6d 61 6e 69
66 65 73 74 3b 0a 20 20  20 20 20 20 20 20 6f 6e
55 70 64 61 74 65 41 70  70 28 61 70 70 2e 69 64
2c 20 7b 0a 20 20 20 20  20 20 20 20 20 20 20 20
6e 61 6d 65 2c 0a 20 20  20 20 20 20 20 20 20 20
20 20 63 61 74 65 67 6f  72 79 3a 20 65 64 69 74
44 72 61 66 74 2e 63 61  74 65 67 6f 72 79 2e 74
72 69 6d 28 29 20 7c 7c  20 28 69 73 5a 68 28 6c
61 6e 67 29 20 3f 20 27  5c 75 36 37 32 61 5c 75
35 32 30 36 5c 75 37 63  37 62 27 20 3a 20 27 55
6e 63 61 74 65 67 6f 72  69 7a 65 64 27 29 2c 0a
20 20 20 20 20 20 20 20  20 20 20 20 64 65 73 63
72 69 70 74 69 6f 6e 3a  20 65 64 69 74 44 72 61
66 74 2e 64 65 73 63 72  69 70 74 69 6f 6e 2e 74
72 69 6d 28 29 2c 0a 20  20 20 20 20 20 20 20 20
20 20 20 69 63 6f 6e 3a  20 65 64 69 74 44 72 61
66 74 2e 69 63 6f 6e 2c  0a 20 20 20 20 20 20 20
20 20 20 20 20 61 63 63  65 6e 74 3a 20 65 64 69
74 44 72 61 66 74 2e 61  63 63 65 6e 74 2c 0a 20
20 20 20 20 20 20 20 20  20 20 20 76 65 72 73 69
6f 6e 3a 20 6e 65 78 74  41 70 70 56 65 72 73 69
6f 6e 28 61 70 70 29 2c  0a 20 20 20 20 20 20 20
20 20 20 20 20 6d 61 6e  69 66 65 73 74 2c 0a 20
20 20 20 20 20 20 20 7d  29 3b 0a 20 20 20 20 20
20 20 20 63 61 6e 63 65  6c 45 64 69 74 28 29 3b
0a 20 20 20 20 7d 3b 0a  20 20 20 20 72 65 74 75
72 6e 20 28 0a 20 20 20  20 20 20 20 20 3c 64 69
76 20 63 6c 61 73 73 4e  61 6d 65 3d 22 61 70 70
73 2d 6d 61 6e 61 67 65  2d 6c 69 73 74 22 3e 0a
20 20 20 20 20 20 20 20  20 20 20 20 3c 64 69 76
20 63 6c 61 73 73 4e 61  6d 65 3d 22 61 70 70 73
2d 6d 61 6e 61 67 65 2d  74 6f 6f 6c 62 61 72 22
3e 0a 20 20 20 20 20 20  20 20 20 20 20 20 20 20
20 20 3c 64 69 76 3e 0a  20 20 20 20 20 20 20 20
20 20 20 20 20 20 20 20  20 20 20 20 3c 64 69 76
20 63 6c 61 73 73 4e 61  6d 65 3d 22 61 70 70 73
2d 64 65 66 69 6e 69 74  69 6f 6e 5f 5f 74 69 74
6c 65 22 3e 7b 74 65 78  74 2e 61 70 70 73 7d 3c
2f 64 69 76 3e 0a 20 20  20 20 20 20 20 20 20 20
20 20 20 20 20 20 20 20  20 20 3c 73 70 61 6e 20
63 6c 61 73 73 4e 61 6d  65 3d 22 61 70 70 73 2d
63 6f 75 6e 74 22 3e 7b  6d 61 6e 61 67 65 4d 61
74 63 68 43 6f 75 6e 74  7d 2f 7b 6d 61 6e 61 67
65 54 6f 74 61 6c 43 6f  75 6e 74 7d 3c 2f 73 70
61 6e 3e 0a 20 20 20 20  20 20 20 20 20 20 20 20
20 20 20 20 3c 2f 64 69  76 3e 0a 20 20 20 20 20
20 20 20 20 20 20 20 20  20 20 20 3c 62 75 74 74
6f 6e 20 63 6c 61 73 73  4e 61 6d 65 3d 22 61 70
70 73 2d 73 65 63 6f 6e  64 61 72 79 2d 62 75 74
74 6f 6e 22 20 74 79 70  65 3d 22 62 75 74 74 6f
6e 22 20 6f 6e 43 6c 69  63 6b 3d 7b 61 73 79 6e
63 20 28 29 20 3d 3e 20  7b 0a 20 20 20 20 20 20
20 20 20 20 20 20 20 20  20 20 20 20 20 20 61 77
61 69 74 20 63 6f 70 79  54 65 78 74 54 6f 43 6c
69 70 62 6f 61 72 64 28  4a 53 4f 4e 2e 73 74 72
69 6e 67 69 66 79 28 61  70 70 73 54 6f 50 61 63
6b 4d 61 6e 69 66 65 73  74 28 61 70 70 73 29 2c
20 6e 75 6c 6c 2c 20 32  29 29 3b 0a 20 20 20 20
20 20 20 20 20 20 20 20  20 20 20 20 20 20 20 20
73 65 74 50 61 63 6b 43  6f 70 69 65 64 28 74 72
75 65 29 3b 0a 20 20 20  20 20 20 20 20 20 20 20
20 20 20 20 20 7d 7d 3e  7b 70 61 63 6b 43 6f 70
69 65 64 20 3f 20 74 65  78 74 2e 63 6f 70 69 65
64 20 3a 20 74 65 78 74  2e 65 78 70 6f 72 74 50
61 63 6b 7d 3c 2f 62 75  74 74 6f 6e 3e 0a 20 20
20 20 20 20 20 20 20 20  20 20 3c 2f 64 69 76 3e
0a 20 20 20 20 20 20 20  20 20 20 20 20 3c 64 69
76 20 63 6c 61 73 73 4e  61 6d 65 3d 22 61 70 70
73 2d 6d 61 6e 61 67 65  2d 66 69 6c 74 65 72 22
3e 0a 20 20 20 20 20 20  20 20 20 20 20 20 20 20
20 20 3c 64 69 76 20 63  6c 61 73 73 4e 61 6d 65
3d 22 61 70 70 73 2d 73  65 61 72 63 68 2d 77 72
61 70 22 3e 0a 20 20 20  20 20 20 20 20 20 20 20
20 20 20 20 20 20 20 20  20 3c 69 6e 70 75 74 0a
20 20 20 20 20 20 20 20  20 20 20 20 20 20 20 20
20 20 20 20 20 20 20 20  63 6c 61 73 73 4e 61 6d
65 3d 22 61 70 70 73 2d  73 65 61 72 63 68 22 0a
20 20 20 20 20 20 20 20  20 20 20 20 20 20 20 20
20 20 20 20 20 20 20 20  76 61 6c 75 65 3d 7b 6d
61 6e 61 67 65 51 75 65  72 79 7d 0a 20 20 20 20
20 20 20 20 20 20 20 20  20 20 20 20 20 20 20 20
20 20 20 20 6f 6e 43 68  61 6e 67 65 3d 7b 28 65
76 65 6e 74 29 20 3d 3e  20 73 65 74 4d 61 6e 61
67 65 51 75 65 72 79 28  65 76 65 6e 74 2e 74 61
72 67 65 74 2e 76 61 6c  75 65 29 7d 0a 20 20 20
20 20 20 20 20 20 20 20  20 20 20 20 20 20 20 20
20 20 20 20 20 6f 6e 4b  65 79 44 6f 77 6e 3d 7b
28 65 76 65 6e 74 29 20  3d 3e 20 7b 0a 20 20 20
20 20 20 20 20 20 20 20  20 20 20 20 20 20 20 20
20 20 20 20 20 20 20 20  20 69 66 20 28 65 76 65
6e 74 2e 6b 65 79 20 3d  3d 3d 20 27 45 73 63 61
70 65 27 20 26 26 20 6d  61 6e 61 67 65 51 75 65
72 79 29 20 73 65 74 4d  61 6e 61 67 65 51 75 65
72 79 28 27 27 29 3b 0a  20 20 20 20 20 20 20 20
20 20 20 20 20 20 20 20  20 20 20 20 20 20 20 20
7d 7d 0a 20 20 20 20 20  20 20 20 20 20 20 20 20
20 20 20 20 20 20 20 20  20 20 20 70 6c 61 63 65
68 6f 6c 64 65 72 3d 7b  74 65 78 74 2e 73 65 61
72 63 68 7d 0a 20 20 20  20 20 20 20 20 20 20 20
20 20 20 20 20 20 20 20  20 2f 3e 0a 20 20 20 20
20 20 20 20 20 20 20 20  20 20 20 20 20 20 20 20
7b 6d 61 6e 61 67 65 51  75 65 72 79 20 26 26 20
28 0a 20 20 20 20 20 20  20 20 20 20 20 20 20 20
20 20 20 20 20 20 20 20  20 20 3c 62 75 74 74 6f
6e 20 63 6c 61 73 73 4e  61 6d 65 3d 22 61 70 70
73 2d 73 65 61 72 63 68  2d 63 6c 65 61 72 22 20
74 79 70 65 3d 22 62 75  74 74 6f 6e 22 20 74 69
74 6c 65 3d 7b 74 65 78  74 2e 63 6c 65 61 72 53
65 61 72 63 68 7d 20 61  72 69 61 2d 6c 61 62 65
6c 3d 7b 74 65 78 74 2e  63 6c 65 61 72 53 65 61
72 63 68 7d 20 6f 6e 43  6c 69 63 6b 3d 7b 28 29
20 3d 3e 20 73 65 74 4d  61 6e 61 67 65 51 75 65
72 79 28 27 27 29 7d 3e  0a 20 20 20 20 20 20 20
20 20 20 20 20 20 20 20  20 20 20 20 20 20 20 20
20 20 20 20 20 3c 73 76  67 20 76 69 65 77 42 6f
78 3d 22 30 20 30 20 32  34 20 32 34 22 20 77 69
64 74 68 3d 22 31 34 22  20 68 65 69 67 68 74 3d
22 31 34 22 20 66 69 6c  6c 3d 22 6e 6f 6e 65 22
20 73 74 72 6f 6b 65 3d  22 63 75 72 72 65 6e 74
43 6f 6c 6f 72 22 20 73  74 72 6f 6b 65 57 69 64
74 68 3d 22 32 22 20 73  74 72 6f 6b 65 4c 69 6e
65 63 61 70 3d 22 72 6f  75 6e 64 22 3e 3c 70 61
74 68 20 64 3d 22 4d 31  38 20 36 20 36 20 31 38
4d 36 20 36 6c 31 32 20  31 32 22 20 2f 3e 3c 2f
73 76 67 3e 0a 20 20 20  20 20 20 20 20 20 20 20
20 20 20 20 20 20 20 20  20 20 20 20 20 3c 2f 62
75 74 74 6f 6e 3e 0a 20  20 20 20 20 20 20 20 20
20 20 20 20 20 20 20 20  20 20 20 29 7d 0a 20 20
20 20 20 20 20 20 20 20  20 20 20 20 20 20 3c 2f
64 69 76 3e 0a 20 20 20  20 20 20 20 20 20 20 20
20 20 20 20 20 3c 73 65  6c 65 63 74 20 63 6c 61
73 73 4e 61 6d 65 3d 22  61 70 70 73 2d 6d 61 6e
61 67 65 2d 63 61 74 65  67 6f 72 79 2d 73 65 6c
65 63 74 22 20 76 61 6c  75 65 3d 7b 6d 61 6e 61
67 65 43 61 74 65 67 6f  72 79 7d 20 6f 6e 43 68
61 6e 67 65 3d 7b 28 65  76 65 6e 74 29 20 3d 3e
20 73 65 74 4d 61 6e 61  67 65 43 61 74 65 67 6f
72 79 28 65 76 65 6e 74  2e 74 61 72 67 65 74 2e
76 61 6c 75 65 29 7d 3e  0a 20 20 20 20 20 20 20
20 20 20 20 20 20 20 20  20 20 20 20 20 3c 6f 70
74 69 6f 6e 20 76 61 6c  75 65 3d 22 61 6c 6c 22
3e 7b 74 65 78 74 2e 61  6c 6c 7d 20 28 7b 6d 61
6e 61 67 65 51 75 65 72  79 4d 61 74 63 68 65 64
41 70 70 73 2e 6c 65 6e  67 74 68 7d 29 3c 2f 6f
70 74 69 6f 6e 3e 0a 20  20 20 20 20 20 20 20 20
20 20 20 20 20 20 20 20  20 20 20 7b 6d 61 6e 61
67 65 43 61 74 65 67 6f  72 69 65 73 2e 6d 61 70
28 28 69 74 65 6d 29 20  3d 3e 20 3c 6f 70 74 69
6f 6e 20 6b 65 79 3d 7b  69 74 65 6d 7d 20 76 61
6c 75 65 3d 7b 69 74 65  6d 7d 20 64 69 73 61 62
6c 65 64 3d 7b 21 21 6e  6f 72 6d 61 6c 69 7a 65
64 4d 61 6e 61 67 65 51  75 65 72 79 20 26 26 20
28 6d 61 6e 61 67 65 43  61 74 65 67 6f 72 79 43
6f 75 6e 74 73 2e 67 65  74 28 69 74 65 6d 29 20
7c 7c 20 30 29 20 3d 3d  3d 20 30 7d 3e 7b 63 61
74 65 67 6f 72 79 4f 70  74 69 6f 6e 4c 61 62 65
6c 28 69 74 65 6d 2c 20  6d 61 6e 61 67 65 43 61
74 65 67 6f 72 79 43 6f  75 6e 74 73 29 7d 3c 2f
6f 70 74 69 6f 6e 3e 29  7d 0a 20 20 20 20 20 20
20 20 20 20 20 20 20 20  20 20 3c 2f 73 65 6c 65
63 74 3e 0a 20 20 20 20  20 20 20 20 20 20 20 20
20 20 20 20 3c 62 75 74  74 6f 6e 0a 20 20 20 20
20 20 20 20 20 20 20 20  20 20 20 20 20 20 20 20
63 6c 61 73 73 4e 61 6d  65 3d 22 61 70 70 73 2d
73 65 63 6f 6e 64 61 72  79 2d 62 75 74 74 6f 6e
22 0a 20 20 20 20 20 20  20 20 20 20 20 20 20 20
20 20 20 20 20 20 74 79  70 65 3d 22 62 75 74 74
6f 6e 22 0a 20 20 20 20  20 20 20 20 20 20 20 20
20 20 20 20 20 20 20 20  64 69 73 61 62 6c 65 64
3d 7b 21 6d 61 6e 61 67  65 46 69 6c 74 65 72 41
63 74 69 76 65 7d 0a 20  20 20 20 20 20 20 20 20
20 20 20 20 20 20 20 20  20 20 20 74 69 74 6c 65
3d 7b 74 65 78 74 2e 72  65 73 65 74 46 69 6c 74
65 72 7d 0a 20 20 20 20  20 20 20 20 20 20 20 20
20 20 20 20 20 20 20 20  6f 6e 43 6c 69 63 6b 3d
7b 28 29 20 3d 3e 20 7b  0a 20 20 20 20 20 20 20
20 20 20 20 20 20 20 20  20 20 20 20 20 20 20 20
20 73 65 74 4d 61 6e 61  67 65 51 75 65 72 79 28
27 27 29 3b 0a 20 20 20  20 20 20 20 20 20 20 20
20 20 20 20 20 20 20 20  20 20 20 20 20 73 65 74
4d 61 6e 61 67 65 43 61  74 65 67 6f 72 79 28 27
61 6c 6c 27 29 3b 0a 20  20 20 20 20 20 20 20 20
20 20 20 20 20 20 20 20  20 20 20 7d 7d 0a 20 20
20 20 20 20 20 20 20 20  20 20 20 20 20 20 3e 7b
74 65 78 74 2e 72 65 73  65 74 7d 3c 2f 62 75 74
74 6f 6e 3e 0a 20 20 20  20 20 20 20 20 20 20 20
20 3c 2f 64 69 76 3e 0a  20 20 20 20 20 20 20 20
20 20 20 20 7b 6d 61 6e  61 67 65 46 69 6c 74 65
72 53 75 6d 6d 61 72 79  20 26 26 20 3c 64 69 76
20 63 6c 61 73 73 4e 61  6d 65 3d 22 61 70 70 73
2d 66 69 6c 74 65 72 2d  73 75 6d 6d 61 72 79 20
61 70 70 73 2d 66 69 6c  74 65 72 2d 73 75 6d 6d
61 72 79 2d 2d 6d 61 6e  61 67 65 22 20 61 72 69
61 2d 6c 69 76 65 3d 22  70 6f 6c 69 74 65 22 3e
7b 6d 61 6e 61 67 65 46  69 6c 74 65 72 53 75 6d
6d 61 72 79 7d 3c 2f 64  69 76 3e 7d 0a 20 20 20
20 20 20 20 20 20 20 20  20 7b 6d 61 6e 61 67 65
4d 61 74 63 68 43 6f 75  6e 74 20 3d 3d 3d 20 30
20 26 26 20 3c 64 69 76  20 63 6c 61 73 73 4e 61
6d 65 3d 22 61 70 70 73  2d 65 6d 70 74 79 22 3e
7b 74 65 78 74 2e 6e 6f  41 70 70 73 7d 3c 2f 64
69 76 3e 7d 0a 20 20 20  20 20 20 20 20 20 20 20
20 7b 6d 61 6e 61 67 65  64 41 70 70 73 2e 6d 61
70 28 28 61 70 70 29 20  3d 3e 20 7b 0a 20 20 20
20 20 20 20 20 20 20 20  20 20 20 20 20 63 6f 6e
73 74 20 69 6e 64 65 78  20 3d 20 61 70 70 73 2e
66 69 6e 64 49 6e 64 65  78 28 28 69 74 65 6d 29
20 3d 3e 20 69 74 65 6d  2e 69 64 20 3d 3d 3d 20
61 70 70 2e 69 64 29 3b  0a 20 20 20 20 20 20 20
20 20 20 20 20 20 20 20  20 63 6f 6e 73 74 20 70
69 6e 44 69 73 61 62 6c  65 64 20 3d 20 21 61 70
70 2e 70 69 6e 6e 65 64  20 26 26 20 70 69 6e 6e
65 64 43 6f 75 6e 74 20  3e 3d 20 6d 61 78 50 69
6e 6e 65 64 41 70 70 73  3b 0a 20 20 20 20 20 20
20 20 20 20 20 20 20 20  20 20 63 6f 6e 73 74 20
70 69 6e 54 69 74 6c 65  20 3d 20 61 70 70 2e 70
69 6e 6e 65 64 20 3f 20  74 65 78 74 2e 75 6e 70
69 6e 20 3a 20 70 69 6e  44 69 73 61 62 6c 65 64
20 3f 20 74 65 78 74 2e  70 69 6e 4c 69 6d 69 74
52 65 61 63 68 65 64 20  3a 20 74 65 78 74 2e 70
69 6e 3b 0a 20 20 20 20  20 20 20 20 20 20 20 20
20 20 20 20 63 6f 6e 73  74 20 72 65 6d 6f 76 61
6c 4c 61 62 65 6c 20 3d  20 62 75 69 6c 74 49 6e
41 70 70 49 64 73 2e 68  61 73 28 61 70 70 2e 69
64 29 20 3f 20 74 65 78  74 2e 68 69 64 64 65 6e
20 3a 20 74 65 78 74 2e  72 65 6d 6f 76 65 3b 0a
20 20 20 20 20 20 20 20  20 20 20 20 20 20 20 20
72 65 74 75 72 6e 20 28  0a 20 20 20 20 20 20 20
20 20 20 20 20 20 20 20  20 3c 64 69 76 20 6b 65
79 3d 7b 61 70 70 2e 69  64 7d 20 63 6c 61 73 73
4e 61 6d 65 3d 22 61 70  70 73 2d 6d 61 6e 61 67
65 2d 69 74 65 6d 22 3e  0a 20 20 20 20 20 20 20
20 20 20 20 20 20 20 20  20 20 20 20 20 3c 64 69
76 20 63 6c 61 73 73 4e  61 6d 65 3d 22 61 70 70
73 2d 6d 61 6e 61 67 65  2d 72 6f 77 22 3e 0a 20
20 20 20 20 20 20 20 20  20 20 20 20 20 20 20 20
20 20 20 20 20 20 20 3c  73 70 61 6e 20 63 6c 61
73 73 4e 61 6d 65 3d 22  61 70 70 73 2d 61 70 70
2d 69 63 6f 6e 22 20 73  74 79 6c 65 3d 7b 7b 20
27 2d 2d 61 70 70 73 2d  69 63 6f 6e 2d 63 6f 6c
6f 72 27 3a 20 61 70 70  2e 61 63 63 65 6e 74 20
7d 20 61 73 20 43 53 53  50 72 6f 70 65 72 74 69
65 73 7d 3e 3c 49 63 6f  6e 20 6e 61 6d 65 3d 7b
61 70 70 2e 69 63 6f 6e  7d 20 2f 3e 3c 2f 73 70
61 6e 3e 0a 20 20 20 20  20 20 20 20 20 20 20 20
20 20 20 20 20 20 20 20  20 20 20 20 3c 64 69 76
3e 0a 20 20 20 20 20 20  20 20 20 20 20 20 20 20
20 20 20 20 20 20 20 20  20 20 20 20 20 20 3c 64
69 76 20 63 6c 61 73 73  4e 61 6d 65 3d 22 61 70
70 73 2d 6d 61 6e 61 67  65 2d 72 6f 77 5f 5f 6e
61 6d 65 22 3e 7b 61 70  70 2e 6e 61 6d 65 7d 3c
2f 64 69 76 3e 0a 20 20  20 20 20 20 20 20 20 20
20 20 20 20 20 20 20 20  20 20 20 20 20 20 20 20
20 20 3c 64 69 76 20 63  6c 61 73 73 4e 61 6d 65
3d 22 61 70 70 73 2d 6d  61 6e 61 67 65 2d 72 6f
77 5f 5f 64 65 73 63 22  3e 7b 61 70 70 2e 63 61
74 65 67 6f 72 79 7d 20  c2 b7 20 7b 73 6f 75 72
63 65 4c 61 62 65 6c 73  5b 61 70 70 2e 73 6f 75
72 63 65 5d 5b 69 73 5a  68 28 6c 61 6e 67 29 20
3f 20 27 7a 68 27 20 3a  20 27 65 6e 27 5d 7d 3c
2f 64 69 76 3e 0a 20 20  20 20 20 20 20 20 20 20
20 20 20 20 20 20 20 20  20 20 20 20 20 20 3c 2f
64 69 76 3e 0a 20 20 20  20 20 20 20 20 20 20 20
20 20 20 20 20 20 20 20  20 20 20 20 20 3c 64 69
76 20 63 6c 61 73 73 4e  61 6d 65 3d 22 61 70 70
73 2d 6d 61 6e 61 67 65  2d 61 63 74 69 6f 6e 73
22 3e 0a 20 20 20 20 20  20 20 20 20 20 20 20 20
20 20 20 20 20 20 20 20  20 20 20 20 20 20 20 3c
62 75 74 74 6f 6e 20 63  6c 61 73 73 4e 61 6d 65
3d 22 61 70 70 73 2d 69  63 6f 6e 2d 62 75 74 74
6f 6e 22 20 74 79 70 65  3d 22 62 75 74 74 6f 6e
22 20 64 69 73 61 62 6c  65 64 3d 7b 6d 61 6e 61
67 65 46 69 6c 74 65 72  41 63 74 69 76 65 20 7c
7c 20 69 6e 64 65 78 20  3d 3d 3d 20 30 7d 20 74
69 74 6c 65 3d 7b 6d 61  6e 61 67 65 46 69 6c 74
65 72 41 63 74 69 76 65  20 3f 20 74 65 78 74 2e
63 6c 65 61 72 46 69 6c  74 65 72 54 6f 53 6f 72
74 20 3a 20 74 65 78 74  2e 6d 6f 76 65 54 6f 70
7d 20 6f 6e 43 6c 69 63  6b 3d 7b 28 29 20 3d 3e
20 6f 6e 4d 6f 76 65 41  70 70 28 61 70 70 2e 69
64 2c 20 27 74 6f 70 27  29 7d 3e e2 87 3f 2f 62
75 74 74 6f 6e 3e 0a 20  20 20 20 20 20 20 20 20
20 20 20 20 20 20 20 20  20 20 20 20 20 20 20 20
20 20 20 3c 62 75 74 74  6f 6e 20 63 6c 61 73 73
4e 61 6d 65 3d 22 61 70  70 73 2d 69 63 6f 6e 2d
62 75 74 74 6f 6e 22 20  74 79 70 65 3d 22 62 75
74 74 6f 6e 22 20 64 69  73 61 62 6c 65 64 3d 7b
6d 61 6e 61 67 65 46 69  6c 74 65 72 41 63 74 69
76 65 20 7c 7c 20 69 6e  64 65 78 20 3d 3d 3d 20
30 7d 20 74 69 74 6c 65  3d 7b 6d 61 6e 61 67 65
46 69 6c 74 65 72 41 63  74 69 76 65 20 3f 20 74
65 78 74 2e 63 6c 65 61  72 46 69 6c 74 65 72 54
6f 53 6f 72 74 20 3a 20  74 65 78 74 2e 6d 6f 76
65 55 70 7d 20 6f 6e 43  6c 69 63 6b 3d 7b 28 29
20 3d 3e 20 6f 6e 4d 6f  76 65 41 70 70 28 61 70
70 2e 69 64 2c 20 2d 31  29 7d 3e e2 86 3f 2f 62
75 74 74 6f 6e 3e 0a 20  20 20 20 20 20 20 20 20
20 20 20 20 20 20 20 20  20 20 20 20 20 20 20 20
20 20 20 3c 62 75 74 74  6f 6e 20 63 6c 61 73 73
4e 61 6d 65 3d 22 61 70  70 73 2d 69 63 6f 6e 2d
62 75 74 74 6f 6e 22 20  74 79 70 65 3d 22 62 75
74 74 6f 6e 22 20 64 69  73 61 62 6c 65 64 3d 7b
6d 61 6e 61 67 65 46 69  6c 74 65 72 41 63 74 69
76 65 20 7c 7c 20 69 6e  64 65 78 20 3d 3d 3d 20
61 70 70 73 2e 6c 65 6e  67 74 68 20 2d 20 31 7d
20 74 69 74 6c 65 3d 7b  6d 61 6e 61 67 65 46 69
6c 74 65 72 41 63 74 69  76 65 20 3f 20 74 65 78
74 2e 63 6c 65 61 72 46  69 6c 74 65 72 54 6f 53
6f 72 74 20 3a 20 74 65  78 74 2e 6d 6f 76 65 44
6f 77 6e 7d 20 6f 6e 43  6c 69 63 6b 3d 7b 28 29
20 3d 3e 20 6f 6e 4d 6f  76 65 41 70 70 28 61 70
70 2e 69 64 2c 20 31 29  7d 3e e2 86 3f 2f 62 75
74 74 6f 6e 3e 0a 20 20  20 20 20 20 20 20 20 20
20 20 20 20 20 20 20 20  20 20 20 20 20 20 20 20
20 20 3c 62 75 74 74 6f  6e 20 63 6c 61 73 73 4e
61 6d 65 3d 22 61 70 70  73 2d 69 63 6f 6e 2d 62
75 74 74 6f 6e 22 20 74  79 70 65 3d 22 62 75 74
74 6f 6e 22 20 64 69 73  61 62 6c 65 64 3d 7b 6d
61 6e 61 67 65 46 69 6c  74 65 72 41 63 74 69 76
65 20 7c 7c 20 69 6e 64  65 78 20 3d 3d 3d 20 61
70 70 73 2e 6c 65 6e 67  74 68 20 2d 20 31 7d 20
74 69 74 6c 65 3d 7b 6d  61 6e 61 67 65 46 69 6c
74 65 72 41 63 74 69 76  65 20 3f 20 74 65 78 74
2e 63 6c 65 61 72 46 69  6c 74 65 72 54 6f 53 6f
72 74 20 3a 20 74 65 78  74 2e 6d 6f 76 65 42 6f
74 74 6f 6d 7d 20 6f 6e  43 6c 69 63 6b 3d 7b 28
29 20 3d 3e 20 6f 6e 4d  6f 76 65 41 70 70 28 61
70 70 2e 69 64 2c 20 27  62 6f 74 74 6f 6d 27 29
7d 3e e2 87 3f 2f 62 75  74 74 6f 6e 3e 0a 20 20
20 20 20 20 20 20 20 20  20 20 20 20 20 20 20 20
20 20 20 20 20 20 20 20  20 20 3c 62 75 74 74 6f
6e 20 63 6c 61 73 73 4e  61 6d 65 3d 22 61 70 70
73 2d 73 65 63 6f 6e 64  61 72 79 2d 62 75 74 74
6f 6e 22 20 74 79 70 65  3d 22 62 75 74 74 6f 6e
22 20 74 69 74 6c 65 3d  7b 74 65 78 74 2e 65 64
69 74 7d 20 6f 6e 43 6c  69 63 6b 3d 7b 28 29 20
3d 3e 20 65 64 69 74 69  6e 67 41 70 70 49 64 20
3d 3d 3d 20 61 70 70 2e  69 64 20 3f 20 63 61 6e
63 65 6c 45 64 69 74 28  29 20 3a 20 73 74 61 72
74 45 64 69 74 28 61 70  70 29 7d 3e 7b 74 65 78
74 2e 65 64 69 74 7d 3c  2f 62 75 74 74 6f 6e 3e
0a 20 20 20 20 20 20 20  20 20 20 20 20 20 20 20
20 20 20 20 20 20 20 20  20 20 20 20 20 3c 62 75
74 74 6f 6e 20 63 6c 61  73 73 4e 61 6d 65 3d 22
61 70 70 73 2d 73 65 63  6f 6e 64 61 72 79 2d 62
75 74 74 6f 6e 22 20 74  79 70 65 3d 22 62 75 74
74 6f 6e 22 20 74 69 74  6c 65 3d 7b 74 65 78 74
2e 64 75 70 6c 69 63 61  74 65 7d 20 6f 6e 43 6c
69 63 6b 3d 7b 28 29 20  3d 3e 20 6f 6e 44 75 70
6c 69 63 61 74 65 41 70  70 28 61 70 70 2e 69 64
29 7d 3e 7b 74 65 78 74  2e 63 6f 70 79 7d 3c 2f
62 75 74 74 6f 6e 3e 0a  20 20 20 20 20 20 20 20
20 20 20 20 20 20 20 20  20 20 20 20 20 20 20 20
20 20 20 20 3c 62 75 74  74 6f 6e 20 63 6c 61 73
73 4e 61 6d 65 3d 22 61  70 70 73 2d 73 65 63 6f
6e 64 61 72 79 2d 62 75  74 74 6f 6e 22 20 74 79
70 65 3d 22 62 75 74 74  6f 6e 22 20 74 69 74 6c
65 3d 7b 74 65 78 74 2e  6d 61 6e 69 66 65 73 74
7d 20 6f 6e 43 6c 69 63  6b 3d 7b 28 29 20 3d 3e
20 73 65 74 4d 61 6e 69  66 65 73 74 41 70 70 49
64 28 28 63 75 72 72 65  6e 74 29 20 3d 3e 20 63
75 72 72 65 6e 74 20 3d  3d 3d 20 61 70 70 2e 69
64 20 3f 20 27 27 20 3a  20 61 70 70 2e 69 64 29
7d 3e 7b 74 65 78 74 2e  6d 61 6e 69 66 65 73 74
7d 3c 2f 62 75 74 74 6f  6e 3e 0a 20 20 20 20 20
20 20 20 20 20 20 20 20  20 20 20 20 20 20 20 20
20 20 20 20 20 20 20 3c  62 75 74 74 6f 6e 20 63
6c 61 73 73 4e 61 6d 65  3d 22 61 70 70 73 2d 73
65 63 6f 6e 64 61 72 79  2d 62 75 74 74 6f 6e 22
20 74 79 70 65 3d 22 62  75 74 74 6f 6e 22 20 64
69 73 61 62 6c 65 64 3d  7b 70 69 6e 44 69 73 61
62 6c 65 64 7d 20 74 69  74 6c 65 3d 7b 70 69 6e
54 69 74 6c 65 7d 20 6f  6e 43 6c 69 63 6b 3d 7b
28 29 20 3d 3e 20 6f 6e  54 6f 67 67 6c 65 50 69
6e 28 61 70 70 2e 69 64  29 7d 3e 7b 61 70 70 2e
70 69 6e 6e 65 64 20 3f  20 74 65 78 74 2e 75 6e
70 69 6e 20 3a 20 74 65  78 74 2e 70 69 6e 7d 3c
2f 62 75 74 74 6f 6e 3e  0a 20 20 20 20 20 20 20
20 20 20 20 20 20 20 20  20 20 20 20 20 20 20 20
20 20 20 20 20 3c 62 75  74 74 6f 6e 20 63 6c 61
73 73 4e 61 6d 65 3d 22  61 70 70 73 2d 73 65 63
6f 6e 64 61 72 79 2d 62  75 74 74 6f 6e 22 20 74
79 70 65 3d 22 62 75 74  74 6f 6e 22 20 74 69 74
6c 65 3d 7b 72 65 6d 6f  76 61 6c 4c 61 62 65 6c
7d 20 6f 6e 43 6c 69 63  6b 3d 7b 28 29 20 3d 3e
20 6f 6e 52 65 6d 6f 76  65 41 70 70 28 61 70 70
2e 69 64 29 7d 3e 7b 72  65 6d 6f 76 61 6c 4c 61
62 65 6c 7d 3c 2f 62 75  74 74 6f 6e 3e 0a 20 20
20 20 20 20 20 20 20 20  20 20 20 20 20 20 20 20
20 20 20 20 20 20 3c 2f  64 69 76 3e 0a 20 20 20
20 20 20 20 20 20 20 20  20 20 20 20 20 20 20 20
20 3c 2f 64 69 76 3e 0a  20 20 20 20 20 20 20 20
20 20 20 20 20 20 20 20  20 20 20 20 7b 65 64 69
74 69 6e 67 41 70 70 49  64 20 3d 3d 3d 20 61 70
70 2e 69 64 20 26 26 20  28 0a 20 20 20 20 20 20
20 20 20 20 20 20 20 20  20 20 20 20 20 20 20 20
20 20 3c 64 69 76 20 63  6c 61 73 73 4e 61 6d 65
3d 22 61 70 70 73 2d 6d  61 6e 61 67 65 2d 65 64
69 74 22 3e 0a 20 20 20  20 20 20 20 20 20 20 20
20 20 20 20 20 20 20 20  20 20 20 20 20 20 20 20
20 3c 64 69 76 20 63 6c  61 73 73 4e 61 6d 65 3d
22 61 70 70 73 2d 66 6f  72 6d 2d 72 6f 77 22 3e
0a 20 20 20 20 20 20 20  20 20 20 20 20 20 20 20
20 20 20 20 20 20 20 20  20 20 20 20 20 20 20 20
20 3c 6c 61 62 65 6c 3e  7b 69 73 5a 68 28 6c 61
6e 67 29 20 3f 20 27 5c  75 35 34 30 64 5c 75 37
39 66 30 27 20 3a 20 27  4e 61 6d 65 27 7d 3c 2f
6c 61 62 65 6c 3e 0a 20  20 20 20 20 20 20 20 20
20 20 20 20 20 20 20 20  20 20 20 20 20 20 20 20
20 20 20 20 20 20 20 3c  69 6e 70 75 74 20 76 61
6c 75 65 3d 7b 65 64 69  74 44 72 61 66 74 2e 6e
61 6d 65 7d 20 6f 6e 43  68 61 6e 67 65 3d 7b 28
65 76 65 6e 74 29 20 3d  3e 20 73 65 74 45 64 69
74 44 72 61 66 74 28 28  63 75 72 72 65 6e 74 29
20 3d 3e 20 28 7b 20 2e  2e 2e 63 75 72 72 65 6e
74 2c 20 6e 61 6d 65 3a  20 65 76 65 6e 74 2e 74
61 72 67 65 74 2e 76 61  6c 75 65 20 7d 29 29 7d
20 2f 3e 0a 20 20 20 20  20 20 20 20 20 20 20 20
20 20 20 20 20 20 20 20  20 20 20 20 20 20 20 20
3c 2f 64 69 76 3e 0a 20  20 20 20 20 20 20 20 20
20 20 20 20 20 20 20 20  20 20 20 20 20 20 20 20
20 20 20 3c 64 69 76 20  63 6c 61 73 73 4e 61 6d
65 3d 22 61 70 70 73 2d  66 6f 72 6d 2d 72 6f 77
22 3e 0a 20 20 20 20 20  20 20 20 20 20 20 20 20
20 20 20 20 20 20 20 20  20 20 20 20 20 20 20 20
20 20 20 3c 6c 61 62 65  6c 3e 7b 74 65 78 74 2e
63 61 74 65 67 6f 72 79  7d 3c 2f 6c 61 62 65 6c
3e 0a 20 20 20 20 20 20  20 20 20 20 20 20 20 20
20 20 20 20 20 20 20 20  20 20 20 20 20 20 20 20
20 20 3c 69 6e 70 75 74  20 76 61 6c 75 65 3d 7b
65 64 69 74 44 72 61 66  74 2e 63 61 74 65 67 6f
72 79 7d 20 6f 6e 43 68  61 6e 67 65 3d 7b 28 65
76 65 6e 74 29 20 3d 3e  20 73 65 74 45 64 69 74
44 72 61 66 74 28 28 63  75 72 72 65 6e 74 29 20
3d 3e 20 28 7b 20 2e 2e  2e 63 75 72 72 65 6e 74
2c 20 63 61 74 65 67 6f  72 79 3a 20 65 76 65 6e
74 2e 74 61 72 67 65 74  2e 76 61 6c 75 65 20 7d
29 29 7d 20 2f 3e 0a 20  20 20 20 20 20 20 20 20
20 20 20 20 20 20 20 20  20 20 20 20 20 20 20 20
20 20 20 3c 2f 64 69 76  3e 0a 20 20 20 20 20 20
20 20 20 20 20 20 20 20  20 20 20 20 20 20 20 20
20 20 20 20 20 20 3c 64  69 76 20 63 6c 61 73 73
4e 61 6d 65 3d 22 61 70  70 73 2d 66 6f 72 6d 2d
72 6f 77 22 3e 0a 20 20  20 20 20 20 20 20 20 20
20 20 20 20 20 20 20 20  20 20 20 20 20 20 20 20
20 20 20 20 20 20 3c 6c  61 62 65 6c 3e 7b 69 73
5a 68 28 6c 61 6e 67 29  20 3f 20 27 5c 75 35 36
66 65 5c 75 36 38 30 37  27 20 3a 20 27 49 63 6f
6e 27 7d 3c 2f 6c 61 62  65 6c 3e 0a 20 20 20 20
20 20 20 20 20 20 20 20  20 20 20 20 20 20 20 20
20 20 20 20 20 20 20 20  20 20 20 20 3c 64 69 76
20 63 6c 61 73 73 4e 61  6d 65 3d 22 61 70 70 73
2d 69 63 6f 6e 2d 70 69  63 6b 65 72 22 20 72 6f
6c 65 3d 22 67 72 6f 75  70 22 20 61 72 69 61 2d
6c 61 62 65 6c 3d 7b 69  73 5a 68 28 6c 61 6e 67
29 20 3f 20 27 5c 75 35  36 66 65 5c 75 36 38 30
37 27 20 3a 20 27 49 63  6f 6e 27 7d 3e 0a 20 20
20 20 20 20 20 20 20 20  20 20 20 20 20 20 20 20
20 20 20 20 20 20 20 20  20 20 20 20 20 20 20 20
20 20 7b 61 70 70 49 63  6f 6e 4e 61 6d 65 73 2e
6d 61 70 28 28 69 74 65  6d 29 20 3d 3e 20 7b 0a
20 20 20 20 20 20 20 20  20 20 20 20 20 20 20 20
20 20 20 20 20 20 20 20  20 20 20 20 20 20 20 20
20 20 20 20 20 20 20 20  63 6f 6e 73 74 20 6c 61
62 65 6c 20 3d 20 61 70  70 49 63 6f 6e 4c 61 62
65 6c 28 69 74 65 6d 2c  20 6c 61 6e 67 29 3b 0a
20 20 20 20 20 20 20 20  20 20 20 20 20 20 20 20
20 20 20 20 20 20 20 20  20 20 20 20 20 20 20 20
20 20 20 20 20 20 20 20  72 65 74 75 72 6e 20 28
0a 20 20 20 20 20 20 20  20 20 20 20 20 20 20 20
20 20 20 20 20 20 20 20  20 20 20 20 20 20 20 20
20 20 20 20 20 20 20 20  20 20 20 20 20 3c 62 75
74 74 6f 6e 0a 20 20 20  20 20 20 20 20 20 20 20
20 20 20 20 20 20 20 20  20 20 20 20 20 20 20 20
20 20 20 20 20 20 20 20  20 20 20 20 20 20 20 20
20 20 20 20 20 6b 65 79  3d 7b 69 74 65 6d 7d 0a
20 20 20 20 20 20 20 20  20 20 20 20 20 20 20 20
20 20 20 20 20 20 20 20  20 20 20 20 20 20 20 20
20 20 20 20 20 20 20 20  20 20 20 20 20 20 20 20
63 6c 61 73 73 4e 61 6d  65 3d 7b 60 61 70 70 73
2d 69 63 6f 6e 2d 63 68  6f 69 63 65 20 24 7b 65
64 69 74 44 72 61 66 74  2e 69 63 6f 6e 20 3d 3d
3d 20 69 74 65 6d 20 3f  20 27 69 73 2d 61 63 74
69 76 65 27 20 3a 20 27  27 7d 60 7d 0a 20 20 20
20 20 20 20 20 20 20 20  20 20 20 20 20 20 20 20
20 20 20 20 20 20 20 20  20 20 20 20 20 20 20 20
20 20 20 20 20 20 20 20  20 20 20 20 20 74 79 70
65 3d 22 62 75 74 74 6f  6e 22 0a 20 20 20 20 20
20 20 20 20 20 20 20 20  20 20 20 20 20 20 20 20
20 20 20 20 20 20 20 20  20 20 20 20 20 20 20 20
20 20 20 20 20 20 20 20  20 20 20 74 69 74 6c 65
3d 7b 6c 61 62 65 6c 7d  0a 20 20 20 20 20 20 20
20 20 20 20 20 20 20 20  20 20 20 20 20 20 20 20
20 20 20 20 20 20 20 20  20 20 20 20 20 20 20 20
20 20 20 20 20 20 20 20  20 61 72 69 61 2d 6c 61
62 65 6c 3d 7b 6c 61 62  65 6c 7d 0a 20 20 20 20
20 20 20 20 20 20 20 20  20 20 20 20 20 20 20 20
20 20 20 20 20 20 20 20  20 20 20 20 20 20 20 20
20 20 20 20 20 20 20 20  20 20 20 20 61 72 69 61
2d 70 72 65 73 73 65 64  3d 7b 65 64 69 74 44 72
61 66 74 2e 69 63 6f 6e  20 3d 3d 3d 20 69 74 65
6d 7d 0a 20 20 20 20 20  20 20 20 20 20 20 20 20
20 20 20 20 20 20 20 20  20 20 20 20 20 20 20 20
20 20 20 20 20 20 20 20  20 20 20 20 20 20 20 20
20 20 20 6f 6e 43 6c 69  63 6b 3d 7b 28 29 20 3d
3e 20 73 65 74 45 64 69  74 44 72 61 66 74 28 28
63 75 72 72 65 6e 74 29  20 3d 3e 20 28 7b 20 2e
2e 2e 63 75 72 72 65 6e  74 2c 20 69 63 6f 6e 3a
20 69 74 65 6d 20 7d 29  29 7d 0a 20 20 20 20 20
20 20 20 20 20 20 20 20  20 20 20 20 20 20 20 20
20 20 20 20 20 20 20 20  20 20 20 20 20 20 20 20
20 20 20 20 20 20 20 3e  0a 20 20 20 20 20 20 20
20 20 20 20 20 20 20 20  20 20 20 20 20 20 20 20
20 20 20 20 20 20 20 20  20 20 20 20 20 20 20 20
20 20 20 20 20 20 20 20  20 3c 49 63 6f 6e 20 6e
61 6d 65 3d 7b 69 74 65  6d 7d 20 2f 3e 0a 20 20
20 20 20 20 20 20 20 20  20 20 20 20 20 20 20 20
20 20 20 20 20 20 20 20  20 20 20 20 20 20 20 20
20 20 20 20 20 20 20 20  20 20 3c 2f 62 75 74 74
6f 6e 3e 0a 20 20 20 20  20 20 20 20 20 20 20 20
20 20 20 20 20 20 20 20  20 20 20 20 20 20 20 20
20 20 20 20 20 20 20 20  20 20 20 20 29 3b 0a 20
20 20 20 20 20 20 20 20  20 20 20 20 20 20 20 20
20 20 20 20 20 20 20 20  20 20 20 20 20 20 20 20
20 20 20 7d 29 7d 0a 20  20 20 20 20 20 20 20 20
20 20 20 20 20 20 20 20  20 20 20 20 20 20 20 20
20 20 20 20 20 20 20 3c  2f 64 69 76 3e 0a 20 20
20 20 20 20 20 20 20 20  20 20 20 20 20 20 20 20
20 20 20 20 20 20 20 20  20 20 3c 2f 64 69 76 3e
0a 20 20 20 20 20 20 20  20 20 20 20 20 20 20 20
20 20 20 20 20 20 20 20  20 20 20 20 20 3c 64 69
76 20 63 6c 61 73 73 4e  61 6d 65 3d 22 61 70 70
73 2d 66 6f 72 6d 2d 72  6f 77 22 3e 0a 20 20 20
20 20 20 20 20 20 20 20  20 20 20 20 20 20 20 20
20 20 20 20 20 20 20 20  20 20 20 20 20 3c 6c 61
62 65 6c 3e 7b 74 65 78  74 2e 61 70 70 43 6f 6c
6f 72 7d 3c 2f 6c 61 62  65 6c 3e 0a 20 20 20 20
20 20 20 20 20 20 20 20  20 20 20 20 20 20 20 20
20 20 20 20 20 20 20 20  20 20 20 20 3c 41 70 70
41 63 63 65 6e 74 50 69  63 6b 65 72 20 76 61 6c
75 65 3d 7b 65 64 69 74  44 72 61 66 74 2e 61 63
63 65 6e 74 7d 20 6c 61  6e 67 3d 7b 6c 61 6e 67
7d 20 6f 6e 43 68 61 6e  67 65 3d 7b 28 61 63 63
65 6e 74 29 20 3d 3e 20  73 65 74 45 64 69 74 44
72 61 66 74 28 28 63 75  72 72 65 6e 74 29 20 3d
3e 20 28 7b 20 2e 2e 2e  63 75 72 72 65 6e 74 2c
20 61 63 63 65 6e 74 20  7d 29 29 7d 20 2f 3e 0a
20 20 20 20 20 20 20 20  20 20 20 20 20 20 20 20
20 20 20 20 20 20 20 20  20 20 20 20 3c 2f 64 69
76 3e 0a 20 20 20 20 20  20 20 20 20 20 20 20 20
20 20 20 20 20 20 20 20  20 20 20 20 20 20 20 3c
64 69 76 20 63 6c 61 73  73 4e 61 6d 65 3d 22 61
70 70 73 2d 66 6f 72 6d  2d 72 6f 77 22 3e 0a 20
20 20 20 20 20 20 20 20  20 20 20 20 20 20 20 20
20 20 20 20 20 20 20 20  20 20 20 20 20 20 20 3c
6c 61 62 65 6c 3e 7b 69  73 5a 68 28 6c 61 6e 67
29 20 3f 20 27 5c 75 36  33 63 66 5c 75 38 66 66
30 27 20 3a 20 27 44 65  73 63 72 69 70 74 69 6f
6e 27 7d 3c 2f 6c 61 62  65 6c 3e 0a 20 20 20 20
20 20 20 20 20 20 20 20  20 20 20 20 20 20 20 20
20 20 20 20 20 20 20 20  20 20 20 20 3c 74 65 78
74 61 72 65 61 20 76 61  6c 75 65 3d 7b 65 64 69
74 44 72 61 66 74 2e 64  65 73 63 72 69 70 74 69
6f 6e 7d 20 6f 6e 43 68  61 6e 67 65 3d 7b 28 65
76 65 6e 74 29 20 3d 3e  20 73 65 74 45 64 69 74
44 72 61 66 74 28 28 63  75 72 72 65 6e 74 29 20
3d 3e 20 28 7b 20 2e 2e  2e 63 75 72 72 65 6e 74
2c 20 64 65 73 63 72 69  70 74 69 6f 6e 3a 20 65
76 65 6e 74 2e 74 61 72  67 65 74 2e 76 61 6c 75
65 20 7d 29 29 7d 20 2f  3e 0a 20 20 20 20 20 20
20 20 20 20 20 20 20 20  20 20 20 20 20 20 20 20
20 20 20 20 20 20 3c 2f  64 69 76 3e 0a 20 20 20
20 20 20 20 20 20 20 20  20 20 20 20 20 20 20 20
20 20 20 20 20 20 20 20  20 7b 61 70 70 2e 6b 69
6e 64 20 3d 3d 3d 20 27  74 6f 6f 6c 5f 61 70 70
27 20 26 26 20 28 0a 20  20 20 20 20 20 20 20 20
20 20 20 20 20 20 20 20  20 20 20 20 20 20 20 20
20 20 20 20 20 20 20 3c  3e 0a 20 20 20 20 20 20
20 20 20 20 20 20 20 20  20 20 20 20 20 20 20 20
20 20 20 20 20 20 20 20  20 20 20 20 20 20 3c 64
69 76 20 63 6c 61 73 73  4e 61 6d 65 3d 22 61 70
70 73 2d 66 6f 72 6d 2d  72 6f 77 22 3e 0a 20 20
20 20 20 20 20 20 20 20  20 20 20 20 20 20 20 20
20 20 20 20 20 20 20 20  20 20 20 20 20 20 20 20
20 20 20 20 20 20 3c 6c  61 62 65 6c 3e 7b 69 73
5a 68 28 6c 61 6e 67 29  20 3f 20 27 5c 75 38 66
39 33 5c 75 35 31 36 35  5c 75 36 61 32 31 5c 75
35 66 30 66 27 20 3a 20  27 49 6e 70 75 74 20 6d
6f 64 65 27 7d 3c 2f 6c  61 62 65 6c 3e 0a 20 20
20 20 20 20 20 20 20 20  20 20 20 20 20 20 20 20
20 20 20 20 20 20 20 20  20 20 20 20 20 20 20 20
20 20 20 20 20 20 3c 73  65 6c 65 63 74 20 76 61
6c 75 65 3d 7b 65 64 69  74 44 72 61 66 74 2e 69
6e 70 75 74 4d 6f 64 65  7d 20 6f 6e 43 68 61 6e
67 65 3d 7b 28 65 76 65  6e 74 29 20 3d 3e 20 73
65 74 45 64 69 74 44 72  61 66 74 28 28 63 75 72
72 65 6e 74 29 20 3d 3e  20 28 7b 20 2e 2e 2e 63
75 72 72 65 6e 74 2c 20  69 6e 70 75 74 4d 6f 64
65 3a 20 65 76 65 6e 74  2e 74 61 72 67 65 74 2e
76 61 6c 75 65 20 61 73  20 53 6b 69 6c 6c 49 6e
70 75 74 4d 6f 64 65 2c  20 6d 75 6c 74 69 70 6c
65 46 69 6c 65 73 3a 20  65 76 65 6e 74 2e 74 61
72 67 65 74 2e 76 61 6c  75 65 20 3d 3d 3d 20 27
66 6f 72 6d 27 20 3f 20  66 61 6c 73 65 20 3a 20
63 75 72 72 65 6e 74 2e  6d 75 6c 74 69 70 6c 65
46 69 6c 65 73 20 7d 29  29 7d 3e 0a 20 20 20 20
20 20 20 20 20 20 20 20  20 20 20 20 20 20 20 20
20 20 20 20 20 20 20 20  20 20 20 20 20 20 20 20
20 20 20 20 20 20 20 20  3c 6f 70 74 69 6f 6e 20
76 61 6c 75 65 3d 22 66  69 6c 65 22 3e 7b 69 73
5a 68 28 6c 61 6e 67 29  20 3f 20 27 5c 75 36 35
38 37 5c 75 34 65 66 36  5c 75 34 65 30 61 5c 75
34 66 32 30 27 20 3a 20  27 46 69 6c 65 20 75 70
6c 6f 61 64 27 7d 3c 2f  6f 70 74 69 6f 6e 3e 0a
20 20 20 20 20 20 20 20  20 20 20 20 20 20 20 20
20 20 20 20 20 20 20 20  20 20 20 20 20 20 20 20
20 20 20 20 20 20 20 20  20 20 20 20 3c 6f 70 74
69 6f 6e 20 76 61 6c 75  65 3d 22 66 6f 72 6d 22
3e 7b 69 73 5a 68 28 6c  61 6e 67 29 20 3f 20 27
5c 75 38 38 36 38 5c 75  35 33 35 35 5c 75 35 33
63 32 5c 75 36 35 37 30  27 20 3a 20 27 46 6f 72
6d 20 70 61 72 61 6d 65  74 65 72 73 27 7d 3c 2f
6f 70 74 69 6f 6e 3e 0a  20 20 20 20 20 20 20 20
20 20 20 20 20 20 20 20  20 20 20 20 20 20 20 20
20 20 20 20 20 20 20 20  20 20 20 20 20 20 20 20
20 20 20 20 3c 6f 70 74  69 6f 6e 20 76 61 6c 75
65 3d 22 6d 69 78 65 64  22 3e 7b 69 73 5a 68 28
6c 61 6e 67 29 20 3f 20  27 5c 75 36 35 38 37 5c
75 34 65 66 36 20 2b 20  5c 75 38 38 36 38 5c 75
35 33 35 35 27 20 3a 20  27 46 69 6c 65 20 2b 20
66 6f 72 6d 27 7d 3c 2f  6f 70 74 69 6f 6e 3e 0a
20 20 20 20 20 20 20 20  20 20 20 20 20 20 20 20
20 20 20 20 20 20 20 20  20 20 20 20 20 20 20 20
20 20 20 20 20 20 20 20  3c 2f 73 65 6c 65 63 74
3e 0a 20 20 20 20 20 20  20 20 20 20 20 20 20 20
20 20 20 20 20 20 20 20  20 20 20 20 20 20 20 20
20 20 20 20 20 20 3c 2f  64 69 76 3e 0a 20 20 20
20 20 20 20 20 20 20 20  20 20 20 20 20 20 20 20
20 20 20 20 20 20 20 20  20 20 20 20 20 20 20 20
20 7b 65 64 69 74 44 72  61 66 74 2e 69 6e 70 75
74 4d 6f 64 65 20 21 3d  3d 20 27 66 6f 72 6d 27
20 26 26 20 28 0a 20 20  20 20 20 20 20 20 20 20
20 20 20 20 20 20 20 20  20 20 20 20 20 20 20 20
20 20 20 20 20 20 20 20  20 20 20 20 20 20 3c 64
69 76 20 63 6c 61 73 73  4e 61 6d 65 3d 22 61 70
70 73 2d 66 6f 72 6d 2d  72 6f 77 22 3e 0a 20 20
20 20 20 20 20 20 20 20  20 20 20 20 20 20 20 20
20 20 20 20 20 20 20 20  20 20 20 20 20 20 20 20
20 20 20 20 20 20 20 20  20 20 3c 6c 61 62 65 6c
3e 7b 69 73 5a 68 28 6c  61 6e 67 29 20 3f 20 27
5c 75 35 39 31 61 5c 75  36 35 38 37 5c 75 34 65
66 36 27 20 3a 20 27 4d  75 6c 74 69 70 6c 65 20
66 69 6c 65 73 27 7d 3c  2f 6c 61 62 65 6c 3e 0a
20 20 20 20 20 20 20 20  20 20 20 20 20 20 20 20
20 20 20 20 20 20 20 20  20 20 20 20 20 20 20 20
20 20 20 20 20 20 20 20  20 20 20 20 3c 6c 61 62
65 6c 20 63 6c 61 73 73  4e 61 6d 65 3d 22 61 70
70 73 2d 63 68 65 63 6b  62 6f 78 2d 66 69 65 6c
64 22 3e 0a 20 20 20 20  20 20 20 20 20 20 20 20
20 20 20 20 20 20 20 20  20 20 20 20 20 20 20 20
20 20 20 20 20 20 20 20  20 20 20 20 20 20 20 20
20 20 20 20 3c 69 6e 70  75 74 20 74 79 70 65 3d
22 63 68 65 63 6b 62 6f  78 22 20 63 68 65 63 6b
65 64 3d 7b 65 64 69 74  44 72 61 66 74 2e 6d 75
6c 74 69 70 6c 65 46 69  6c 65 73 7d 20 6f 6e 43
68 61 6e 67 65 3d 7b 28  65 76 65 6e 74 29 20 3d
3e 20 73 65 74 45 64 69  74 44 72 61 66 74 28 28
63 75 72 72 65 6e 74 29  20 3d 3e 20 28 7b 20 2e
2e 2e 63 75 72 72 65 6e  74 2c 20 6d 75 6c 74 69
70 6c 65 46 69 6c 65 73  3a 20 65 76 65 6e 74 2e
74 61 72 67 65 74 2e 63  68 65 63 6b 65 64 20 7d
29 29 7d 20 2f 3e 0a 20  20 20 20 20 20 20 20 20
20 20 20 20 20 20 20 20  20 20 20 20 20 20 20 20
20 20 20 20 20 20 20 20  20 20 20 20 20 20 20 20
20 20 20 20 20 20 20 3c  73 70 61 6e 3e 7b 69 73
5a 68 28 6c 61 6e 67 29  20 3f 20 27 5c 75 35 31
34 31 5c 75 38 62 62 38  5c 75 34 65 30 30 5c 75
36 62 32 31 5c 75 39 30  30 39 5c 75 36 32 65 39
5c 75 35 39 31 61 5c 75  34 65 32 61 5c 75 36 35
38 37 5c 75 34 65 66 36  27 20 3a 20 27 41 6c 6c
6f 77 20 73 65 6c 65 63  74 69 6e 67 20 73 65 76
65 72 61 6c 20 66 69 6c  65 73 27 7d 3c 2f 73 70
61 6e 3e 0a 20 20 20 20  20 20 20 20 20 20 20 20
20 20 20 20 20 20 20 20  20 20 20 20 20 20 20 20
20 20 20 20 20 20 20 20  20 20 20 20 20 20 20 20
3c 2f 6c 61 62 65 6c 3e  0a 20 20 20 20 20 20 20
20 20 20 20 20 20 20 20  20 20 20 20 20 20 20 20
20 20 20 20 20 20 20 20  20 20 20 20 20 20 20 20
20 3c 2f 64 69 76 3e 0a  20 20 20 20 20 20 20 20
20 20 20 20 20 20 20 20  20 20 20 20 20 20 20 20
20 20 20 20 20 20 20 20  20 20 20 20 29 7d 0a 20
20 20 20 20 20 20 20 20  20 20 20 20 20 20 20 20
20 20 20 20 20 20 20 20  20 20 20 20 20 20 20 20
20 20 20 3c 64 69 76 20  63 6c 61 73 73 4e 61 6d
65 3d 22 61 70 70 73 2d  66 6f 72 6d 2d 72 6f 77
22 3e 0a 20 20 20 20 20  20 20 20 20 20 20 20 20
20 20 20 20 20 20 20 20  20 20 20 20 20 20 20 20
20 20 20 20 20 20 20 20  20 20 20 3c 6c 61 62 65
6c 3e 7b 69 73 5a 68 28  6c 61 6e 67 29 20 3f 20
27 5c 75 38 66 39 33 5c  75 35 31 66 61 5c 75 36
38 33 63 5c 75 35 66 30  66 27 20 3a 20 27 4f 75
74 70 75 74 20 6d 6f 64  65 73 27 7d 3c 2f 6c 61
62 65 6c 3e 0a 20 20 20  20 20 20 20 20 20 20 20
20 20 20 20 20 20 20 20  20 20 20 20 20 20 20 20
20 20 20 20 20 20 20 20  20 20 20 20 20 3c 64 69
76 20 63 6c 61 73 73 4e  61 6d 65 3d 22 61 70 70
73 2d 6f 75 74 70 75 74  2d 6d 6f 64 65 2d 70 69
63 6b 65 72 22 20 72 6f  6c 65 3d 22 67 72 6f 75
70 22 20 61 72 69 61 2d  6c 61 62 65 6c 3d 7b 69
73 5a 68 28 6c 61 6e 67  29 20 3f 20 27 5c 75 38
66 39 33 5c 75 35 31 66  61 5c 75 36 38 33 63 5c
75 35 66 30 66 27 20 3a  20 27 4f 75 74 70 75 74
20 6d 6f 64 65 73 27 7d  3e 0a 20 20 20 20 20 20
20 20 20 20 20 20 20 20  20 20 20 20 20 20 20 20
20 20 20 20 20 20 20 20  20 20 20 20 20 20 20 20
20 20 20 20 20 20 7b 5b  27 64 6f 63 78 27 2c 20
27 78 6c 73 78 27 2c 20  27 70 64 66 27 2c 20 27
6a 73 6f 6e 27 2c 20 27  74 78 74 27 5d 2e 6d 61
70 28 28 6d 6f 64 65 29  20 3d 3e 20 28 0a 20 20
20 20 20 20 20 20 20 20  20 20 20 20 20 20 20 20
20 20 20 20 20 20 20 20  20 20 20 20 20 20 20 20
20 20 20 20 20 20 20 20  20 20 20 20 20 20 3c 6c
61 62 65 6c 20 6b 65 79  3d 7b 6d 6f 64 65 7d 20
63 6c 61 73 73 4e 61 6d  65 3d 22 61 70 70 73 2d
6f 75 74 70 75 74 2d 6d  6f 64 65 2d 63 68 6f 69
63 65 22 3e 0a 20 20 20  20 20 20 20 20 20 20 20
20 20 20 20 20 20 20 20  20 20 20 20 20 20 20 20
20 20 20 20 20 20 20 20  20 20 20 20 20 20 20 20
20 20 20 20 20 20 20 20  20 3c 69 6e 70 75 74 0a
20 20 20 20 20 20 20 20  20 20 20 20 20 20 20 20
20 20 20 20 20 20 20 20  20 20 20 20 20 20 20 20
20 20 20 20 20 20 20 20  20 20 20 20 20 20 20 20
20 20 20 20 20 20 20 20  74 79 70 65 3d 22 63 68
65 63 6b 62 6f 78 22 0a  20 20 20 20 20 20 20 20
20 20 20 20 20 20 20 20  20 20 20 20 20 20 20 20
20 20 20 20 20 20 20 20  20 20 20 20 20 20 20 20
20 20 20 20 20 20 20 20  20 20 20 20 20 20 20 20
63 68 65 63 6b 65 64 3d  7b 65 64 69 74 44 72 61
66 74 2e 6f 75 74 70 75  74 4d 6f 64 65 73 2e 69
6e 63 6c 75 64 65 73 28  6d 6f 64 65 29 7d 0a 20
20 20 20 20 20 20 20 20  20 20 20 20 20 20 20 20
20 20 20 20 20 20 20 20  20 20 20 20 20 20 20 20
20 20 20 20 20 20 20 20  20 20 20 20 20 20 20 20
20 20 20 20 20 20 20 6f  6e 43 68 61 6e 67 65 3d
7b 28 65 76 65 6e 74 29  20 3d 3e 20 7b 0a 20 20
20 20 20 20 20 20 20 20  20 20 20 20 20 20 20 20
20 20 20 20 20 20 20 20  20 20 20 20 20 20 20 20
20 20 20 20 20 20 20 20  20 20 20 20 20 20 20 20
20 20 20 20 20 20 20 20  20 20 73 65 74 45 64 69
74 44 72 61 66 74 28 28  63 75 72 72 65 6e 74 29
20 3d 3e 20 7b 0a 20 20  20 20 20 20 20 20 20 20
20 20 20 20 20 20 20 20  20 20 20 20 20 20 20 20
20 20 20 20 20 20 20 20  20 20 20 20 20 20 20 20
20 20 20 20 20 20 20 20  20 20 20 20 20 20 20 20
20 20 20 20 20 20 63 6f  6e 73 74 20 6e 65 78 74
20 3d 20 65 76 65 6e 74  2e 74 61 72 67 65 74 2e
63 68 65 63 6b 65 64 20  3f 20 5b 2e 2e 2e 63 75
72 72 65 6e 74 2e 6f 75  74 70 75 74 4d 6f 64 65
73 2c 20 6d 6f 64 65 5d  20 3a 20 63 75 72 72 65
6e 74 2e 6f 75 74 70 75  74 4d 6f 64 65 73 2e 66
69 6c 74 65 72 28 28 69  74 65 6d 29 20 3d 3e 20
69 74 65 6d 20 21 3d 3d  20 6d 6f 64 65 29 3b 0a
20 20 20 20 20 20 20 20  20 20 20 20 20 20 20 20
20 20 20 20 20 20 20 20  20 20 20 20 20 20 20 20
20 20 20 20 20 20 20 20  20 20 20 20 20 20 20 20
20 20 20 20 20 20 20 20  20 20 20 20 20 20 20 20
72 65 74 75 72 6e 20 7b  20 2e 2e 2e 63 75 72 72
65 6e 74 2c 20 6f 75 74  70 75 74 4d 6f 64 65 73
3a 20 6e 65 78 74 2e 6c  65 6e 67 74 68 20 3e 20
30 20 3f 20 6e 6f 72 6d  61 6c 69 7a 65 4f 75 74
70 75 74 4d 6f 64 65 73  28 6e 65 78 74 29 20 3a
20 63 75 72 72 65 6e 74  2e 6f 75 74 70 75 74 4d
6f 64 65 73 20 7d 3b 0a  20 20 20 20 20 20 20 20
20 20 20 20 20 20 20 20  20 20 20 20 20 20 20 20
20 20 20 20 20 20 20 20  20 20 20 20 20 20 20 20
20 20 20 20 20 20 20 20  20 20 20 20 20 20 20 20
20 20 20 20 7d 29 3b 0a  20 20 20 20 20 20 20 20
20 20 20 20 20 20 20 20  20 20 20 20 20 20 20 20
20 20 20 20 20 20 20 20  20 20 20 20 20 20 20 20
20 20 20 20 20 20 20 20  20 20 20 20 20 20 20 20
7d 7d 0a 20 20 20 20 20  20 20 20 20 20 20 20 20
20 20 20 20 20 20 20 20  20 20 20 20 20 20 20 20
20 20 20 20 20 20 20 20  20 20 20 20 20 20 20 20
20 20 20 20 20 20 20 2f  3e 0a 20 20 20 20 20 20
20 20 20 20 20 20 20 20  20 20 20 20 20 20 20 20
20 20 20 20 20 20 20 20  20 20 20 20 20 20 20 20
20 20 20 20 20 20 20 20  20 20 20 20 20 20 3c 73
70 61 6e 3e 7b 6f 75 74  70 75 74 4d 6f 64 65 4c
61 62 65 6c 28 6d 6f 64  65 29 7d 3c 2f 73 70 61
6e 3e 0a 20 20 20 20 20  20 20 20 20 20 20 20 20
20 20 20 20 20 20 20 20  20 20 20 20 20 20 20 20
20 20 20 20 20 20 20 20  20 20 20 20 20 20 20 20
20 20 20 3c 2f 6c 61 62  65 6c 3e 0a 20 20 20 20
20 20 20 20 20 20 20 20  20 20 20 20 20 20 20 20
20 20 20 20 20 20 20 20  20 20 20 20 20 20 20 20
20 20 20 20 20 20 20 20  29 29 7d 0a 20 20 20 20
20 20 20 20 20 20 20 20  20 20 20 20 20 20 20 20
20 20 20 20 20 20 20 20  20 20 20 20 20 20 20 20
20 20 20 20 3c 2f 64 69  76 3e 0a 20 20 20 20 20
20 20 20 20 20 20 20 20  20 20 20 20 20 20 20 20
20 20 20 20 20 20 20 20  20 20 20 20 20 20 20 3c
2f 64 69 76 3e 0a 20 20  20 20 20 20 20 20 20 20
20 20 20 20 20 20 20 20  20 20 20 20 20 20 20 20
20 20 20 20 20 20 20 20  20 20 7b 28 65 64 69 74
44 72 61 66 74 2e 69 6e  70 75 74 4d 6f 64 65 20
3d 3d 3d 20 27 66 6f 72  6d 27 20 7c 7c 20 65 64
69 74 44 72 61 66 74 2e  69 6e 70 75 74 4d 6f 64
65 20 3d 3d 3d 20 27 6d  69 78 65 64 27 29 20 26
26 20 28 0a 20 20 20 20  20 20 20 20 20 20 20 20
20 20 20 20 20 20 20 20  20 20 20 20 20 20 20 20
20 20 20 20 20 20 20 20  20 20 20 20 3c 54 6f 6f
6c 46 69 65 6c 64 45 64  69 74 6f 72 20 66 69 65
6c 64 73 3d 7b 65 64 69  74 44 72 61 66 74 2e 66
69 65 6c 64 73 7d 20 6c  61 6e 67 3d 7b 6c 61 6e
67 7d 20 6f 6e 43 68 61  6e 67 65 3d 7b 28 66 69
65 6c 64 73 29 20 3d 3e  20 73 65 74 45 64 69 74
44 72 61 66 74 28 28 63  75 72 72 65 6e 74 29 20
3d 3e 20 28 7b 20 2e 2e  2e 63 75 72 72 65 6e 74
2c 20 66 69 65 6c 64 73  20 7d 29 29 7d 20 2f 3e
0a 20 20 20 20 20 20 20  20 20 20 20 20 20 20 20
20 20 20 20 20 20 20 20  20 20 20 20 20 20 20 20
20 20 20 20 20 29 7d 0a  20 20 20 20 20 20 20 20
20 20 20 20 20 20 20 20  20 20 20 20 20 20 20 20
20 20 20 20 20 20 20 20  3c 2f 3e 0a 20 20 20 20
20 20 20 20 20 20 20 20  20 20 20 20 20 20 20 20
20 20 20 20 20 20 20 20  29 7d 0a 20 20 20 20 20
20 20 20 20 20 20 20 20  20 20 20 20 20 20 20 20
20 20 20 20 20 20 20 3c  64 69 76 20 63 6c 61 73
73 4e 61 6d 65 3d 22 61  70 70 73 2d 61 63 74 69
6f 6e 73 22 3e 0a 20 20  20 20 20 20 20 20 20 20
20 20 20 20 20 20 20 20  20 20 20 20 20 20 20 20
20 20 20 20 20 20 3c 62  75 74 74 6f 6e 20 63 6c
61 73 73 4e 61 6d 65 3d  22 61 70 70 73 2d 73 65
63 6f 6e 64 61 72 79 2d  62 75 74 74 6f 6e 22 20
74 79 70 65 3d 22 62 75  74 74 6f 6e 22 20 6f 6e
43 6c 69 63 6b 3d 7b 63  61 6e 63 65 6c 45 64 69
74 7d 3e 7b 74 65 78 74  2e 63 61 6e 63 65 6c 7d
3c 2f 62 75 74 74 6f 6e  3e 0a 20 20 20 20 20 20
20 20 20 20 20 20 20 20  20 20 20 20 20 20 20 20
20 20 20 20 20 20 20 20  20 20 3c 62 75 74 74 6f
6e 20 63 6c 61 73 73 4e  61 6d 65 3d 22 61 70 70
73 2d 70 72 69 6d 61 72  79 2d 62 75 74 74 6f 6e
22 20 74 79 70 65 3d 22  62 75 74 74 6f 6e 22 20
64 69 73 61 62 6c 65 64  3d 7b 21 65 64 69 74 44
72 61 66 74 2e 6e 61 6d  65 2e 74 72 69 6d 28 29
7d 20 6f 6e 43 6c 69 63  6b 3d 7b 28 29 20 3d 3e
20 73 61 76 65 45 64 69  74 28 61 70 70 29 7d 3e
7b 74 65 78 74 2e 73 61  76 65 7d 3c 2f 62 75 74
74 6f 6e 3e 0a 20 20 20  20 20 20 20 20 20 20 20
20 20 20 20 20 20 20 20  20 20 20 20 20 20 20 20
20 3c 2f 64 69 76 3e 0a  20 20 20 20 20 20 20 20
20 20 20 20 20 20 20 20  20 20 20 20 20 20 20 20
3c 2f 64 69 76 3e 0a 20  20 20 20 20 20 20 20 20
20 20 20 20 20 20 20 20  20 20 20 29 7d 0a 20 20
20 20 20 20 20 20 20 20  20 20 20 20 20 20 20 20
20 20 7b 6d 61 6e 69 66  65 73 74 41 70 70 49 64
20 3d 3d 3d 20 61 70 70  2e 69 64 20 26 26 20 28
0a 20 20 20 20 20 20 20  20 20 20 20 20 20 20 20
20 20 20 20 20 20 20 20  20 3c 64 69 76 20 63 6c
61 73 73 4e 61 6d 65 3d  22 61 70 70 73 2d 6d 61
6e 61 67 65 2d 6d 61 6e  69 66 65 73 74 2d 77 72
61 70 22 3e 0a 20 20 20  20 20 20 20 20 20 20 20
20 20 20 20 20 20 20 20  20 20 20 20 20 20 20 20
20 3c 64 69 76 20 63 6c  61 73 73 4e 61 6d 65 3d
22 61 70 70 73 2d 70 72  65 76 69 65 77 2d 74 69
74 6c 65 2d 72 6f 77 22  3e 0a 20 20 20 20 20 20
20 20 20 20 20 20 20 20  20 20 20 20 20 20 20 20
20 20 20 20 20 20 20 20  20 20 3c 64 69 76 20 63
6c 61 73 73 4e 61 6d 65  3d 22 61 70 70 73 2d 64
65 66 69 6e 69 74 69 6f  6e 5f 5f 74 69 74 6c 65
22 3e 7b 74 65 78 74 2e  6d 61 6e 69 66 65 73 74
7d 3c 2f 64 69 76 3e 0a  20 20 20 20 20 20 20 20
20 20 20 20 20 20 20 20  20 20 20 20 20 20 20 20
20 20 20 20 20 20 20 20  3c 62 75 74 74 6f 6e 20
63 6c 61 73 73 4e 61 6d  65 3d 22 61 70 70 73 2d
73 65 63 6f 6e 64 61 72  79 2d 62 75 74 74 6f 6e
22 20 74 79 70 65 3d 22  62 75 74 74 6f 6e 22 20
6f 6e 43 6c 69 63 6b 3d  7b 61 73 79 6e 63 20 28
29 20 3d 3e 20 7b 0a 20  20 20 20 20 20 20 20 20
20 20 20 20 20 20 20 20  20 20 20 20 20 20 20 20
20 20 20 20 20 20 20 20  20 20 20 61 77 61 69 74
20 63 6f 70 79 54 65 78  74 54 6f 43 6c 69 70 62
6f 61 72 64 28 4a 53 4f  4e 2e 73 74 72 69 6e 67
69 66 79 28 61 70 70 54  6f 4d 61 6e 69 66 65 73
74 28 61 70 70 29 2c 20  6e 75 6c 6c 2c 20 32 29
29 3b 0a 20 20 20 20 20  20 20 20 20 20 20 20 20
20 20 20 20 20 20 20 20  20 20 20 20 20 20 20 20
20 20 20 20 20 20 20 73  65 74 43 6f 70 69 65 64
4d 61 6e 69 66 65 73 74  49 64 28 61 70 70 2e 69
64 29 3b 0a 20 20 20 20  20 20 20 20 20 20 20 20
20 20 20 20 20 20 20 20  20 20 20 20 20 20 20 20
20 20 20 20 7d 7d 3e 7b  63 6f 70 69 65 64 4d 61
6e 69 66 65 73 74 49 64  20 3d 3d 3d 20 61 70 70
2e 69 64 20 3f 20 74 65  78 74 2e 63 6f 70 69 65
64 20 3a 20 74 65 78 74  2e 63 6f 70 79 7d 3c 2f
62 75 74 74 6f 6e 3e 0a  20 20 20 20 20 20 20 20
20 20 20 20 20 20 20 20  20 20 20 20 20 20 20 20
20 20 20 20 3c 2f 64 69  76 3e 0a 20 20 20 20 20
20 20 20 20 20 20 20 20  20 20 20 20 20 20 20 20
20 20 20 20 20 20 20 3c  70 72 65 20 63 6c 61 73
73 4e 61 6d 65 3d 22 61  70 70 73 2d 6d 61 6e 61
67 65 2d 6d 61 6e 69 66  65 73 74 22 3e 7b 4a 53
4f 4e 2e 73 74 72 69 6e  67 69 66 79 28 61 70 70
54 6f 4d 61 6e 69 66 65  73 74 28 61 70 70 29 2c
20 6e 75 6c 6c 2c 20 32  29 7d 3c 2f 70 72 65 3e
0a 20 20 20 20 20 20 20  20 20 20 20 20 20 20 20
20 20 20 20 20 20 20 20  20 3c 2f 64 69 76 3e 0a
20 20 20 20 20 20 20 20  20 20 20 20 20 20 20 20
20 20 20 20 29 7d 0a 20  20 20 20 20 20 20 20 20
20 20 20 20 20 20 20 3c  2f 64 69 76 3e 0a 20 20
20 20 20 20 20 20 20 20  20 20 29 3b 7d 29 7d 0a
20 20 20 20 20 20 20 20  20 20 20 20 7b 66 69 6c
74 65 72 65 64 48 69 64  64 65 6e 41 70 70 73 2e
6c 65 6e 67 74 68 20 3e  20 30 20 26 26 20 28 0a
20 20 20 20 20 20 20 20  20 20 20 20 20 20 20 20
3c 73 65 63 74 69 6f 6e  20 63 6c 61 73 73 4e 61
6d 65 3d 22 61 70 70 73  2d 68 69 64 64 65 6e 2d
73 65 63 74 69 6f 6e 22  3e 0a 20 20 20 20 20 20
20 20 20 20 20 20 20 20  20 20 20 20 20 20 3c 64
69 76 20 63 6c 61 73 73  4e 61 6d 65 3d 22 61 70
70 73 2d 73 65 63 74 69  6f 6e 5f 5f 74 69 74 6c
65 2d 72 6f 77 22 3e 0a  20 20 20 20 20 20 20 20
20 20 20 20 20 20 20 20  20 20 20 20 20 20 20 20
3c 68 33 20 63 6c 61 73  73 4e 61 6d 65 3d 22 61
70 70 73 2d 73 65 63 74  69 6f 6e 5f 5f 74 69 74
6c 65 22 3e 7b 74 65 78  74 2e 68 69 64 64 65 6e
41 70 70 73 7d 3c 2f 68  33 3e 0a 20 20 20 20 20
20 20 20 20 20 20 20 20  20 20 20 20 20 20 20 20
20 20 20 3c 73 70 61 6e  20 63 6c 61 73 73 4e 61
6d 65 3d 22 61 70 70 73  2d 63 6f 75 6e 74 22 3e
7b 66 69 6c 74 65 72 65  64 48 69 64 64 65 6e 41
70 70 73 2e 6c 65 6e 67  74 68 7d 2f 7b 68 69 64
64 65 6e 41 70 70 73 2e  6c 65 6e 67 74 68 7d 3c
2f 73 70 61 6e 3e 0a 20  20 20 20 20 20 20 20 20
20 20 20 20 20 20 20 20  20 20 20 3c 2f 64 69 76
3e 0a 20 20 20 20 20 20  20 20 20 20 20 20 20 20
20 20 20 20 20 20 7b 66  69 6c 74 65 72 65 64 48
69 64 64 65 6e 41 70 70  73 2e 6d 61 70 28 28 61
70 70 29 20 3d 3e 20 28  0a 20 20 20 20 20 20 20
20 20 20 20 20 20 20 20  20 20 20 20 20 20 20 20
20 3c 64 69 76 20 6b 65  79 3d 7b 61 70 70 2e 69
64 7d 20 63 6c 61 73 73  4e 61 6d 65 3d 22 61 70
70 73 2d 6d 61 6e 61 67  65 2d 72 6f 77 20 61 70
70 73 2d 6d 61 6e 61 67  65 2d 72 6f 77 2d 2d 68
69 64 64 65 6e 22 3e 0a  20 20 20 20 20 20 20 20
20 20 20 20 20 20 20 20  20 20 20 20 20 20 20 20
20 20 20 20 3c 73 70 61  6e 20 63 6c 61 73 73 4e
61 6d 65 3d 22 61 70 70  73 2d 61 70 70 2d 69 63
6f 6e 22 20 73 74 79 6c  65 3d 7b 7b 20 27 2d 2d
61 70 70 73 2d 69 63 6f  6e 2d 63 6f 6c 6f 72 27
3a 20 61 70 70 2e 61 63  63 65 6e 74 20 7d 20 61
73 20 43 53 53 50 72 6f  70 65 72 74 69 65 73 7d
3e 3c 49 63 6f 6e 20 6e  61 6d 65 3d 7b 61 70 70
2e 69 63 6f 6e 7d 20 2f  3e 3c 2f 73 70 61 6e 3e
0a 20 20 20 20 20 20 20  20 20 20 20 20 20 20 20
20 20 20 20 20 20 20 20  20 20 20 20 20 3c 64 69
76 3e 0a 20 20 20 20 20  20 20 20 20 20 20 20 20
20 20 20 20 20 20 20 20  20 20 20 20 20 20 20 20
20 20 20 3c 64 69 76 20  63 6c 61 73 73 4e 61 6d
65 3d 22 61 70 70 73 2d  6d 61 6e 61 67 65 2d 72
6f 77 5f 5f 6e 61 6d 65  22 3e 7b 61 70 70 2e 6e
61 6d 65 7d 3c 2f 64 69  76 3e 0a 20 20 20 20 20
20 20 20 20 20 20 20 20  20 20 20 20 20 20 20 20
20 20 20 20 20 20 20 20  20 20 20 3c 64 69 76 20
63 6c 61 73 73 4e 61 6d  65 3d 22 61 70 70 73 2d
6d 61 6e 61 67 65 2d 72  6f 77 5f 5f 64 65 73 63
22 3e 7b 61 70 70 2e 63  61 74 65 67 6f 72 79 7d
20 c2 b7 20 7b 73 6f 75  72 63 65 4c 61 62 65 6c
73 5b 61 70 70 2e 73 6f  75 72 63 65 5d 5b 69 73
5a 68 28 6c 61 6e 67 29  20 3f 20 27 7a 68 27 20
3a 20 27 65 6e 27 5d 7d  3c 2f 64 69 76 3e 0a 20
20 20 20 20 20 20 20 20  20 20 20 20 20 20 20 20
20 20 20 20 20 20 20 20  20 20 20 3c 2f 64 69 76
3e 0a 20 20 20 20 20 20  20 20 20 20 20 20 20 20
20 20 20 20 20 20 20 20  20 20 20 20 20 20 3c 64
69 76 20 63 6c 61 73 73  4e 61 6d 65 3d 22 61 70
70 73 2d 6d 61 6e 61 67  65 2d 61 63 74 69 6f 6e
73 22 3e 0a 20 20 20 20  20 20 20 20 20 20 20 20
20 20 20 20 20 20 20 20  20 20 20 20 20 20 20 20
20 20 20 20 3c 62 75 74  74 6f 6e 20 63 6c 61 73
73 4e 61 6d 65 3d 22 61  70 70 73 2d 73 65 63 6f
6e 64 61 72 79 2d 62 75  74 74 6f 6e 22 20 74 79
70 65 3d 22 62 75 74 74  6f 6e 22 20 74 69 74 6c
65 3d 7b 74 65 78 74 2e  72 65 73 74 6f 72 65 7d
20 6f 6e 43 6c 69 63 6b  3d 7b 28 29 20 3d 3e 20
6f 6e 52 65 73 74 6f 72  65 41 70 70 28 61 70 70
2e 69 64 29 7d 3e 7b 74  65 78 74 2e 72 65 73 74
6f 72 65 7d 3c 2f 62 75  74 74 6f 6e 3e 0a 20 20
20 20 20 20 20 20 20 20  20 20 20 20 20 20 20 20
20 20 20 20 20 20 20 20  20 20 3c 2f 64 69 76 3e
0a 20 20 20 20 20 20 20  20 20 20 20 20 20 20 20
20 20 20 20 20 20 20 20  20 3c 2f 64 69 76 3e 0a
20 20 20 20 20 20 20 20  20 20 20 20 20 20 20 20
20 20 20 20 29 29 7d 0a  20 20 20 20 20 20 20 20
20 20 20 20 20 20 20 20  3c 2f 73 65 63 74 69 6f
6e 3e 0a 20 20 20 20 20  20 20 20 20 20 20 20 29
7d 0a 20 20 20 20 20 20  20 20 3c 2f 64 69 76 3e
0a 20 20 20 20 29 3b 0a  7d 3b 0a 0a 63 6f 6e 73
74 20 4d 61 72 6b 65 74  50 61 6e 65 20 3d 20 28
7b 20 61 70 70 73 2c 20  6c 61 6e 67 2c 20 6f 6e
49 6e 73 74 61 6c 6c 41  70 70 20 7d 3a 20 7b 20
61 70 70 73 3a 20 41 70  70 45 6e 74 72 79 5b 5d
3b 20 6c 61 6e 67 3f 3a  20 73 74 72 69 6e 67 3b
20 6f 6e 49 6e 73 74 61  6c 6c 41 70 70 3a 20 28
61 70 70 3a 20 41 70 70  45 6e 74 72 79 29 20 3d
3e 20 76 6f 69 64 20 7d  29 20 3d 3e 20 7b 0a 20
20 20 20 63 6f 6e 73 74  20 74 65 78 74 20 3d 20
69 73 5a 68 28 6c 61 6e  67 29 20 3f 20 6c 61 62
65 6c 73 2e 7a 68 20 3a  20 6c 61 62 65 6c 73 2e
65 6e 3b 0a 20 20 20 20  63 6f 6e 73 74 20 5b 6d
61 6e 69 66 65 73 74 54  65 78 74 2c 20 73 65 74
4d 61 6e 69 66 65 73 74  54 65 78 74 5d 20 3d 20
75 73 65 53 74 61 74 65  28 27 27 29 3b 0a 20 20
20 20 63 6f 6e 73 74 20  5b 69 6e 73 74 61 6c 6c
53 74 61 74 65 2c 20 73  65 74 49 6e 73 74 61 6c
6c 53 74 61 74 65 5d 20  3d 20 75 73 65 53 74 61
74 65 3c 27 69 64 6c 65  27 20 7c 20 27 69 6e 73
74 61 6c 6c 65 64 27 20  7c 20 27 65 72 72 6f 72
27 3e 28 27 69 64 6c 65  27 29 3b 0a 20 20 20 20
63 6f 6e 73 74 20 5b 69  6e 73 74 61 6c 6c 4d 65
73 73 61 67 65 2c 20 73  65 74 49 6e 73 74 61 6c
6c 4d 65 73 73 61 67 65  5d 20 3d 20 75 73 65 53
74 61 74 65 28 27 27 29  3b 0a 20 20 20 20 63 6f
6e 73 74 20 5b 69 6e 73  74 61 6c 6c 52 65 73 75
6c 74 49 74 65 6d 73 2c  20 73 65 74 49 6e 73 74
61 6c 6c 52 65 73 75 6c  74 49 74 65 6d 73 5d 20
3d 20 75 73 65 53 74 61  74 65 3c 41 70 70 49 6e
73 74 61 6c 6c 52 65 73  75 6c 74 49 74 65 6d 5b
5d 3e 28 5b 5d 29 3b 0a  20 20 20 20 63 6f 6e 73
74 20 5b 73 65 6c 65 63  74 65 64 49 6e 73 74 61
6c 6c 4b 65 79 73 2c 20  73 65 74 53 65 6c 65 63
74 65 64 49 6e 73 74 61  6c 6c 4b 65 79 73 5d 20
3d 20 75 73 65 53 74 61  74 65 3c 73 74 72 69 6e
67 5b 5d 20 7c 20 6e 75  6c 6c 3e 28 6e 75 6c 6c
29 3b 0a 20 20 20 20 63  6f 6e 73 74 20 5b 63 6f
6e 66 69 72 6d 48 69 67  68 52 69 73 6b 49 6e 73
74 61 6c 6c 2c 20 73 65  74 43 6f 6e 66 69 72 6d
48 69 67 68 52 69 73 6b  49 6e 73 74 61 6c 6c 5d
20 3d 20 75 73 65 53 74  61 74 65 28 66 61 6c 73
65 29 3b 0a 20 20 20 20  63 6f 6e 73 74 20 5b 62
61 63 6b 65 6e 64 49 6e  73 74 61 6c 6c 50 6c 61
6e 2c 20 73 65 74 42 61  63 6b 65 6e 64 49 6e 73
74 61 6c 6c 50 6c 61 6e  5d 20 3d 20 75 73 65 53
74 61 74 65 3c 42 61 63  6b 65 6e 64 41 70 70 49
6e 73 74 61 6c 6c 50 6c  61 6e 20 7c 20 6e 75 6c
6c 3e 28 6e 75 6c 6c 29  3b 0a 20 20 20 20 63 6f
6e 73 74 20 5b 62 61 63  6b 65 6e 64 49 6e 73 74
61 6c 6c 50 6c 61 6e 53  74 61 74 65 2c 20 73 65
74 42 61 63 6b 65 6e 64  49 6e 73 74 61 6c 6c 50
6c 61 6e 53 74 61 74 65  5d 20 3d 20 75 73 65 53
74 61 74 65 3c 27 69 64  6c 65 27 20 7c 20 27 6c
6f 61 64 69 6e 67 27 20  7c 20 27 72 65 61 64 79
27 20 7c 20 27 65 72 72  6f 72 27 3e 28 27 69 64
6c 65 27 29 3b 0a 20 20  20 20 63 6f 6e 73 74 20
5b 62 61 63 6b 65 6e 64  49 6e 73 74 61 6c 6c 50
6c 61 6e 45 72 72 6f 72  2c 20 73 65 74 42 61 63
6b 65 6e 64 49 6e 73 74  61 6c 6c 50 6c 61 6e 45
72 72 6f 72 5d 20 3d 20  75 73 65 53 74 61 74 65
28 27 27 29 3b 0a 20 20  20 20 63 6f 6e 73 74 20
69 6e 73 74 61 6c 6c 50  72 65 76 69 65 77 20 3d
20 75 73 65 4d 65 6d 6f  28 28 29 20 3d 3e 20 7b
0a 20 20 20 20 20 20 20  20 63 6f 6e 73 74 20 76
61 6c 75 65 20 3d 20 6d  61 6e 69 66 65 73 74 54
65 78 74 2e 74 72 69 6d  28 29 3b 0a 20 20 20 20
20 20 20 20 69 66 20 28  21 76 61 6c 75 65 29 20
72 65 74 75 72 6e 20 7b  20 61 70 70 73 3a 20 5b
5d 20 61 73 20 41 70 70  45 6e 74 72 79 5b 5d 2c
20 65 72 72 6f 72 3a 20  27 27 20 7d 3b 0a 20 20
20 20 20 20 20 20 74 72  79 20 7b 0a 20 20 20 20
20 20 20 20 20 20 20 20  63 6f 6e 73 74 20 70 61
72 73 65 64 20 3d 20 4a  53 4f 4e 2e 70 61 72 73
65 28 76 61 6c 75 65 29  3b 0a 20 20 20 20 20 20
20 20 20 20 20 20 63 6f  6e 73 74 20 72 65 73 75
6c 74 20 3d 20 6d 61 6e  69 66 65 73 74 54 6f 41
70 70 45 6e 74 72 69 65  73 28 70 61 72 73 65 64
29 3b 0a 20 20 20 20 20  20 20 20 20 20 20 20 72
65 74 75 72 6e 20 7b 20  61 70 70 73 3a 20 72 65
73 75 6c 74 2e 61 70 70  73 2c 20 65 72 72 6f 72
3a 20 72 65 73 75 6c 74  2e 61 70 70 73 2e 6c 65
6e 67 74 68 20 3e 20 30  20 3f 20 27 27 20 3a 20
28 72 65 73 75 6c 74 2e  65 72 72 6f 72 20 7c 7c
20 74 65 78 74 2e 73 63  68 65 6d 61 45 72 72 6f
72 29 20 7d 3b 0a 20 20  20 20 20 20 20 20 7d 20
63 61 74 63 68 20 7b 0a  20 20 20 20 20 20 20 20
20 20 20 20 72 65 74 75  72 6e 20 7b 20 61 70 70
73 3a 20 5b 5d 20 61 73  20 41 70 70 45 6e 74 72
79 5b 5d 2c 20 65 72 72  6f 72 3a 20 74 65 78 74
2e 70 61 72 73 65 45 72  72 6f 72 20 7d 3b 0a 20
20 20 20 20 20 20 20 7d  0a 20 20 20 20 7d 2c 20
5b 6d 61 6e 69 66 65 73  74 54 65 78 74 2c 20 74
65 78 74 2e 70 61 72 73  65 45 72 72 6f 72 2c 20
74 65 78 74 2e 73 63 68  65 6d 61 45 72 72 6f 72
5d 29 3b 0a 20 20 20 20  75 73 65 45 66 66 65 63
74 28 28 29 20 3d 3e 20  7b 0a 20 20 20 20 20 20
20 20 63 6f 6e 73 74 20  76 61 6c 75 65 20 3d 20
6d 61 6e 69 66 65 73 74  54 65 78 74 2e 74 72 69
6d 28 29 3b 0a 20 20 20  20 20 20 20 20 73 65 74
42 61 63 6b 65 6e 64 49  6e 73 74 61 6c 6c 50 6c
61 6e 28 6e 75 6c 6c 29  3b 0a 20 20 20 20 20 20
20 20 73 65 74 42 61 63  6b 65 6e 64 49 6e 73 74
61 6c 6c 50 6c 61 6e 45  72 72 6f 72 28 27 27 29
3b 0a 20 20 20 20 20 20  20 20 69 66 20 28 21 76
61 6c 75 65 20 7c 7c 20  69 6e 73 74 61 6c 6c 50
72 65 76 69 65 77 2e 65  72 72 6f 72 29 20 7b 0a
20 20 20 20 20 20 20 20  20 20 20 20 73 65 74 42
61 63 6b 65 6e 64 49 6e  73 74 61 6c 6c 50 6c 61
6e 53 74 61 74 65 28 27  69 64 6c 65 27 29 3b 0a
20 20 20 20 20 20 20 20  20 20 20 20 72 65 74 75
72 6e 3b 0a 20 20 20 20  20 20 20 20 7d 0a 20 20
20 20 20 20 20 20 6c 65  74 20 70 61 72 73 65 64
3a 20 61 6e 79 3b 0a 20  20 20 20 20 20 20 20 74
72 79 20 7b 0a 20 20 20  20 20 20 20 20 20 20 20
20 70 61 72 73 65 64 20  3d 20 4a 53 4f 4e 2e 70
61 72 73 65 28 76 61 6c  75 65 29 3b 0a 20 20 20
20 20 20 20 20 7d 20 63  61 74 63 68 20 7b 0a 20
20 20 20 20 20 20 20 20  20 20 20 73 65 74 42 61
63 6b 65 6e 64 49 6e 73  74 61 6c 6c 50 6c 61 6e
53 74 61 74 65 28 27 69  64 6c 65 27 29 3b 0a 20
20 20 20 20 20 20 20 20  20 20 20 72 65 74 75 72
6e 3b 0a 20 20 20 20 20  20 20 20 7d 0a 20 20 20
20 20 20 20 20 69 66 20  28 70 61 72 73 65 64 3f
2e 73 63 68 65 6d 61 20  21 3d 3d 20 27 6d 61 63
6c 61 77 2e 61 70 70 2e  76 31 27 20 26 26 20 70
61 72 73 65 64 3f 2e 73  63 68 65 6d 61 20 21 3d
3d 20 27 6d 61 63 6c 61  77 2e 61 70 70 2e 70 61
63 6b 2e 76 31 27 29 20  7b 0a 20 20 20 20 20 20
20 20 20 20 20 20 73 65  74 42 61 63 6b 65 6e 64
49 6e 73 74 61 6c 6c 50  6c 61 6e 53 74 61 74 65
28 27 69 64 6c 65 27 29  3b 0a 20 20 20 20 20 20
20 20 20 20 20 20 72 65  74 75 72 6e 3b 0a 20 20
20 20 20 20 20 20 7d 0a  20 20 20 20 20 20 20 20
6c 65 74 20 63 61 6e 63  65 6c 6c 65 64 20 3d 20
66 61 6c 73 65 3b 0a 20  20 20 20 20 20 20 20 73
65 74 42 61 63 6b 65 6e  64 49 6e 73 74 61 6c 6c
50 6c 61 6e 53 74 61 74  65 28 27 6c 6f 61 64 69
6e 67 27 29 3b 0a 20 20  20 20 20 20 20 20 50 6c
61 6e 4d 61 63 6c 61 77  41 70 70 49 6e 73 74 61
6c 6c 28 76 61 6c 75 65  29 0a 20 20 20 20 20 20
20 20 20 20 20 20 2e 74  68 65 6e 28 28 70 6c 61
6e 29 20 3d 3e 20 7b 0a  20 20 20 20 20 20 20 20
20 20 20 20 20 20 20 20  69 66 20 28 63 61 6e 63
65 6c 6c 65 64 29 20 72  65 74 75 72 6e 3b 0a 20
20 20 20 20 20 20 20 20  20 20 20 20 20 20 20 73
65 74 42 61 63 6b 65 6e  64 49 6e 73 74 61 6c 6c
50 6c 61 6e 28 70 6c 61  6e 20 7c 7c 20 6e 75 6c
6c 29 3b 0a 20 20 20 20  20 20 20 20 20 20 20 20
20 20 20 20 73 65 74 42  61 63 6b 65 6e 64 49 6e
73 74 61 6c 6c 50 6c 61  6e 53 74 61 74 65 28 27
72 65 61 64 79 27 29 3b  0a 20 20 20 20 20 20 20
20 20 20 20 20 7d 29 0a  20 20 20 20 20 20 20 20
20 20 20 20 2e 63 61 74  63 68 28 28 65 72 72 6f
72 29 20 3d 3e 20 7b 0a  20 20 20 20 20 20 20 20
20 20 20 20 20 20 20 20  69 66 20 28 63 61 6e 63
65 6c 6c 65 64 29 20 72  65 74 75 72 6e 3b 0a 20
20 20 20 20 20 20 20 20  20 20 20 20 20 20 20 73
65 74 42 61 63 6b 65 6e  64 49 6e 73 74 61 6c 6c
50 6c 61 6e 28 6e 75 6c  6c 29 3b 0a 20 20 20 20
20 20 20 20 20 20 20 20  20 20 20 20 73 65 74 42
61 63 6b 65 6e 64 49 6e  73 74 61 6c 6c 50 6c 61
6e 45 72 72 6f 72 28 65  72 72 6f 72 3f 2e 6d 65
73 73 61 67 65 20 7c 7c  20 53 74 72 69 6e 67 28
65 72 72 6f 72 20 7c 7c  20 27 27 29 29 3b 0a 20
20 20 20 20 20 20 20 20  20 20 20 20 20 20 20 73
65 74 42 61 63 6b 65 6e  64 49 6e 73 74 61 6c 6c
50 6c 61 6e 53 74 61 74  65 28 27 65 72 72 6f 72
27 29 3b 0a 20 20 20 20  20 20 20 20 20 20 20 20
7d 29 3b 0a 20 20 20 20  20 20 20 20 72 65 74 75
72 6e 20 28 29 20 3d 3e  20 7b 20 63 61 6e 63 65
6c 6c 65 64 20 3d 20 74  72 75 65 3b 20 7d 3b 0a
20 20 20 20 7d 2c 20 5b  69 6e 73 74 61 6c 6c 50
72 65 76 69 65 77 2e 65  72 72 6f 72 2c 20 6d 61
6e 69 66 65 73 74 54 65  78 74 5d 29 3b 0a 20 20
20 20 63 6f 6e 73 74 20  69 6e 73 74 61 6c 6c 50
6c 61 6e 20 3d 20 75 73  65 4d 65 6d 6f 28 28 29
20 3d 3e 20 62 75 69 6c  64 49 6e 73 74 61 6c 6c
50 6c 61 6e 28 69 6e 73  74 61 6c 6c 50 72 65 76
69 65 77 2e 61 70 70 73  2c 20 61 70 70 73 29 2c
20 5b 61 70 70 73 2c 20  69 6e 73 74 61 6c 6c 50
72 65 76 69 65 77 2e 61  70 70 73 5d 29 3b 0a 20
20 20 20 63 6f 6e 73 74  20 69 6e 73 74 61 6c 6c
61 62 6c 65 4b 65 79 73  20 3d 20 75 73 65 4d 65
6d 6f 28 28 29 20 3d 3e  20 69 6e 73 74 61 6c 6c
50 6c 61 6e 2e 66 69 6c  74 65 72 28 28 69 74 65
6d 29 20 3d 3e 20 69 74  65 6d 2e 61 63 74 69 6f
6e 20 3d 3d 3d 20 27 69  6e 73 74 61 6c 6c 27 20
7c 7c 20 69 74 65 6d 2e  61 63 74 69 6f 6e 20 3d
3d 3d 20 27 75 70 67 72  61 64 65 27 29 2e 6d 61
70 28 28 69 74 65 6d 29  20 3d 3e 20 69 74 65 6d
2e 6b 65 79 29 2c 20 5b  69 6e 73 74 61 6c 6c 50
6c 61 6e 5d 29 3b 0a 20  20 20 20 75 73 65 45 66
66 65 63 74 28 28 29 20  3d 3e 20 7b 0a 20 20 20
20 20 20 20 20 73 65 74  53 65 6c 65 63 74 65 64
49 6e 73 74 61 6c 6c 4b  65 79 73 28 69 6e 73 74
61 6c 6c 61 62 6c 65 4b  65 79 73 29 3b 0a 20 20
20 20 7d 2c 20 5b 69 6e  73 74 61 6c 6c 61 62 6c
65 4b 65 79 73 5d 29 3b  0a 20 20 20 20 63 6f 6e
73 74 20 73 65 6c 65 63  74 65 64 49 6e 73 74 61
6c 6c 53 65 74 20 3d 20  6e 65 77 20 53 65 74 28
73 65 6c 65 63 74 65 64  49 6e 73 74 61 6c 6c 4b
65 79 73 20 3f 3f 20 69  6e 73 74 61 6c 6c 61 62
6c 65 4b 65 79 73 29 3b  0a 20 20 20 20 63 6f 6e
73 74 20 73 65 6c 65 63  74 65 64 49 6e 73 74 61
6c 6c 43 6f 75 6e 74 20  3d 20 69 6e 73 74 61 6c
6c 50 6c 61 6e 2e 66 69  6c 74 65 72 28 28 69 74
65 6d 29 20 3d 3e 20 28  69 74 65 6d 2e 61 63 74
69 6f 6e 20 3d 3d 3d 20  27 69 6e 73 74 61 6c 6c
27 20 7c 7c 20 69 74 65  6d 2e 61 63 74 69 6f 6e
20 3d 3d 3d 20 27 75 70  67 72 61 64 65 27 29 20
26 26 20 73 65 6c 65 63  74 65 64 49 6e 73 74 61
6c 6c 53 65 74 2e 68 61  73 28 69 74 65 6d 2e 6b
65 79 29 29 2e 6c 65 6e  67 74 68 3b 0a 20 20 20
20 63 6f 6e 73 74 20 73  65 6c 65 63 74 65 64 49
6e 73 74 61 6c 6c 41 70  70 49 44 73 20 3d 20 69
6e 73 74 61 6c 6c 50 6c  61 6e 2e 66 69 6c 74 65
72 28 28 69 74 65 6d 29  20 3d 3e 20 28 69 74 65
6d 2e 61 63 74 69 6f 6e  20 3d 3d 3d 20 27 69 6e
73 74 61 6c 6c 27 20 7c  7c 20 69 74 65 6d 2e 61
63 74 69 6f 6e 20 3d 3d  3d 20 27 75 70 67 72 61
64 65 27 29 20 26 26 20  73 65 6c 65 63 74 65 64
49 6e 73 74 61 6c 6c 53  65 74 2e 68 61 73 28 69
74 65 6d 2e 6b 65 79 29  29 2e 6d 61 70 28 28 69
74 65 6d 29 20 3d 3e 20  69 74 65 6d 2e 61 70 70
2e 69 64 29 3b 0a 20 20  20 20 63 6f 6e 73 74 20
73 65 6c 65 63 74 65 64  48 61 73 4d 69 73 73 69
6e 67 52 65 71 75 69 72  65 64 44 65 70 65 6e 64
65 6e 63 79 20 3d 20 62  61 63 6b 65 6e 64 49 6e
73 74 61 6c 6c 50 6c 61  6e 53 74 61 74 65 20 3d
3d 3d 20 27 72 65 61 64  79 27 20 26 26 20 68 61
73 4d 69 73 73 69 6e 67  52 65 71 75 69 72 65 64
42 61 63 6b 65 6e 64 44  65 70 65 6e 64 65 6e 63
79 28 62 61 63 6b 65 6e  64 49 6e 73 74 61 6c 6c
50 6c 61 6e 2c 20 73 65  6c 65 63 74 65 64 49 6e
73 74 61 6c 6c 41 70 70  49 44 73 29 3b 0a 20 20
20 20 63 6f 6e 73 74 20  75 70 67 72 61 64 65 61
62 6c 65 43 6f 75 6e 74  20 3d 20 69 6e 73 74 61
6c 6c 50 6c 61 6e 2e 66  69 6c 74 65 72 28 28 69
74 65 6d 29 20 3d 3e 20  69 74 65 6d 2e 61 63 74
69 6f 6e 20 3d 3d 3d 20  27 75 70 67 72 61 64 65
27 29 2e 6c 65 6e 67 74  68 3b 0a 20 20 20 20 63
6f 6e 73 74 20 73 6b 69  70 70 65 64 50 72 65 76
69 65 77 43 6f 75 6e 74  20 3d 20 69 6e 73 74 61
6c 6c 50 6c 61 6e 2e 6c  65 6e 67 74 68 20 2d 20
73 65 6c 65 63 74 65 64  49 6e 73 74 61 6c 6c 43
6f 75 6e 74 3b 0a 20 20  20 20 63 6f 6e 73 74 20
68 61 73 4c 69 76 65 4d  61 6e 69 66 65 73 74 45
72 72 6f 72 20 3d 20 21  21 6d 61 6e 69 66 65 73
74 54 65 78 74 2e 74 72  69 6d 28 29 20 26 26 20
21 21 69 6e 73 74 61 6c  6c 50 72 65 76 69 65 77
2e 65 72 72 6f 72 20 26  26 20 69 6e 73 74 61 6c
6c 53 74 61 74 65 20 3d  3d 3d 20 27 69 64 6c 65
27 3b 0a 20 20 20 20 63  6f 6e 73 74 20 6d 61 72
6b 65 74 52 6f 77 73 20  3d 20 75 73 65 4d 65 6d
6f 28 28 29 20 3d 3e 20  7b 0a 20 20 20 20 20 20
20 20 63 6f 6e 73 74 20  70 6c 61 6e 20 3d 20 62
75 69 6c 64 49 6e 73 74  61 6c 6c 50 6c 61 6e 28
6d 61 72 6b 65 74 43 61  74 61 6c 6f 67 41 70 70
73 2c 20 61 70 70 73 29  3b 0a 20 20 20 20 20 20
20 20 72 65 74 75 72 6e  20 6d 61 72 6b 65 74 43
61 74 61 6c 6f 67 41 70  70 73 2e 6d 61 70 28 28
61 70 70 29 20 3d 3e 20  7b 0a 20 20 20 20 20 20
20 20 20 20 20 20 63 6f  6e 73 74 20 69 74 65 6d
20 3d 20 70 6c 61 6e 2e  66 69 6e 64 28 28 65 6e
74 72 79 29 20 3d 3e 20  65 6e 74 72 79 2e 61 70
70 2e 69 64 20 3d 3d 3d  20 61 70 70 2e 69 64 29
3b 0a 20 20 20 20 20 20  20 20 20 20 20 20 63 6f
6e 73 74 20 69 6e 73 74  61 6c 6c 65 64 20 3d 20
69 74 65 6d 3f 2e 61 63  74 69 6f 6e 20 3d 3d 3d
20 27 69 6e 73 74 61 6c  6c 65 64 27 20 7c 7c 20
69 74 65 6d 3f 2e 61 63  74 69 6f 6e 20 3d 3d 3d
20 27 64 75 70 6c 69 63  61 74 65 27 3b 0a 20 20
20 20 20 20 20 20 20 20  20 20 63 6f 6e 73 74 20
75 70 67 72 61 64 65 20  3d 20 69 74 65 6d 3f 2e
61 63 74 69 6f 6e 20 3d  3d 3d 20 27 75 70 67 72
61 64 65 27 3b 0a 20 20  20 20 20 20 20 20 20 20
20 20 63 6f 6e 73 74 20  61 63 74 69 6f 6e 54 65
78 74 20 3d 20 69 6e 73  74 61 6c 6c 65 64 20 3f
20 74 65 78 74 2e 61 6c  72 65 61 64 79 49 6e 73
74 61 6c 6c 65 64 20 3a  20 75 70 67 72 61 64 65
20 3f 20 74 65 78 74 2e  77 69 6c 6c 55 70 67 72
61 64 65 20 3a 20 74 65  78 74 2e 6d 61 72 6b 65
74 41 64 64 3b 0a 20 20  20 20 20 20 20 20 20 20
20 20 72 65 74 75 72 6e  20 7b 20 61 70 70 2c 20
69 6e 73 74 61 6c 6c 65  64 2c 20 75 70 67 72 61
64 65 2c 20 61 63 74 69  6f 6e 54 65 78 74 20 7d
3b 0a 20 20 20 20 20 20  20 20 7d 29 3b 0a 20 20
20 20 7d 2c 20 5b 61 70  70 73 2c 20 74 65 78 74
2e 61 6c 72 65 61 64 79  49 6e 73 74 61 6c 6c 65
64 2c 20 74 65 78 74 2e  6d 61 72 6b 65 74 41 64
64 2c 20 74 65 78 74 2e  77 69 6c 6c 55 70 67 72
61 64 65 5d 29 3b 0a 20  20 20 20 63 6f 6e 73 74
20 61 64 64 61 62 6c 65  4d 61 72 6b 65 74 43 6f
75 6e 74 20 3d 20 6d 61  72 6b 65 74 52 6f 77 73
2e 66 69 6c 74 65 72 28  28 69 74 65 6d 29 20 3d
3e 20 21 69 74 65 6d 2e  69 6e 73 74 61 6c 6c 65
64 20 26 26 20 21 69 74  65 6d 2e 75 70 67 72 61
64 65 29 2e 6c 65 6e 67  74 68 3b 0a 20 20 20 20
63 6f 6e 73 74 20 75 70  67 72 61 64 65 61 62 6c
65 4d 61 72 6b 65 74 43  6f 75 6e 74 20 3d 20 6d
61 72 6b 65 74 52 6f 77  73 2e 66 69 6c 74 65 72
28 28 69 74 65 6d 29 20  3d 3e 20 69 74 65 6d 2e
75 70 67 72 61 64 65 29  2e 6c 65 6e 67 74 68 3b
0a 20 20 20 20 63 6f 6e  73 74 20 69 6e 73 74 61
6c 6c 4d 61 6e 69 66 65  73 74 20 3d 20 28 29 20
3d 3e 20 7b 0a 20 20 20  20 20 20 20 20 74 72 79
20 7b 0a 20 20 20 20 20  20 20 20 20 20 20 20 6c
65 74 20 70 61 72 73 65  64 3a 20 61 6e 79 3b 0a
20 20 20 20 20 20 20 20  20 20 20 20 74 72 79 20
7b 0a 20 20 20 20 20 20  20 20 20 20 20 20 20 20
20 20 70 61 72 73 65 64  20 3d 20 4a 53 4f 4e 2e
70 61 72 73 65 28 6d 61  6e 69 66 65 73 74 54 65
78 74 29 3b 0a 20 20 20  20 20 20 20 20 20 20 20
20 7d 20 63 61 74 63 68  20 7b 0a 20 20 20 20 20
20 20 20 20 20 20 20 20  20 20 20 74 68 72 6f 77
20 6e 65 77 20 45 72 72  6f 72 28 74 65 78 74 2e
70 61 72 73 65 45 72 72  6f 72 29 3b 0a 20 20 20
20 20 20 20 20 20 20 20  20 7d 0a 20 20 20 20 20
20 20 20 20 20 20 20 63  6f 6e 73 74 20 70 61 72
73 65 64 52 65 73 75 6c  74 20 3d 20 6d 61 6e 69
66 65 73 74 54 6f 41 70  70 45 6e 74 72 69 65 73
28 70 61 72 73 65 64 29  3b 0a 20 20 20 20 20 20
20 20 20 20 20 20 63 6f  6e 73 74 20 70 61 72 73
65 64 41 70 70 73 20 3d  20 70 61 72 73 65 64 52
65 73 75 6c 74 2e 61 70  70 73 3b 0a 20 20 20 20
20 20 20 20 20 20 20 20  69 66 20 28 70 61 72 73
65 64 41 70 70 73 2e 6c  65 6e 67 74 68 20 3d 3d
3d 20 30 29 20 74 68 72  6f 77 20 6e 65 77 20 45
72 72 6f 72 28 70 61 72  73 65 64 52 65 73 75 6c
74 2e 65 72 72 6f 72 20  7c 7c 20 74 65 78 74 2e
73 63 68 65 6d 61 45 72  72 6f 72 29 3b 0a 20 20
20 20 20 20 20 20 20 20  20 20 63 6f 6e 73 74 20
70 6c 61 6e 20 3d 20 62  75 69 6c 64 49 6e 73 74
61 6c 6c 50 6c 61 6e 28  70 61 72 73 65 64 41 70
70 73 2c 20 61 70 70 73  29 3b 0a 20 20 20 20 20
20 20 20 20 20 20 20 63  6f 6e 73 74 20 73 65 6c
65 63 74 61 62 6c 65 4b  65 79 73 20 3d 20 70 6c
61 6e 2e 66 69 6c 74 65  72 28 28 69 74 65 6d 29
20 3d 3e 20 69 74 65 6d  2e 61 63 74 69 6f 6e 20
3d 3d 3d 20 27 69 6e 73  74 61 6c 6c 27 20 7c 7c
20 69 74 65 6d 2e 61 63  74 69 6f 6e 20 3d 3d 3d
20 27 75 70 67 72 61 64  65 27 29 2e 6d 61 70 28
28 69 74 65 6d 29 20 3d  3e 20 69 74 65 6d 2e 6b
65 79 29 3b 0a 20 20 20  20 20 20 20 20 20 20 20
20 63 6f 6e 73 74 20 73  65 6c 65 63 74 65 64 4b
65 79 73 20 3d 20 6e 65  77 20 53 65 74 28 73 65
6c 65 63 74 65 64 49 6e  73 74 61 6c 6c 4b 65 79
73 20 3f 3f 20 73 65 6c  65 63 74 61 62 6c 65 4b
65 79 73 29 3b 0a 20 20  20 20 20 20 20 20 20 20
20 20 63 6f 6e 73 74 20  73 65 6c 65 63 74 65 64
41 70 70 49 44 73 20 3d  20 70 6c 61 6e 2e 66 69
6c 74 65 72 28 28 69 74  65 6d 29 20 3d 3e 20 28
69 74 65 6d 2e 61 63 74  69 6f 6e 20 3d 3d 3d 20
27 69 6e 73 74 61 6c 6c  27 20 7c 7c 20 69 74 65
6d 2e 61 63 74 69 6f 6e  20 3d 3d 3d 20 27 75 70
67 72 61 64 65 27 29 20  26 26 20 73 65 6c 65 63
74 65 64 4b 65 79 73 2e  68 61 73 28 69 74 65 6d
2e 6b 65 79 29 29 2e 6d  61 70 28 28 69 74 65 6d
29 20 3d 3e 20 69 74 65  6d 2e 61 70 70 2e 69 64
29 3b 0a 20 20 20 20 20  20 20 20 20 20 20 20 69
66 20 28 62 61 63 6b 65  6e 64 49 6e 73 74 61 6c
6c 50 6c 61 6e 53 74 61  74 65 20 3d 3d 3d 20 27
72 65 61 64 79 27 20 26  26 20 68 61 73 4d 69 73
73 69 6e 67 52 65 71 75  69 72 65 64 42 61 63 6b
65 6e 64 44 65 70 65 6e  64 65 6e 63 79 28 62 61
63 6b 65 6e 64 49 6e 73  74 61 6c 6c 50 6c 61 6e
2c 20 73 65 6c 65 63 74  65 64 41 70 70 49 44 73
29 29 20 7b 0a 20 20 20  20 20 20 20 20 20 20 20
20 20 20 20 20 74 68 72  6f 77 20 6e 65 77 20 45
72 72 6f 72 28 74 65 78  74 2e 6d 69 73 73 69 6e
67 52 65 71 75 69 72 65  64 44 65 70 65 6e 64 65
6e 63 79 29 3b 0a 20 20  20 20 20 20 20 20 20 20
20 20 7d 0a 20 20 20 20  20 20 20 20 20 20 20 20
63 6f 6e 73 74 20 73 65  6c 65 63 74 65 64 48 61
73 48 69 67 68 52 69 73  6b 55 70 67 72 61 64 65
20 3d 20 70 6c 61 6e 2e  73 6f 6d 65 28 28 69 74
65 6d 29 20 3d 3e 20 69  74 65 6d 2e 61 63 74 69
6f 6e 20 3d 3d 3d 20 27  75 70 67 72 61 64 65 27
20 26 26 20 73 65 6c 65  63 74 65 64 4b 65 79 73
2e 68 61 73 28 69 74 65  6d 2e 6b 65 79 29 20 26
26 20 69 74 65 6d 2e 68  69 67 68 52 69 73 6b 53
63 6f 70 65 73 2e 6c 65  6e 67 74 68 20 3e 20 30
29 3b 0a 20 20 20 20 20  20 20 20 20 20 20 20 69
66 20 28 73 65 6c 65 63  74 65 64 48 61 73 48 69
67 68 52 69 73 6b 55 70  67 72 61 64 65 20 26 26
20 21 63 6f 6e 66 69 72  6d 48 69 67 68 52 69 73
6b 49 6e 73 74 61 6c 6c  29 20 7b 0a 20 20 20 20
20 20 20 20 20 20 20 20  20 20 20 20 73 65 74 43
6f 6e 66 69 72 6d 48 69  67 68 52 69 73 6b 49 6e
73 74 61 6c 6c 28 74 72  75 65 29 3b 0a 20 20 20
20 20 20 20 20 20 20 20  20 20 20 20 20 73 65 74
49 6e 73 74 61 6c 6c 53  74 61 74 65 28 27 69 64
6c 65 27 29 3b 0a 20 20  20 20 20 20 20 20 20 20
20 20 20 20 20 20 73 65  74 49 6e 73 74 61 6c 6c
4d 65 73 73 61 67 65 28  74 65 78 74 2e 68 69 67
68 52 69 73 6b 49 6e 73  74 61 6c 6c 57 61 72 6e
69 6e 67 29 3b 0a 20 20  20 20 20 20 20 20 20 20
20 20 20 20 20 20 73 65  74 49 6e 73 74 61 6c 6c
52 65 73 75 6c 74 49 74  65 6d 73 28 5b 5d 29 3b
0a 20 20 20 20 20 20 20  20 20 20 20 20 20 20 20
20 72 65 74 75 72 6e 3b  0a 20 20 20 20 20 20 20
20 20 20 20 20 7d 0a 20  20 20 20 20 20 20 20 20
20 20 20 63 6f 6e 73 74  20 72 65 73 75 6c 74 49
74 65 6d 73 20 3d 20 70  6c 61 6e 2e 6d 61 70 28
28 69 74 65 6d 29 3a 20  41 70 70 49 6e 73 74 61
6c 6c 52 65 73 75 6c 74  49 74 65 6d 20 3d 3e 20
7b 0a 20 20 20 20 20 20  20 20 20 20 20 20 20 20
20 20 63 6f 6e 73 74 20  73 65 6c 65 63 74 65 64
20 3d 20 28 69 74 65 6d  2e 61 63 74 69 6f 6e 20
3d 3d 3d 20 27 69 6e 73  74 61 6c 6c 27 20 7c 7c
20 69 74 65 6d 2e 61 63  74 69 6f 6e 20 3d 3d 3d
20 27 75 70 67 72 61 64  65 27 29 20 26 26 20 73
65 6c 65 63 74 65 64 4b  65 79 73 2e 68 61 73 28
69 74 65 6d 2e 6b 65 79  29 3b 0a 20 20 20 20 20
20 20 20 20 20 20 20 20  20 20 20 69 66 20 28 73
65 6c 65 63 74 65 64 20  26 26 20 69 74 65 6d 2e
61 63 74 69 6f 6e 20 3d  3d 3d 20 27 69 6e 73 74
61 6c 6c 27 29 20 7b 0a  20 20 20 20 20 20 20 20
20 20 20 20 20 20 20 20  20 20 20 20 72 65 74 75
72 6e 20 7b 20 6b 65 79  3a 20 69 74 65 6d 2e 6b
65 79 2c 20 6e 61 6d 65  3a 20 69 74 65 6d 2e 61
70 70 2e 6e 61 6d 65 2c  20 69 63 6f 6e 3a 20 69
74 65 6d 2e 61 70 70 2e  69 63 6f 6e 2c 20 61 63
63 65 6e 74 3a 20 69 74  65 6d 2e 61 70 70 2e 61
63 63 65 6e 74 2c 20 61  63 74 69 6f 6e 3a 20 27
69 6e 73 74 61 6c 6c 65  64 27 2c 20 64 65 74 61
69 6c 3a 20 74 65 78 74  2e 69 6e 73 74 61 6c 6c
65 64 43 6f 75 6e 74 20  7d 3b 0a 20 20 20 20 20
20 20 20 20 20 20 20 20  20 20 20 7d 0a 20 20 20
20 20 20 20 20 20 20 20  20 20 20 20 20 69 66 20
28 73 65 6c 65 63 74 65  64 20 26 26 20 69 74 65
6d 2e 61 63 74 69 6f 6e  20 3d 3d 3d 20 27 75 70
67 72 61 64 65 27 29 20  7b 0a 20 20 20 20 20 20
20 20 20 20 20 20 20 20  20 20 20 20 20 20 72 65
74 75 72 6e 20 7b 0a 20  20 20 20 20 20 20 20 20
20 20 20 20 20 20 20 20  20 20 20 20 20 20 20 6b
65 79 3a 20 69 74 65 6d  2e 6b 65 79 2c 0a 20 20
20 20 20 20 20 20 20 20  20 20 20 20 20 20 20 20
20 20 20 20 20 20 6e 61  6d 65 3a 20 69 74 65 6d
2e 61 70 70 2e 6e 61 6d  65 2c 0a 20 20 20 20 20
20 20 20 20 20 20 20 20  20 20 20 20 20 20 20 20
20 20 20 69 63 6f 6e 3a  20 69 74 65 6d 2e 61 70
70 2e 69 63 6f 6e 2c 0a  20 20 20 20 20 20 20 20
20 20 20 20 20 20 20 20  20 20 20 20 20 20 20 20
61 63 63 65 6e 74 3a 20  69 74 65 6d 2e 61 70 70
2e 61 63 63 65 6e 74 2c  0a 20 20 20 20 20 20 20
20 20 20 20 20 20 20 20  20 20 20 20 20 20 20 20
20 61 63 74 69 6f 6e 3a  20 27 75 70 67 72 61 64
65 64 27 2c 0a 20 20 20  20 20 20 20 20 20 20 20
20 20 20 20 20 20 20 20  20 20 20 20 20 64 65 74
61 69 6c 3a 20 60 24 7b  74 65 78 74 2e 75 70 67
72 61 64 65 64 49 74 65  6d 7d 20 76 24 7b 6e 6f
72 6d 61 6c 69 7a 65 41  70 70 56 65 72 73 69 6f
6e 28 69 74 65 6d 2e 69  6e 73 74 61 6c 6c 65 64
3f 2e 76 65 72 73 69 6f  6e 29 7d 20 2d 3e 20 76
24 7b 6e 6f 72 6d 61 6c  69 7a 65 41 70 70 56 65
72 73 69 6f 6e 28 69 74  65 6d 2e 61 70 70 2e 76
65 72 73 69 6f 6e 29 7d  60 2c 0a 20 20 20 20 20
20 20 20 20 20 20 20 20  20 20 20 20 20 20 20 7d
3b 0a 20 20 20 20 20 20  20 20 20 20 20 20 20 20
20 20 7d 0a 20 20 20 20  20 20 20 20 20 20 20 20
20 20 20 20 63 6f 6e 73  74 20 72 65 61 73 6f 6e
20 3d 20 69 74 65 6d 2e  61 63 74 69 6f 6e 20 3d
3d 3d 20 27 69 6e 73 74  61 6c 6c 65 64 27 0a 20
20 20 20 20 20 20 20 20  20 20 20 20 20 20 20 20
20 20 20 3f 20 74 65 78  74 2e 61 6c 72 65 61 64
79 49 6e 73 74 61 6c 6c  65 64 0a 20 20 20 20 20
20 20 20 20 20 20 20 20  20 20 20 20 20 20 20 3a
20 69 74 65 6d 2e 61 63  74 69 6f 6e 20 3d 3d 3d
20 27 64 75 70 6c 69 63  61 74 65 27 0a 20 20 20
20 20 20 20 20 20 20 20  20 20 20 20 20 20 20 20
20 20 20 20 20 3f 20 74  65 78 74 2e 64 75 70 6c
69 63 61 74 65 41 70 70  0a 20 20 20 20 20 20 20
20 20 20 20 20 20 20 20  20 20 20 20 20 20 20 20
20 3a 20 74 65 78 74 2e  6e 6f 74 53 65 6c 65 63
74 65 64 3b 0a 20 20 20  20 20 20 20 20 20 20 20
20 20 20 20 20 72 65 74  75 72 6e 20 7b 20 6b 65
79 3a 20 69 74 65 6d 2e  6b 65 79 2c 20 6e 61 6d
65 3a 20 69 74 65 6d 2e  61 70 70 2e 6e 61 6d 65
2c 20 69 63 6f 6e 3a 20  69 74 65 6d 2e 61 70 70
2e 69 63 6f 6e 2c 20 61  63 63 65 6e 74 3a 20 69
74 65 6d 2e 61 70 70 2e  61 63 63 65 6e 74 2c 20
61 63 74 69 6f 6e 3a 20  27 73 6b 69 70 70 65 64
27 2c 20 64 65 74 61 69  6c 3a 20 72 65 61 73 6f
6e 20 7d 3b 0a 20 20 20  20 20 20 20 20 20 20 20
20 7d 29 3b 0a 20 20 20  20 20 20 20 20 20 20 20
20 63 6f 6e 73 74 20 6e  65 78 74 41 70 70 73 20
3d 20 70 6c 61 6e 2e 66  69 6c 74 65 72 28 28 69
74 65 6d 29 20 3d 3e 20  28 69 74 65 6d 2e 61 63
74 69 6f 6e 20 3d 3d 3d  20 27 69 6e 73 74 61 6c
6c 27 20 7c 7c 20 69 74  65 6d 2e 61 63 74 69 6f
6e 20 3d 3d 3d 20 27 75  70 67 72 61 64 65 27 29
20 26 26 20 73 65 6c 65  63 74 65 64 4b 65 79 73
2e 68 61 73 28 69 74 65  6d 2e 6b 65 79 29 29 2e
6d 61 70 28 28 69 74 65  6d 29 20 3d 3e 20 69 74
65 6d 2e 61 70 70 29 3b  0a 20 20 20 20 20 20 20
20 20 20 20 20 63 6f 6e  73 74 20 69 6e 73 74 61
6c 6c 65 64 41 63 74 69  6f 6e 43 6f 75 6e 74 20
3d 20 70 6c 61 6e 2e 66  69 6c 74 65 72 28 28 69
74 65 6d 29 20 3d 3e 20  69 74 65 6d 2e 61 63 74
69 6f 6e 20 3d 3d 3d 20  27 69 6e 73 74 61 6c 6c
27 20 26 26 20 73 65 6c  65 63 74 65 64 4b 65 79
73 2e 68 61 73 28 69 74  65 6d 2e 6b 65 79 29 29
2e 6c 65 6e 67 74 68 3b  0a 20 20 20 20 20 20 20
20 20 20 20 20 63 6f 6e  73 74 20 75 70 67 72 61
64 65 64 41 63 74 69 6f  6e 43 6f 75 6e 74 20 3d
20 70 6c 61 6e 2e 66 69  6c 74 65 72 28 28 69 74
65 6d 29 20 3d 3e 20 69  74 65 6d 2e 61 63 74 69
6f 6e 20 3d 3d 3d 20 27  75 70 67 72 61 64 65 27
20 26 26 20 73 65 6c 65  63 74 65 64 4b 65 79 73
2e 68 61 73 28 69 74 65  6d 2e 6b 65 79 29 29 2e
6c 65 6e 67 74 68 3b 0a  20 20 20 20 20 20 20 20
20 20 20 20 63 6f 6e 73  74 20 73 6b 69 70 70 65
64 41 63 74 69 6f 6e 43  6f 75 6e 74 20 3d 20 70
6c 61 6e 2e 6c 65 6e 67  74 68 20 2d 20 6e 65 78
74 41 70 70 73 2e 6c 65  6e 67 74 68 3b 0a 20 20
20 20 20 20 20 20 20 20  20 20 6e 65 78 74 41 70
70 73 2e 66 6f 72 45 61  63 68 28 6f 6e 49 6e 73
74 61 6c 6c 41 70 70 29  3b 0a 20 20 20 20 20 20
20 20 20 20 20 20 73 65  74 49 6e 73 74 61 6c 6c
4d 65 73 73 61 67 65 28  69 6e 73 74 61 6c 6c 53
75 6d 6d 61 72 79 4d 65  73 73 61 67 65 28 69 6e
73 74 61 6c 6c 65 64 41  63 74 69 6f 6e 43 6f 75
6e 74 2c 20 75 70 67 72  61 64 65 64 41 63 74 69
6f 6e 43 6f 75 6e 74 2c  20 73 6b 69 70 70 65 64
41 63 74 69 6f 6e 43 6f  75 6e 74 2c 20 74 65 78
74 29 29 3b 0a 20 20 20  20 20 20 20 20 20 20 20
20 73 65 74 49 6e 73 74  61 6c 6c 52 65 73 75 6c
74 49 74 65 6d 73 28 72  65 73 75 6c 74 49 74 65
6d 73 29 3b 0a 20 20 20  20 20 20 20 20 20 20 20
20 73 65 74 49 6e 73 74  61 6c 6c 53 74 61 74 65
28 27 69 6e 73 74 61 6c  6c 65 64 27 29 3b 0a 20
20 20 20 20 20 20 20 20  20 20 20 73 65 74 43 6f
6e 66 69 72 6d 48 69 67  68 52 69 73 6b 49 6e 73
74 61 6c 6c 28 66 61 6c  73 65 29 3b 0a 20 20 20
20 20 20 20 20 7d 20 63  61 74 63 68 20 28 65 72
72 6f 72 3a 20 61 6e 79  29 20 7b 0a 20 20 20 20
20 20 20 20 20 20 20 20  73 65 74 49 6e 73 74 61
6c 6c 4d 65 73 73 61 67  65 28 65 72 72 6f 72 3f
2e 6d 65 73 73 61 67 65  20 7c 7c 20 74 65 78 74
2e 69 6e 73 74 61 6c 6c  45 72 72 6f 72 29 3b 0a
20 20 20 20 20 20 20 20  20 20 20 20 73 65 74 49
6e 73 74 61 6c 6c 52 65  73 75 6c 74 49 74 65 6d
73 28 5b 5d 29 3b 0a 20  20 20 20 20 20 20 20 20
20 20 20 73 65 74 49 6e  73 74 61 6c 6c 53 74 61
74 65 28 27 65 72 72 6f  72 27 29 3b 0a 20 20 20
20 20 20 20 20 20 20 20  20 73 65 74 43 6f 6e 66
69 72 6d 48 69 67 68 52  69 73 6b 49 6e 73 74 61
6c 6c 28 66 61 6c 73 65  29 3b 0a 20 20 20 20 20
20 20 20 7d 0a 20 20 20  20 7d 3b 0a 20 20 20 20
72 65 74 75 72 6e 20 28  0a 20 20 20 20 20 20 20
20 3c 3e 0a 20 20 20 20  20 20 20 20 20 20 20 20
3c 73 65 63 74 69 6f 6e  20 63 6c 61 73 73 4e 61
6d 65 3d 22 61 70 70 73  2d 6d 61 72 6b 65 74 2d
6c 69 73 74 22 20 61 72  69 61 2d 6c 61 62 65 6c
3d 7b 74 65 78 74 2e 6d  61 72 6b 65 74 41 70 70
73 7d 3e 0a 20 20 20 20  20 20 20 20 20 20 20 20
20 20 20 20 3c 64 69 76  20 63 6c 61 73 73 4e 61
6d 65 3d 22 61 70 70 73  2d 70 72 65 76 69 65 77
2d 74 69 74 6c 65 2d 72  6f 77 22 3e 0a 20 20 20
20 20 20 20 20 20 20 20  20 20 20 20 20 20 20 20
20 3c 64 69 76 3e 0a 20  20 20 20 20 20 20 20 20
20 20 20 20 20 20 20 20  20 20 20 20 20 20 20 3c
64 69 76 20 63 6c 61 73  73 4e 61 6d 65 3d 22 61
70 70 73 2d 64 65 66 69  6e 69 74 69 6f 6e 5f 5f
74 69 74 6c 65 22 3e 7b  74 65 78 74 2e 6d 61 72
6b 65 74 41 70 70 73 7d  3c 2f 64 69 76 3e 0a 20
20 20 20 20 20 20 20 20  20 20 20 20 20 20 20 20
20 20 20 20 20 20 20 3c  64 69 76 20 63 6c 61 73
73 4e 61 6d 65 3d 22 61  70 70 73 2d 6d 61 72 6b
65 74 2d 6c 69 73 74 5f  5f 6d 65 74 61 22 3e 7b
74 65 78 74 2e 6d 61 72  6b 65 74 41 64 64 61 62
6c 65 43 6f 75 6e 74 7d  20 7b 61 64 64 61 62 6c
65 4d 61 72 6b 65 74 43  6f 75 6e 74 7d 20 c2 b7
20 7b 74 65 78 74 2e 6d  61 72 6b 65 74 55 70 67
72 61 64 65 61 62 6c 65  43 6f 75 6e 74 7d 20 7b
75 70 67 72 61 64 65 61  62 6c 65 4d 61 72 6b 65
74 43 6f 75 6e 74 7d 3c  2f 64 69 76 3e 0a 20 20
20 20 20 20 20 20 20 20  20 20 20 20 20 20 20 20
20 20 3c 2f 64 69 76 3e  0a 20 20 20 20 20 20 20
20 20 20 20 20 20 20 20  20 3c 2f 64 69 76 3e 0a
20 20 20 20 20 20 20 20  20 20 20 20 20 20 20 20
3c 64 69 76 20 63 6c 61  73 73 4e 61 6d 65 3d 22
61 70 70 73 2d 6d 61 72  6b 65 74 2d 6c 69 73 74
5f 5f 69 74 65 6d 73 22  3e 0a 20 20 20 20 20 20
20 20 20 20 20 20 20 20  20 20 20 20 20 20 7b 6d
61 72 6b 65 74 52 6f 77  73 2e 6d 61 70 28 28 7b
20 61 70 70 2c 20 69 6e  73 74 61 6c 6c 65 64 2c
20 75 70 67 72 61 64 65  2c 20 61 63 74 69 6f 6e
54 65 78 74 20 7d 29 20  3d 3e 20 28 0a 20 20 20
20 20 20 20 20 20 20 20  20 20 20 20 20 20 20 20
20 20 20 20 20 3c 64 69  76 20 63 6c 61 73 73 4e
61 6d 65 3d 22 61 70 70  73 2d 6d 61 72 6b 65 74
2d 72 6f 77 22 20 6b 65  79 3d 7b 61 70 70 2e 69
64 7d 20 64 61 74 61 2d  73 74 61 74 65 3d 7b 69
6e 73 74 61 6c 6c 65 64  20 3f 20 27 69 6e 73 74
61 6c 6c 65 64 27 20 3a  20 75 70 67 72 61 64 65
20 3f 20 27 75 70 67 72  61 64 65 27 20 3a 20 27
61 76 61 69 6c 61 62 6c  65 27 7d 3e 0a 20 20 20
20 20 20 20 20 20 20 20  20 20 20 20 20 20 20 20
20 20 20 20 20 20 20 20  20 3c 73 70 61 6e 20 63
6c 61 73 73 4e 61 6d 65  3d 22 61 70 70 73 2d 61
70 70 2d 69 63 6f 6e 22  20 73 74 79 6c 65 3d 7b
7b 20 27 2d 2d 61 70 70  73 2d 69 63 6f 6e 2d 63
6f 6c 6f 72 27 3a 20 61  70 70 2e 61 63 63 65 6e
74 20 7d 20 61 73 20 43  53 53 50 72 6f 70 65 72
74 69 65 73 7d 3e 3c 49  63 6f 6e 20 6e 61 6d 65
3d 7b 61 70 70 2e 69 63  6f 6e 7d 20 2f 3e 3c 2f
73 70 61 6e 3e 0a 20 20  20 20 20 20 20 20 20 20
20 20 20 20 20 20 20 20  20 20 20 20 20 20 20 20
20 20 3c 64 69 76 20 63  6c 61 73 73 4e 61 6d 65
3d 22 61 70 70 73 2d 6d  61 72 6b 65 74 2d 72 6f
77 5f 5f 6d 61 69 6e 22  3e 0a 20 20 20 20 20 20
20 20 20 20 20 20 20 20  20 20 20 20 20 20 20 20
20 20 20 20 20 20 20 20  20 20 3c 73 74 72 6f 6e
67 3e 7b 61 70 70 2e 6e  61 6d 65 7d 3c 2f 73 74
72 6f 6e 67 3e 0a 20 20  20 20 20 20 20 20 20 20
20 20 20 20 20 20 20 20  20 20 20 20 20 20 20 20
20 20 20 20 20 20 3c 73  70 61 6e 3e 7b 61 70 70
2e 64 65 73 63 72 69 70  74 69 6f 6e 7d 3c 2f 73
70 61 6e 3e 0a 20 20 20  20 20 20 20 20 20 20 20
20 20 20 20 20 20 20 20  20 20 20 20 20 20 20 20
20 20 20 20 20 3c 73 6d  61 6c 6c 3e 7b 61 70 70
2e 63 61 74 65 67 6f 72  79 7d 20 c2 b7 20 7b 61
70 70 4b 69 6e 64 73 5b  61 70 70 2e 6b 69 6e 64
5d 5b 69 73 5a 68 28 6c  61 6e 67 29 20 3f 20 27
7a 68 27 20 3a 20 27 65  6e 27 5d 7d 20 c2 b7 20
7b 73 6f 75 72 63 65 4c  61 62 65 6c 73 5b 61 70
70 2e 73 6f 75 72 63 65  5d 5b 69 73 5a 68 28 6c
61 6e 67 29 20 3f 20 27  7a 68 27 20 3a 20 27 65
6e 27 5d 7d 3c 2f 73 6d  61 6c 6c 3e 0a 20 20 20
20 20 20 20 20 20 20 20  20 20 20 20 20 20 20 20
20 20 20 20 20 20 20 20  20 3c 2f 64 69 76 3e 0a
20 20 20 20 20 20 20 20  20 20 20 20 20 20 20 20
20 20 20 20 20 20 20 20  20 20 20 20 3c 62 75 74
74 6f 6e 20 63 6c 61 73  73 4e 61 6d 65 3d 7b 69
6e 73 74 61 6c 6c 65 64  20 3f 20 27 61 70 70 73
2d 73 65 63 6f 6e 64 61  72 79 2d 62 75 74 74 6f
6e 27 20 3a 20 27 61 70  70 73 2d 70 72 69 6d 61
72 79 2d 62 75 74 74 6f  6e 27 7d 20 74 79 70 65
3d 22 62 75 74 74 6f 6e  22 20 64 69 73 61 62 6c
65 64 3d 7b 69 6e 73 74  61 6c 6c 65 64 7d 20 74
69 74 6c 65 3d 7b 60 24  7b 61 63 74 69 6f 6e 54
65 78 74 7d 3a 20 24 7b  61 70 70 2e 6e 61 6d 65
7d 60 7d 20 61 72 69 61  2d 6c 61 62 65 6c 3d 7b
60 24 7b 61 63 74 69 6f  6e 54 65 78 74 7d 3a 20
24 7b 61 70 70 2e 6e 61  6d 65 7d 60 7d 20 6f 6e
43 6c 69 63 6b 3d 7b 28  29 20 3d 3e 20 6f 6e 49
6e 73 74 61 6c 6c 41 70  70 28 61 70 70 29 7d 3e
0a 20 20 20 20 20 20 20  20 20 20 20 20 20 20 20
20 20 20 20 20 20 20 20  20 20 20 20 20 20 20 20
20 7b 61 63 74 69 6f 6e  54 65 78 74 7d 0a 20 20
20 20 20 20 20 20 20 20  20 20 20 20 20 20 20 20
20 20 20 20 20 20 20 20  20 20 3c 2f 62 75 74 74
6f 6e 3e 0a 20 20 20 20  20 20 20 20 20 20 20 20
20 20 20 20 20 20 20 20  20 20 20 20 3c 2f 64 69
76 3e 0a 20 20 20 20 20  20 20 20 20 20 20 20 20
20 20 20 20 20 20 20 29  29 7d 0a 20 20 20 20 20
20 20 20 20 20 20 20 20  20 20 20 3c 2f 64 69 76
3e 0a 20 20 20 20 20 20  20 20 20 20 20 20 3c 2f
73 65 63 74 69 6f 6e 3e  0a 20 20 20 20 20 20 20
20 20 20 20 20 3c 64 65  74 61 69 6c 73 20 63 6c
61 73 73 4e 61 6d 65 3d  22 61 70 70 73 2d 6d 61
72 6b 65 74 2d 69 6e 73  74 61 6c 6c 22 3e 0a 20
20 20 20 20 20 20 20 20  20 20 20 20 20 20 20 3c
73 75 6d 6d 61 72 79 3e  0a 20 20 20 20 20 20 20
20 20 20 20 20 20 20 20  20 20 20 20 20 3c 73 70
61 6e 3e 0a 20 20 20 20  20 20 20 20 20 20 20 20
20 20 20 20 20 20 20 20  20 20 20 20 3c 73 70 61
6e 20 63 6c 61 73 73 4e  61 6d 65 3d 22 61 70 70
73 2d 64 65 66 69 6e 69  74 69 6f 6e 5f 5f 74 69
74 6c 65 22 3e 7b 74 65  78 74 2e 6d 61 72 6b 65
74 41 64 76 61 6e 63 65  64 49 6d 70 6f 72 74 7d
3c 2f 73 70 61 6e 3e 0a  20 20 20 20 20 20 20 20
20 20 20 20 20 20 20 20  20 20 20 20 20 20 20 20
3c 73 70 61 6e 20 63 6c  61 73 73 4e 61 6d 65 3d
22 61 70 70 73 2d 6d 61  72 6b 65 74 2d 6c 69 73
74 5f 5f 6d 65 74 61 22  3e 7b 74 65 78 74 2e 6d
61 72 6b 65 74 41 64 76  61 6e 63 65 64 49 6d 70
6f 72 74 48 69 6e 74 7d  3c 2f 73 70 61 6e 3e 0a
20 20 20 20 20 20 20 20  20 20 20 20 20 20 20 20
20 20 20 20 3c 2f 73 70  61 6e 3e 0a 20 20 20 20
20 20 20 20 20 20 20 20  20 20 20 20 3c 2f 73 75
6d 6d 61 72 79 3e 0a 20  20 20 20 20 20 20 20 20
20 20 20 20 20 20 20 3c  64 69 76 20 63 6c 61 73
73 4e 61 6d 65 3d 22 61  70 70 73 2d 6d 61 72 6b
65 74 2d 69 6e 73 74 61  6c 6c 5f 5f 62 6f 64 79
22 3e 0a 20 20 20 20 20  20 20 20 20 20 20 20 20
20 20 20 20 20 20 20 3c  64 69 76 20 63 6c 61 73
73 4e 61 6d 65 3d 22 61  70 70 73 2d 70 72 65 76
69 65 77 2d 74 69 74 6c  65 2d 72 6f 77 22 3e 0a
20 20 20 20 20 20 20 20  20 20 20 20 20 20 20 20
20 20 20 20 20 20 20 20  3c 64 69 76 20 63 6c 61
73 73 4e 61 6d 65 3d 22  61 70 70 73 2d 64 65 66
69 6e 69 74 69 6f 6e 5f  5f 74 69 74 6c 65 22 3e
7b 74 65 78 74 2e 69 6e  73 74 61 6c 6c 4d 61 6e
69 66 65 73 74 7d 3c 2f  64 69 76 3e 0a 20 20 20
20 20 20 20 20 20 20 20  20 20 20 20 20 20 20 20
20 20 20 20 20 3c 62 75  74 74 6f 6e 20 63 6c 61
73 73 4e 61 6d 65 3d 22  61 70 70 73 2d 70 72 69
6d 61 72 79 2d 62 75 74  74 6f 6e 22 20 74 79 70
65 3d 22 62 75 74 74 6f  6e 22 20 64 69 73 61 62
6c 65 64 3d 7b 21 6d 61  6e 69 66 65 73 74 54 65
78 74 2e 74 72 69 6d 28  29 20 7c 7c 20 21 21 69
6e 73 74 61 6c 6c 50 72  65 76 69 65 77 2e 65 72
72 6f 72 20 7c 7c 20 62  61 63 6b 65 6e 64 49 6e
73 74 61 6c 6c 50 6c 61  6e 53 74 61 74 65 20 3d
3d 3d 20 27 6c 6f 61 64  69 6e 67 27 20 7c 7c 20
73 65 6c 65 63 74 65 64  48 61 73 4d 69 73 73 69
6e 67 52 65 71 75 69 72  65 64 44 65 70 65 6e 64
65 6e 63 79 20 7c 7c 20  28 69 6e 73 74 61 6c 6c
50 6c 61 6e 2e 6c 65 6e  67 74 68 20 3e 20 30 20
26 26 20 73 65 6c 65 63  74 65 64 49 6e 73 74 61
6c 6c 43 6f 75 6e 74 20  3d 3d 3d 20 30 29 7d 20
6f 6e 43 6c 69 63 6b 3d  7b 69 6e 73 74 61 6c 6c
4d 61 6e 69 66 65 73 74  7d 3e 7b 63 6f 6e 66 69
72 6d 48 69 67 68 52 69  73 6b 49 6e 73 74 61 6c
6c 20 3f 20 74 65 78 74  2e 63 6f 6e 66 69 72 6d
48 69 67 68 52 69 73 6b  49 6e 73 74 61 6c 6c 20
3a 20 74 65 78 74 2e 69  6e 73 74 61 6c 6c 7d 3c
2f 62 75 74 74 6f 6e 3e  0a 20 20 20 20 20 20 20
20 20 20 20 20 20 20 20  20 20 20 20 20 3c 2f 64
69 76 3e 0a 20 20 20 20  20 20 20 20 20 20 20 20
20 20 20 20 20 20 20 20  3c 74 65 78 74 61 72 65
61 20 61 72 69 61 2d 6c  61 62 65 6c 3d 7b 74 65
78 74 2e 69 6e 73 74 61  6c 6c 4d 61 6e 69 66 65
73 74 7d 20 76 61 6c 75  65 3d 7b 6d 61 6e 69 66
65 73 74 54 65 78 74 7d  20 6f 6e 43 68 61 6e 67
65 3d 7b 28 65 76 65 6e  74 29 20 3d 3e 20 7b 0a
20 20 20 20 20 20 20 20  20 20 20 20 20 20 20 20
20 20 20 20 20 20 20 20  73 65 74 4d 61 6e 69 66
65 73 74 54 65 78 74 28  65 76 65 6e 74 2e 74 61
72 67 65 74 2e 76 61 6c  75 65 29 3b 0a 20 20 20
20 20 20 20 20 20 20 20  20 20 20 20 20 20 20 20
20 20 20 20 20 73 65 74  49 6e 73 74 61 6c 6c 53
74 61 74 65 28 27 69 64  6c 65 27 29 3b 0a 20 20
20 20 20 20 20 20 20 20  20 20 20 20 20 20 20 20
20 20 20 20 20 20 73 65  74 49 6e 73 74 61 6c 6c
4d 65 73 73 61 67 65 28  27 27 29 3b 0a 20 20 20
20 20 20 20 20 20 20 20  20 20 20 20 20 20 20 20
20 20 20 20 20 73 65 74  49 6e 73 74 61 6c 6c 52
65 73 75 6c 74 49 74 65  6d 73 28 5b 5d 29 3b 0a
20 20 20 20 20 20 20 20  20 20 20 20 20 20 20 20
20 20 20 20 20 20 20 20  73 65 74 43 6f 6e 66 69
72 6d 48 69 67 68 52 69  73 6b 49 6e 73 74 61 6c
6c 28 66 61 6c 73 65 29  3b 0a 20 20 20 20 20 20
20 20 20 20 20 20 20 20  20 20 20 20 20 20 20 20
20 20 73 65 74 53 65 6c  65 63 74 65 64 49 6e 73
74 61 6c 6c 4b 65 79 73  28 6e 75 6c 6c 29 3b 0a
20 20 20 20 20 20 20 20  20 20 20 20 20 20 20 20
20 20 20 20 7d 7d 20 70  6c 61 63 65 68 6f 6c 64
65 72 3d 7b 74 65 78 74  2e 70 61 73 74 65 4d 61
6e 69 66 65 73 74 7d 20  2f 3e 0a 20 20 20 20 20
20 20 20 20 20 20 20 20  20 20 20 20 20 20 20 7b
68 61 73 4c 69 76 65 4d  61 6e 69 66 65 73 74 45
72 72 6f 72 20 26 26 20  28 0a 20 20 20 20 20 20
20 20 20 20 20 20 20 20  20 20 20 20 20 20 20 20
20 20 3c 64 69 76 20 63  6c 61 73 73 4e 61 6d 65
3d 22 61 70 70 73 2d 72  65 73 75 6c 74 2d 70 61
6e 65 6c 22 20 64 61 74  61 2d 73 74 61 74 65 3d
22 65 72 72 6f 72 22 20  72 6f 6c 65 3d 22 61 6c
65 72 74 22 3e 0a 20 20  20 20 20 20 20 20 20 20
20 20 20 20 20 20 20 20  20 20 20 20 20 20 20 20
20 20 3c 73 70 61 6e 3e  7b 60 24 7b 74 65 78 74
2e 69 6e 73 74 61 6c 6c  45 72 72 6f 72 7d 3a 20
24 7b 69 6e 73 74 61 6c  6c 50 72 65 76 69 65 77
2e 65 72 72 6f 72 7d 60  7d 3c 2f 73 70 61 6e 3e
0a 20 20 20 20 20 20 20  20 20 20 20 20 20 20 20
20 20 20 20 20 20 20 20  20 3c 2f 64 69 76 3e 0a
20 20 20 20 20 20 20 20  20 20 20 20 20 20 20 20
20 20 20 20 29 7d 0a 20  20 20 20 20 20 20 20 20
20 20 20 20 20 20 20 20  20 20 20 7b 69 6e 73 74
61 6c 6c 50 6c 61 6e 2e  6c 65 6e 67 74 68 20 3e
20 30 20 26 26 20 28 0a  20 20 20 20 20 20 20 20
20 20 20 20 20 20 20 20  20 20 20 20 20 20 20 20
3c 64 69 76 20 63 6c 61  73 73 4e 61 6d 65 3d 22
61 70 70 73 2d 69 6e 73  74 61 6c 6c 2d 70 72 65
76 69 65 77 22 3e 0a 20  20 20 20 20 20 20 20 20
20 20 20 20 20 20 20 20  20 20 20 20 20 20 20 20
20 20 20 7b 63 6f 6e 66  69 72 6d 48 69 67 68 52
69 73 6b 49 6e 73 74 61  6c 6c 20 26 26 20 3c 64
69 76 20 63 6c 61 73 73  4e 61 6d 65 3d 22 61 70
70 73 2d 69 6e 73 74 61  6c 6c 2d 70 72 65 76 69
65 77 5f 5f 77 61 72 6e  69 6e 67 22 20 72 6f 6c
65 3d 22 61 6c 65 72 74  22 3e 7b 74 65 78 74 2e
68 69 67 68 52 69 73 6b  49 6e 73 74 61 6c 6c 57
61 72 6e 69 6e 67 7d 3c  2f 64 69 76 3e 7d 0a 20
20 20 20 20 20 20 20 20  20 20 20 20 20 20 20 20
20 20 20 20 20 20 20 20  20 20 20 3c 64 69 76 20
63 6c 61 73 73 4e 61 6d  65 3d 22 61 70 70 73 2d
70 72 65 76 69 65 77 2d  74 69 74 6c 65 2d 72 6f
77 22 3e 0a 20 20 20 20  20 20 20 20 20 20 20 20
20 20 20 20 20 20 20 20  20 20 20 20 20 20 20 20
20 20 20 20 3c 64 69 76  20 63 6c 61 73 73 4e 61
6d 65 3d 22 61 70 70 73  2d 64 65 66 69 6e 69 74
69 6f 6e 5f 5f 74 69 74  6c 65 22 3e 7b 74 65 78
74 2e 69 6e 73 74 61 6c  6c 50 72 65 76 69 65 77
7d 3c 2f 64 69 76 3e 0a  20 20 20 20 20 20 20 20
20 20 20 20 20 20 20 20  20 20 20 20 20 20 20 20
20 20 20 20 20 20 20 20  3c 64 69 76 20 63 6c 61
73 73 4e 61 6d 65 3d 22  61 70 70 73 2d 69 6e 73
74 61 6c 6c 2d 70 72 65  76 69 65 77 5f 5f 74 6f
6f 6c 73 22 3e 0a 20 20  20 20 20 20 20 20 20 20
20 20 20 20 20 20 20 20  20 20 20 20 20 20 20 20
20 20 20 20 20 20 20 20  20 20 3c 62 75 74 74 6f
6e 20 63 6c 61 73 73 4e  61 6d 65 3d 22 61 70 70
73 2d 73 65 63 6f 6e 64  61 72 79 2d 62 75 74 74
6f 6e 22 20 74 79 70 65  3d 22 62 75 74 74 6f 6e
22 20 64 69 73 61 62 6c  65 64 3d 7b 69 6e 73 74
61 6c 6c 61 62 6c 65 4b  65 79 73 2e 6c 65 6e 67
74 68 20 3d 3d 3d 20 30  20 7c 7c 20 73 65 6c 65
63 74 65 64 49 6e 73 74  61 6c 6c 43 6f 75 6e 74
20 3d 3d 3d 20 69 6e 73  74 61 6c 6c 61 62 6c 65
4b 65 79 73 2e 6c 65 6e  67 74 68 7d 20 6f 6e 43
6c 69 63 6b 3d 7b 28 29  20 3d 3e 20 7b 20 73 65
74 43 6f 6e 66 69 72 6d  48 69 67 68 52 69 73 6b
49 6e 73 74 61 6c 6c 28  66 61 6c 73 65 29 3b 20
73 65 74 53 65 6c 65 63  74 65 64 49 6e 73 74 61
6c 6c 4b 65 79 73 28 69  6e 73 74 61 6c 6c 61 62
6c 65 4b 65 79 73 29 3b  20 7d 7d 3e 7b 74 65 78
74 2e 73 65 6c 65 63 74  41 6c 6c 7d 3c 2f 62 75
74 74 6f 6e 3e 0a 20 20  20 20 20 20 20 20 20 20
20 20 20 20 20 20 20 20  20 20 20 20 20 20 20 20
20 20 20 20 20 20 20 20  20 20 3c 62 75 74 74 6f
6e 20 63 6c 61 73 73 4e  61 6d 65 3d 22 61 70 70
73 2d 73 65 63 6f 6e 64  61 72 79 2d 62 75 74 74
6f 6e 22 20 74 79 70 65  3d 22 62 75 74 74 6f 6e
22 20 64 69 73 61 62 6c  65 64 3d 7b 73 65 6c 65
63 74 65 64 49 6e 73 74  61 6c 6c 43 6f 75 6e 74
20 3d 3d 3d 20 30 7d 20  6f 6e 43 6c 69 63 6b 3d
7b 28 29 20 3d 3e 20 7b  20 73 65 74 43 6f 6e 66
69 72 6d 48 69 67 68 52  69 73 6b 49 6e 73 74 61
6c 6c 28 66 61 6c 73 65  29 3b 20 73 65 74 53 65
6c 65 63 74 65 64 49 6e  73 74 61 6c 6c 4b 65 79
73 28 5b 5d 29 3b 20 7d  7d 3e 7b 74 65 78 74 2e
63 6c 65 61 72 53 65 6c  65 63 74 69 6f 6e 7d 3c
2f 62 75 74 74 6f 6e 3e  0a 20 20 20 20 20 20 20
20 20 20 20 20 20 20 20  20 20 20 20 20 20 20 20
20 20 20 20 20 20 20 20  20 20 20 20 20 3c 73 70
61 6e 20 63 6c 61 73 73  4e 61 6d 65 3d 22 61 70
70 73 2d 63 6f 75 6e 74  22 3e 7b 60 24 7b 74 65
78 74 2e 69 6e 73 74 61  6c 6c 61 62 6c 65 43 6f
75 6e 74 7d 20 24 7b 69  6e 73 74 61 6c 6c 61 62
6c 65 4b 65 79 73 2e 6c  65 6e 67 74 68 20 2d 20
75 70 67 72 61 64 65 61  62 6c 65 43 6f 75 6e 74
7d 20 c2 b7 20 24 7b 74  65 78 74 2e 75 70 67 72
61 64 65 61 62 6c 65 43  6f 75 6e 74 7d 20 24 7b
75 70 67 72 61 64 65 61  62 6c 65 43 6f 75 6e 74
7d 20 c2 b7 20 24 7b 74  65 78 74 2e 77 69 6c 6c
53 6b 69 70 7d 20 24 7b  73 6b 69 70 70 65 64 50
72 65 76 69 65 77 43 6f  75 6e 74 7d 60 7d 3c 2f
73 70 61 6e 3e 0a 20 20  20 20 20 20 20 20 20 20
20 20 20 20 20 20 20 20  20 20 20 20 20 20 20 20
20 20 20 20 20 20 20 20  20 20 3c 73 70 61 6e 20
63 6c 61 73 73 4e 61 6d  65 3d 22 61 70 70 73 2d
63 6f 75 6e 74 22 3e 7b  73 65 6c 65 63 74 65 64
49 6e 73 74 61 6c 6c 43  6f 75 6e 74 7d 2f 7b 69
6e 73 74 61 6c 6c 50 6c  61 6e 2e 6c 65 6e 67 74
68 7d 3c 2f 73 70 61 6e  3e 0a 20 20 20 20 20 20
20 20 20 20 20 20 20 20  20 20 20 20 20 20 20 20
20 20 20 20 20 20 20 20  20 20 3c 2f 64 69 76 3e
0a 20 20 20 20 20 20 20  20 20 20 20 20 20 20 20
20 20 20 20 20 20 20 20  20 20 20 20 20 3c 2f 64
69 76 3e 0a 20 20 20 20  20 20 20 20 20 20 20 20
20 20 20 20 20 20 20 20  20 20 20 20 20 20 20 20
3c 64 69 76 20 63 6c 61  73 73 4e 61 6d 65 3d 22
61 70 70 73 2d 69 6e 73  74 61 6c 6c 2d 70 72 65
76 69 65 77 5f 5f 6c 69  73 74 22 3e 0a 20 20 20
20 20 20 20 20 20 20 20  20 20 20 20 20 20 20 20
20 20 20 20 20 20 20 20  20 20 20 20 20 7b 69 6e
73 74 61 6c 6c 50 6c 61  6e 2e 6d 61 70 28 28 69
74 65 6d 29 20 3d 3e 20  7b 0a 20 20 20 20 20 20
20 20 20 20 20 20 20 20  20 20 20 20 20 20 20 20
20 20 20 20 20 20 20 20  20 20 20 20 20 20 63 6f
6e 73 74 20 63 68 65 63  6b 65 64 20 3d 20 28 69
74 65 6d 2e 61 63 74 69  6f 6e 20 3d 3d 3d 20 27
69 6e 73 74 61 6c 6c 27  20 7c 7c 20 69 74 65 6d
2e 61 63 74 69 6f 6e 20  3d 3d 3d 20 27 75 70 67
72 61 64 65 27 29 20 26  26 20 73 65 6c 65 63 74
65 64 49 6e 73 74 61 6c  6c 53 65 74 2e 68 61 73
28 69 74 65 6d 2e 6b 65  79 29 3b 0a 20 20 20 20
20 20 20 20 20 20 20 20  20 20 20 20 20 20 20 20
20 20 20 20 20 20 20 20  20 20 20 20 20 20 20 20
63 6f 6e 73 74 20 73 74  61 74 75 73 54 65 78 74
20 3d 20 63 68 65 63 6b  65 64 0a 20 20 20 20 20
20 20 20 20 20 20 20 20  20 20 20 20 20 20 20 20
20 20 20 20 20 20 20 20  20 20 20 20 20 20 20 20
20 20 20 3f 20 69 74 65  6d 2e 61 63 74 69 6f 6e
20 3d 3d 3d 20 27 75 70  67 72 61 64 65 27 20 3f
20 60 24 7b 74 65 78 74  2e 77 69 6c 6c 55 70 67
72 61 64 65 7d 20 76 24  7b 6e 6f 72 6d 61 6c 69
7a 65 41 70 70 56 65 72  73 69 6f 6e 28 69 74 65
6d 2e 69 6e 73 74 61 6c  6c 65 64 3f 2e 76 65 72
73 69 6f 6e 29 7d 20 2d  3e 20 76 24 7b 6e 6f 72
6d 61 6c 69 7a 65 41 70  70 56 65 72 73 69 6f 6e
28 69 74 65 6d 2e 61 70  70 2e 76 65 72 73 69 6f
6e 29 7d 60 20 3a 20 74  65 78 74 2e 77 69 6c 6c
49 6e 73 74 61 6c 6c 0a  20 20 20 20 20 20 20 20
20 20 20 20 20 20 20 20  20 20 20 20 20 20 20 20
20 20 20 20 20 20 20 20  20 20 20 20 20 20 20 20
3a 20 69 74 65 6d 2e 61  63 74 69 6f 6e 20 3d 3d
3d 20 27 69 6e 73 74 61  6c 6c 65 64 27 0a 20 20
20 20 20 20 20 20 20 20  20 20 20 20 20 20 20 20
20 20 20 20 20 20 20 20  20 20 20 20 20 20 20 20
20 20 20 20 20 20 20 20  20 20 3f 20 60 24 7b 74
65 78 74 2e 77 69 6c 6c  53 6b 69 70 7d 20 c2 b7
20 24 7b 74 65 78 74 2e  61 6c 72 65 61 64 79 49
6e 73 74 61 6c 6c 65 64  7d 60 0a 20 20 20 20 20
20 20 20 20 20 20 20 20  20 20 20 20 20 20 20 20
20 20 20 20 20 20 20 20  20 20 20 20 20 20 20 20
20 20 20 20 20 20 20 3a  20 69 74 65 6d 2e 61 63
74 69 6f 6e 20 3d 3d 3d  20 27 64 75 70 6c 69 63
61 74 65 27 0a 20 20 20  20 20 20 20 20 20 20 20
20 20 20 20 20 20 20 20  20 20 20 20 20 20 20 20
20 20 20 20 20 20 20 20  20 20 20 20 20 20 20 20
20 20 20 20 20 3f 20 60  24 7b 74 65 78 74 2e 77
69 6c 6c 53 6b 69 70 7d  20 c2 b7 20 24 7b 74 65
78 74 2e 64 75 70 6c 69  63 61 74 65 41 70 70 7d
60 0a 20 20 20 20 20 20  20 20 20 20 20 20 20 20
20 20 20 20 20 20 20 20  20 20 20 20 20 20 20 20
20 20 20 20 20 20 20 20  20 20 20 20 20 20 20 20
20 20 3a 20 60 24 7b 74  65 78 74 2e 77 69 6c 6c
53 6b 69 70 7d 20 c2 b7  20 24 7b 74 65 78 74 2e
6e 6f 74 53 65 6c 65 63  74 65 64 7d 60 3b 0a 20
20 20 20 20 20 20 20 20  20 20 20 20 20 20 20 20
20 20 20 20 20 20 20 20  20 20 20 20 20 20 20 20
20 20 20 63 6f 6e 73 74  20 63 68 65 63 6b 62 6f
78 4c 61 62 65 6c 20 3d  20 60 24 7b 69 74 65 6d
2e 61 70 70 2e 6e 61 6d  65 7d 20 c2 b7 20 24 7b
73 74 61 74 75 73 54 65  78 74 7d 60 3b 0a 20 20
20 20 20 20 20 20 20 20  20 20 20 20 20 20 20 20
20 20 20 20 20 20 20 20  20 20 20 20 20 20 20 20
20 20 72 65 74 75 72 6e  20 28 0a 20 20 20 20 20
20 20 20 20 20 20 20 20  20 20 20 20 20 20 20 20
20 20 20 20 20 20 20 20  20 20 20 20 20 20 20 3c
6c 61 62 65 6c 20 63 6c  61 73 73 4e 61 6d 65 3d
22 61 70 70 73 2d 69 6e  73 74 61 6c 6c 2d 70 72
65 76 69 65 77 5f 5f 72  6f 77 22 20 6b 65 79 3d
7b 69 74 65 6d 2e 6b 65  79 7d 20 64 61 74 61 2d
61 63 74 69 6f 6e 3d 7b  63 68 65 63 6b 65 64 20
3f 20 27 69 6e 73 74 61  6c 6c 27 20 3a 20 27 73
6b 69 70 27 7d 20 74 69  74 6c 65 3d 7b 73 74 61
74 75 73 54 65 78 74 7d  3e 0a 20 20 20 20 20 20
20 20 20 20 20 20 20 20  20 20 20 20 20 20 20 20
20 20 20 20 20 20 20 20  20 20 20 20 20 20 20 20
20 20 3c 69 6e 70 75 74  0a 20 20 20 20 20 20 20
20 20 20 20 20 20 20 20  20 20 20 20 20 20 20 20
20 20 20 20 20 20 20 20  20 20 20 20 20 20 20 20
20 20 20 20 20 74 79 70  65 3d 22 63 68 65 63 6b
62 6f 78 22 0a 20 20 20  20 20 20 20 20 20 20 20
20 20 20 20 20 20 20 20  20 20 20 20 20 20 20 20
20 20 20 20 20 20 20 20  20 20 20 20 20 20 20 20
20 61 72 69 61 2d 6c 61  62 65 6c 3d 7b 63 68 65
63 6b 62 6f 78 4c 61 62  65 6c 7d 0a 20 20 20 20
20 20 20 20 20 20 20 20  20 20 20 20 20 20 20 20
20 20 20 20 20 20 20 20  20 20 20 20 20 20 20 20
20 20 20 20 20 20 20 20  63 68 65 63 6b 65 64 3d
7b 63 68 65 63 6b 65 64  7d 0a 20 20 20 20 20 20
20 20 20 20 20 20 20 20  20 20 20 20 20 20 20 20
20 20 20 20 20 20 20 20  20 20 20 20 20 20 20 20
20 20 20 20 20 20 64 69  73 61 62 6c 65 64 3d 7b
69 74 65 6d 2e 61 63 74  69 6f 6e 20 21 3d 3d 20
27 69 6e 73 74 61 6c 6c  27 20 26 26 20 69 74 65
6d 2e 61 63 74 69 6f 6e  20 21 3d 3d 20 27 75 70
67 72 61 64 65 27 7d 0a  20 20 20 20 20 20 20 20
20 20 20 20 20 20 20 20  20 20 20 20 20 20 20 20
20 20 20 20 20 20 20 20  20 20 20 20 20 20 20 20
20 20 20 20 6f 6e 43 68  61 6e 67 65 3d 7b 28 65
76 65 6e 74 29 20 3d 3e  20 7b 0a 20 20 20 20 20
20 20 20 20 20 20 20 20  20 20 20 20 20 20 20 20
20 20 20 20 20 20 20 20  20 20 20 20 20 20 20 20
20 20 20 20 20 20 20 20  20 20 20 73 65 74 53 65
6c 65 63 74 65 64 49 6e  73 74 61 6c 6c 4b 65 79
73 28 28 63 75 72 72 65  6e 74 29 20 3d 3e 20 7b
0a 20 20 20 20 20 20 20  20 20 20 20 20 20 20 20
20 20 20 20 20 20 20 20  20 20 20 20 20 20 20 20
20 20 20 20 20 20 20 20  20 20 20 20 20 20 20 20
20 20 20 20 20 63 6f 6e  73 74 20 6e 65 78 74 4b
65 79 73 20 3d 20 63 75  72 72 65 6e 74 20 3f 3f
20 69 6e 73 74 61 6c 6c  61 62 6c 65 4b 65 79 73
3b 0a 20 20 20 20 20 20  20 20 20 20 20 20 20 20
20 20 20 20 20 20 20 20  20 20 20 20 20 20 20 20
20 20 20 20 20 20 20 20  20 20 20 20 20 20 20 20
20 20 20 20 20 20 72 65  74 75 72 6e 20 65 76 65
6e 74 2e 74 61 72 67 65  74 2e 63 68 65 63 6b 65
64 0a 20 20 20 20 20 20  20 20 20 20 20 20 20 20
20 20 20 20 20 20 20 20  20 20 20 20 20 20 20 20
20 20 20 20 20 20 20 20  20 20 20 20 20 20 20 20
20 20 20 20 20 20 20 20  20 20 3f 20 41 72 72 61
79 2e 66 72 6f 6d 28 6e  65 77 20 53 65 74 28 5b
2e 2e 2e 6e 65 78 74 4b  65 79 73 2c 20 69 74 65
6d 2e 6b 65 79 5d 29 29  0a 20 20 20 20 20 20 20
20 20 20 20 20 20 20 20  20 20 20 20 20 20 20 20
20 20 20 20 20 20 20 20  20 20 20 20 20 20 20 20
20 20 20 20 20 20 20 20  20 20 20 20 20 20 20 20
20 3a 20 6e 65 78 74 4b  65 79 73 2e 66 69 6c 74
65 72 28 28 6b 65 79 29  20 3d 3e 20 6b 65 79 20
21 3d 3d 20 69 74 65 6d  2e 6b 65 79 29 3b 0a 20
20 20 20 20 20 20 20 20  20 20 20 20 20 20 20 20
20 20 20 20 20 20 20 20  20 20 20 20 20 20 20 20
20 20 20 20 20 20 20 20  20 20 20 20 20 20 20 7d
29 3b 0a 20 20 20 20 20  20 20 20 20 20 20 20 20
20 20 20 20 20 20 20 20  20 20 20 20 20 20 20 20
20 20 20 20 20 20 20 20  20 20 20 20 20 20 20 20
20 20 20 73 65 74 43 6f  6e 66 69 72 6d 48 69 67
68 52 69 73 6b 49 6e 73  74 61 6c 6c 28 66 61 6c
73 65 29 3b 0a 20 20 20  20 20 20 20 20 20 20 20
20 20 20 20 20 20 20 20  20 20 20 20 20 20 20 20
20 20 20 20 20 20 20 20  20 20 20 20 20 20 20 20
20 7d 7d 0a 20 20 20 20  20 20 20 20 20 20 20 20
20 20 20 20 20 20 20 20  20 20 20 20 20 20 20 20
20 20 20 20 20 20 20 20  20 20 20 20 2f 3e 0a 20
20 20 20 20 20 20 20 20  20 20 20 20 20 20 20 20
20 20 20 20 20 20 20 20  20 20 20 20 20 20 20 20
20 20 20 20 20 20 20 3c  73 70 61 6e 20 63 6c 61
73 73 4e 61 6d 65 3d 22  61 70 70 73 2d 61 70 70
2d 69 63 6f 6e 22 20 73  74 79 6c 65 3d 7b 7b 20
27 2d 2d 61 70 70 73 2d  69 63 6f 6e 2d 63 6f 6c
6f 72 27 3a 20 69 74 65  6d 2e 61 70 70 2e 61 63
63 65 6e 74 20 7d 20 61  73 20 43 53 53 50 72 6f
70 65 72 74 69 65 73 7d  3e 3c 49 63 6f 6e 20 6e
61 6d 65 3d 7b 69 74 65  6d 2e 61 70 70 2e 69 63
6f 6e 7d 20 2f 3e 3c 2f  73 70 61 6e 3e 0a 20 20
20 20 20 20 20 20 20 20  20 20 20 20 20 20 20 20
20 20 20 20 20 20 20 20  20 20 20 20 20 20 20 20
20 20 20 20 20 20 3c 64  69 76 3e 0a 20 20 20 20
20 20 20 20 20 20 20 20  20 20 20 20 20 20 20 20
20 20 20 20 20 20 20 20  20 20 20 20 20 20 20 20
20 20 20 20 20 20 20 20  3c 73 74 72 6f 6e 67 3e
7b 69 74 65 6d 2e 61 70  70 2e 6e 61 6d 65 7d 3c
2f 73 74 72 6f 6e 67 3e  0a 20 20 20 20 20 20 20
20 20 20 20 20 20 20 20  20 20 20 20 20 20 20 20
20 20 20 20 20 20 20 20  20 20 20 20 20 20 20 20
20 20 20 20 20 3c 73 70  61 6e 3e 7b 69 74 65 6d
2e 61 70 70 2e 63 61 74  65 67 6f 72 79 7d 20 c2
b7 20 7b 61 70 70 4b 69  6e 64 73 5b 69 74 65 6d
2e 61 70 70 2e 6b 69 6e  64 5d 5b 69 73 5a 68 28
6c 61 6e 67 29 20 3f 20  27 7a 68 27 20 3a 20 27
65 6e 27 5d 7d 3c 2f 73  70 61 6e 3e 0a 20 20 20
20 20 20 20 20 20 20 20  20 20 20 20 20 20 20 20
20 20 20 20 20 20 20 20  20 20 20 20 20 20 20 20
20 20 20 20 20 20 20 20  20 7b 69 74 65 6d 2e 64
65 70 65 6e 64 65 6e 63  69 65 73 2e 6c 65 6e 67
74 68 20 3e 20 30 20 26  26 20 3c 73 6d 61 6c 6c
3e 7b 69 73 5a 68 28 6c  61 6e 67 29 20 3f 20 27
e4 be 9d e8 b5 96 20 53  6b 69 6c 6c 27 20 3a 20
27 53 6b 69 6c 6c 20 64  65 70 65 6e 64 65 6e 63
69 65 73 27 7d 3a 20 7b  69 74 65 6d 2e 64 65 70
65 6e 64 65 6e 63 69 65  73 2e 6d 61 70 28 28 64
65 70 29 20 3d 3e 20 64  65 70 2e 76 65 72 73 69
6f 6e 20 3f 20 60 24 7b  64 65 70 2e 69 64 7d 40
24 7b 64 65 70 2e 76 65  72 73 69 6f 6e 7d 60 20
3a 20 64 65 70 2e 69 64  29 2e 6a 6f 69 6e 28 27
2c 20 27 29 7d 3c 2f 73  6d 61 6c 6c 3e 7d 0a 20
20 20 20 20 20 20 20 20  20 20 20 20 20 20 20 20
20 20 20 20 20 20 20 20  20 20 20 20 20 20 20 20
20 20 20 20 20 20 20 20  20 20 20 7b 69 74 65 6d
2e 61 63 74 69 6f 6e 20  3d 3d 3d 20 27 75 70 67
72 61 64 65 27 20 26 26  20 69 74 65 6d 2e 61 64
64 65 64 53 63 6f 70 65  73 2e 6c 65 6e 67 74 68
20 3e 20 30 20 26 26 20  28 0a 20 20 20 20 20 20
20 20 20 20 20 20 20 20  20 20 20 20 20 20 20 20
20 20 20 20 20 20 20 20  20 20 20 20 20 20 20 20
20 20 20 20 20 20 20 20  20 20 3c 73 6d 61 6c 6c
3e 0a 20 20 20 20 20 20  20 20 20 20 20 20 20 20
20 20 20 20 20 20 20 20  20 20 20 20 20 20 20 20
20 20 20 20 20 20 20 20  20 20 20 20 20 20 20 20
20 20 20 20 20 20 7b 74  65 78 74 2e 70 65 72 6d
69 73 73 69 6f 6e 43 68  61 6e 67 65 73 7d 3a 20
2b 7b 69 74 65 6d 2e 61  64 64 65 64 53 63 6f 70
65 73 2e 6a 6f 69 6e 28  27 2c 20 27 29 7d 0a 20
20 20 20 20 20 20 20 20  20 20 20 20 20 20 20 20
20 20 20 20 20 20 20 20  20 20 20 20 20 20 20 20
20 20 20 20 20 20 20 20  20 20 20 20 20 20 20 20
20 20 20 7b 69 74 65 6d  2e 68 69 67 68 52 69 73
6b 53 63 6f 70 65 73 2e  6c 65 6e 67 74 68 20 3e
20 30 20 3f 20 60 20 c2  b7 20 24 7b 74 65 78 74
2e 68 69 67 68 52 69 73  6b 50 65 72 6d 69 73 73
69 6f 6e 7d 3a 20 24 7b  69 74 65 6d 2e 68 69 67
68 52 69 73 6b 53 63 6f  70 65 73 2e 6a 6f 69 6e
28 27 2c 20 27 29 7d 60  20 3a 20 27 27 7d 0a 20
20 20 20 20 20 20 20 20  20 20 20 20 20 20 20 20
20 20 20 20 20 20 20 20  20 20 20 20 20 20 20 20
20 20 20 20 20 20 20 20  20 20 20 20 20 20 20 3c
2f 73 6d 61 6c 6c 3e 0a  20 20 20 20 20 20 20 20
20 20 20 20 20 20 20 20  20 20 20 20 20 20 20 20
20 20 20 20 20 20 20 20  20 20 20 20 20 20 20 20
20 20 20 20 29 7d 0a 20  20 20 20 20 20 20 20 20
20 20 20 20 20 20 20 20  20 20 20 20 20 20 20 20
20 20 20 20 20 20 20 20  20 20 20 20 20 20 20 3c
2f 64 69 76 3e 0a 20 20  20 20 20 20 20 20 20 20
20 20 20 20 20 20 20 20  20 20 20 20 20 20 20 20
20 20 20 20 20 20 20 20  20 20 20 20 20 20 3c 65
6d 3e 7b 73 74 61 74 75  73 54 65 78 74 7d 3c 2f
65 6d 3e 0a 20 20 20 20  20 20 20 20 20 20 20 20
20 20 20 20 20 20 20 20  20 20 20 20 20 20 20 20
20 20 20 20 20 20 20 20  3c 2f 6c 61 62 65 6c 3e
0a 20 20 20 20 20 20 20  20 20 20 20 20 20 20 20
20 20 20 20 20 20 20 20  20 20 20 20 20 20 20 20
20 29 3b 7d 29 7d 0a 20  20 20 20 20 20 20 20 20
20 20 20 20 20 20 20 20  20 20 20 20 20 20 20 20
20 20 20 3c 2f 64 69 76  3e 0a 20 20 20 20 20 20
20 20 20 20 20 20 20 20  20 20 20 20 20 20 20 20
20 20 3c 2f 64 69 76 3e  0a 20 20 20 20 20 20 20
20 20 20 20 20 20 20 20  20 20 20 20 20 29 7d 0a
20 20 20 20 20 20 20 20  20 20 20 20 20 20 20 20
20 20 20 20 7b 69 6e 73  74 61 6c 6c 53 74 61 74
65 20 21 3d 3d 20 27 69  64 6c 65 27 20 26 26 20
28 0a 20 20 20 20 20 20  20 20 20 20 20 20 20 20
20 20 20 20 20 20 20 20  20 20 3c 64 69 76 20 63
6c 61 73 73 4e 61 6d 65  3d 7b 60 61 70 70 73 2d
72 65 73 75 6c 74 2d 70  61 6e 65 6c 24 7b 69 6e
73 74 61 6c 6c 53 74 61  74 65 20 3d 3d 3d 20 27
69 6e 73 74 61 6c 6c 65  64 27 20 26 26 20 69 6e
73 74 61 6c 6c 52 65 73  75 6c 74 49 74 65 6d 73
2e 6c 65 6e 67 74 68 20  3e 20 30 20 3f 20 27 20
61 70 70 73 2d 72 65 73  75 6c 74 2d 70 61 6e 65
6c 2d 2d 73 74 61 63 6b  65 64 27 20 3a 20 27 27
7d 60 7d 20 64 61 74 61  2d 73 74 61 74 65 3d 7b
69 6e 73 74 61 6c 6c 53  74 61 74 65 20 3d 3d 3d
20 27 69 6e 73 74 61 6c  6c 65 64 27 20 3f 20 27
64 6f 6e 65 27 20 3a 20  27 65 72 72 6f 72 27 7d
20 72 6f 6c 65 3d 7b 69  6e 73 74 61 6c 6c 53 74
61 74 65 20 3d 3d 3d 20  27 69 6e 73 74 61 6c 6c
65 64 27 20 3f 20 27 73  74 61 74 75 73 27 20 3a
20 27 61 6c 65 72 74 27  7d 20 61 72 69 61 2d 6c
69 76 65 3d 7b 69 6e 73  74 61 6c 6c 53 74 61 74
65 20 3d 3d 3d 20 27 69  6e 73 74 61 6c 6c 65 64
27 20 3f 20 27 70 6f 6c  69 74 65 27 20 3a 20 75
6e 64 65 66 69 6e 65 64  7d 3e 0a 20 20 20 20 20
20 20 20 20 20 20 20 20  20 20 20 20 20 20 20 20
20 20 20 20 20 20 20 3c  73 70 61 6e 3e 7b 69 6e
73 74 61 6c 6c 53 74 61  74 65 20 3d 3d 3d 20 27
69 6e 73 74 61 6c 6c 65  64 27 20 3f 20 69 6e 73
74 61 6c 6c 4d 65 73 73  61 67 65 20 3a 20 60 24
7b 74 65 78 74 2e 69 6e  73 74 61 6c 6c 45 72 72
6f 72 7d 3a 20 24 7b 69  6e 73 74 61 6c 6c 4d 65
73 73 61 67 65 7d 60 7d  3c 2f 73 70 61 6e 3e 0a
20 20 20 20 20 20 20 20  20 20 20 20 20 20 20 20
20 20 20 20 20 20 20 20  20 20 20 20 7b 69 6e 73
74 61 6c 6c 53 74 61 74  65 20 3d 3d 3d 20 27 69
6e 73 74 61 6c 6c 65 64  27 20 26 26 20 69 6e 73
74 61 6c 6c 52 65 73 75  6c 74 49 74 65 6d 73 2e
6c 65 6e 67 74 68 20 3e  20 30 20 26 26 20 28 0a
20 20 20 20 20 20 20 20  20 20 20 20 20 20 20 20
20 20 20 20 20 20 20 20  20 20 20 20 20 20 20 20
3c 64 69 76 20 63 6c 61  73 73 4e 61 6d 65 3d 22
61 70 70 73 2d 69 6e 73  74 61 6c 6c 2d 72 65 73
75 6c 74 22 20 72 6f 6c  65 3d 22 6c 69 73 74 22
20 61 72 69 61 2d 6c 61  62 65 6c 3d 7b 74 65 78
74 2e 69 6e 73 74 61 6c  6c 44 65 74 61 69 6c 73
7d 3e 0a 20 20 20 20 20  20 20 20 20 20 20 20 20
20 20 20 20 20 20 20 20  20 20 20 20 20 20 20 20
20 20 20 20 20 20 20 7b  69 6e 73 74 61 6c 6c 52
65 73 75 6c 74 49 74 65  6d 73 2e 6d 61 70 28 28
69 74 65 6d 29 20 3d 3e  20 28 0a 20 20 20 20 20
20 20 20 20 20 20 20 20  20 20 20 20 20 20 20 20
20 20 20 20 20 20 20 20  20 20 20 20 20 20 20 20
20 20 20 3c 64 69 76 20  63 6c 61 73 73 4e 61 6d
65 3d 22 61 70 70 73 2d  69 6e 73 74 61 6c 6c 2d
72 65 73 75 6c 74 5f 5f  72 6f 77 22 20 64 61 74
61 2d 61 63 74 69 6f 6e  3d 7b 69 74 65 6d 2e 61
63 74 69 6f 6e 7d 20 72  6f 6c 65 3d 22 6c 69 73
74 69 74 65 6d 22 20 6b  65 79 3d 7b 69 74 65 6d
2e 6b 65 79 7d 3e 0a 20  20 20 20 20 20 20 20 20
20 20 20 20 20 20 20 20  20 20 20 20 20 20 20 20
20 20 20 20 20 20 20 20  20 20 20 20 20 20 20 20
20 20 20 3c 73 70 61 6e  20 63 6c 61 73 73 4e 61
6d 65 3d 22 61 70 70 73  2d 61 70 70 2d 69 63 6f
6e 22 20 73 74 79 6c 65  3d 7b 7b 20 27 2d 2d 61
70 70 73 2d 69 63 6f 6e  2d 63 6f 6c 6f 72 27 3a
20 69 74 65 6d 2e 61 63  63 65 6e 74 20 7d 20 61
73 20 43 53 53 50 72 6f  70 65 72 74 69 65 73 7d
3e 3c 49 63 6f 6e 20 6e  61 6d 65 3d 7b 69 74 65
6d 2e 69 63 6f 6e 7d 20  2f 3e 3c 2f 73 70 61 6e
3e 0a 20 20 20 20 20 20  20 20 20 20 20 20 20 20
20 20 20 20 20 20 20 20  20 20 20 20 20 20 20 20
20 20 20 20 20 20 20 20  20 20 20 20 20 20 3c 73
74 72 6f 6e 67 3e 7b 69  74 65 6d 2e 6e 61 6d 65
7d 3c 2f 73 74 72 6f 6e  67 3e 0a 20 20 20 20 20
20 20 20 20 20 20 20 20  20 20 20 20 20 20 20 20
20 20 20 20 20 20 20 20  20 20 20 20 20 20 20 20
20 20 20 20 20 20 20 3c  65 6d 3e 7b 69 74 65 6d
2e 61 63 74 69 6f 6e 20  3d 3d 3d 20 27 75 70 67
72 61 64 65 64 27 20 3f  20 74 65 78 74 2e 75 70
67 72 61 64 65 64 49 74  65 6d 20 3a 20 69 74 65
6d 2e 61 63 74 69 6f 6e  20 3d 3d 3d 20 27 69 6e
73 74 61 6c 6c 65 64 27  20 3f 20 74 65 78 74 2e
69 6e 73 74 61 6c 6c 65  64 43 6f 75 6e 74 20 3a
20 74 65 78 74 2e 73 6b  69 70 70 65 64 49 74 65
6d 7d 3c 2f 65 6d 3e 0a  20 20 20 20 20 20 20 20
20 20 20 20 20 20 20 20  20 20 20 20 20 20 20 20
20 20 20 20 20 20 20 20  20 20 20 20 20 20 20 20
20 20 20 20 3c 73 6d 61  6c 6c 3e 7b 69 74 65 6d
2e 64 65 74 61 69 6c 7d  3c 2f 73 6d 61 6c 6c 3e
0a 20 20 20 20 20 20 20  20 20 20 20 20 20 20 20
20 20 20 20 20 20 20 20  20 20 20 20 20 20 20 20
20 20 20 20 20 20 20 20  20 3c 2f 64 69 76 3e 0a
20 20 20 20 20 20 20 20  20 20 20 20 20 20 20 20
20 20 20 20 20 20 20 20  20 20 20 20 20 20 20 20
20 20 20 20 29 29 7d 0a  20 20 20 20 20 20 20 20
20 20 20 20 20 20 20 20  20 20 20 20 20 20 20 20
20 20 20 20 20 20 20 20  3c 2f 64 69 76 3e 0a 20
20 20 20 20 20 20 20 20  20 20 20 20 20 20 20 20
20 20 20 20 20 20 20 20  20 20 20 29 7d 0a 20 20
20 20 20 20 20 20 20 20  20 20 20 20 20 20 20 20
20 20 20 20 20 20 3c 2f  64 69 76 3e 0a 20 20 20
20 20 20 20 20 20 20 20  20 20 20 20 20 20 20 20
20 29 7d 0a 20 20 20 20  20 20 20 20 20 20 20 20
20 20 20 20 3c 2f 64 69  76 3e 0a 20 20 20 20 20
20 20 20 20 20 20 20 3c  2f 64 65 74 61 69 6c 73
3e 0a 20 20 20 20 20 20  20 20 3c 2f 3e 0a 20 20
20 20 29 3b 0a 7d 3b 0a  0a 65 78 70 6f 72 74 20
64 65 66 61 75 6c 74 20  41 70 70 73 50 61 67 65
3b 0a
